resource	path	type	required	default	validation	classification	owner	mutability	enforcement	moduleInteraction	migration	rule	purpose	decision
OpenBaoCluster	spec	object	true	-	cel=[{"rule":"!has(self.recoveryKeys) || !has(self.recoveryKeys.initial) || (has(self.selfInit) \u0026\u0026 self.selfInit.enabled)","message":"spec.recoveryKeys.initial requires spec.selfInit.enabled=true"},{"rule":"!has(self.recoveryKeys) || !has(self.recoveryKeys.initial) || (has(self.unseal) \u0026\u0026 self.unseal.type != 'static')","message":"spec.recoveryKeys.initial requires a non-static spec.unseal.type"},{"rule":"!has(self.unseal) || self.unseal.type != 'ocikms' || !has(self.unseal.credentialsSecretRef) || (has(self.unseal.ocikms) \u0026\u0026 has(self.unseal.ocikms.authTypeAPIKey) \u0026\u0026 self.unseal.ocikms.authTypeAPIKey == true)","message":"spec.unseal.credentialsSecretRef for ocikms requires spec.unseal.ocikms.authTypeAPIKey=true"},{"rule":"self.tls.mode != 'ACME' || ((self.replicas \u003c= 1) \u0026\u0026 (!has(self.upgrade) || self.upgrade.strategy != 'BlueGreen')) || (has(self.tls.acme) \u0026\u0026 has(self.tls.acme.sharedCache))","message":"HA ACME clusters require spec.tls.acme.sharedCache when more than one Pod can serve the same hostname"},{"rule":"self.tls.mode != 'OperatorManaged' || (has(self.tls.rotationPeriod) \u0026\u0026 size(self.tls.rotationPeriod) \u003e 0)","message":"spec.tls.rotationPeriod is required when spec.tls.mode is OperatorManaged"},{"rule":"self.tls.mode == 'ACME' || !has(self.tls.acme) || !has(self.tls.acme.sharedCache)","message":"spec.tls.acme.sharedCache is only supported when spec.tls.mode is ACME"}]	schema-root	schema	-	crd-schema	-	-	schema-root	Spec defines the desired state of OpenBaoCluster.	-
OpenBaoCluster	spec.audit	array<object>	false	-	x-kubernetes-list-type=map; x-kubernetes-list-map-keys=path	additive-unfrozen	configuration	mutable	crd-schema,controller	none	required-if-changed	spec.audit	Audit configures declarative audit devices for the OpenBao cluster.	Declarative audit devices are supported, but the advanced fallback contract still needs a freeze decision.
OpenBaoCluster	spec.auditFileStorage	object	false	-	cel=[{"rule":"!has(self.mountPath) || (self.mountPath.startsWith('/') \u0026\u0026 self.mountPath != '/')","message":"auditFileStorage.mountPath must be an absolute path and must not be /"},{"rule":"self.mode != 'ExistingPVC' || !has(self.size) || size(self.size) == 0","message":"auditFileStorage.size is only supported when mode is ManagedPVC"},{"rule":"self.mode != 'ExistingPVC' || !has(self.storageClassName) || size(self.storageClassName) == 0","message":"auditFileStorage.storageClassName is only supported when mode is ManagedPVC"},{"rule":"self.mode != 'ExistingPVC' || size(self.existingClaimName) \u003e 0","message":"auditFileStorage.existingClaimName is required when mode is ExistingPVC"},{"rule":"self.mode != 'ManagedPVC' || !has(self.existingClaimName) || size(self.existingClaimName) == 0","message":"auditFileStorage.existingClaimName is only supported when mode is ExistingPVC"},{"rule":"self.mode != 'ManagedPVC' || size(self.size) \u003e 0","message":"auditFileStorage.size is required when mode is ManagedPVC"}]	additive-unfrozen	configuration	mutable	crd-schema,controller	none	required-if-changed	spec.auditFileStorage	AuditFileStorage configures a shared filesystem integration point for file audit devices.	-
OpenBaoCluster	spec.auditFileStorage.existingClaimName	string	false	-	minLength=1	additive-unfrozen	configuration	mutable	crd-schema,controller	none	required-if-changed	spec.auditFileStorage	ExistingClaimName is the name of a pre-created RWX PVC in the same namespace.	-
OpenBaoCluster	spec.auditFileStorage.mode	string	true	-	enum="ManagedPVC","ExistingPVC"	additive-unfrozen	configuration	mutable	crd-schema,controller	none	required-if-changed	spec.auditFileStorage	Mode selects whether the operator creates a dedicated RWX PVC or mounts an existing one.	-
OpenBaoCluster	spec.auditFileStorage.mountPath	string	false	"/openbao/audit"	-	additive-unfrozen	configuration	mutable	crd-schema,controller	none	required-if-changed	spec.auditFileStorage	MountPath is where the audit file storage PVC is mounted in OpenBao Pods.	-
OpenBaoCluster	spec.auditFileStorage.size	string	false	-	minLength=1	additive-unfrozen	configuration	mutable	crd-schema,controller	none	required-if-changed	spec.auditFileStorage	Size is the requested capacity for the managed audit file storage PVC.	-
OpenBaoCluster	spec.auditFileStorage.storageClassName	string	false	-	-	additive-unfrozen	configuration	mutable	crd-schema,controller	none	required-if-changed	spec.auditFileStorage	StorageClassName is an optional StorageClass for the managed audit file storage PVC.	-
OpenBaoCluster	spec.audit[]	object	false	-	cel=[{"rule":"self.type == 'file' || !has(self.fileOptions)","message":"fileOptions is only supported when type is file"},{"rule":"self.type == 'http' || !has(self.httpOptions)","message":"httpOptions is only supported when type is http"},{"rule":"self.type == 'socket' || !has(self.socketOptions)","message":"socketOptions is only supported when type is socket"},{"rule":"self.type == 'syslog' || !has(self.syslogOptions)","message":"syslogOptions is only supported when type is syslog"}]	additive-unfrozen	configuration	mutable	crd-schema,controller	none	required-if-changed	spec.audit	AuditDevice defines a declarative audit device configuration.	Declarative audit devices are supported, but the advanced fallback contract still needs a freeze decision.
OpenBaoCluster	spec.audit[].description	string	false	-	-	additive-unfrozen	configuration	mutable	crd-schema,controller	none	required-if-changed	spec.audit	Description is an optional description for the audit device.	Declarative audit devices are supported, but the advanced fallback contract still needs a freeze decision.
OpenBaoCluster	spec.audit[].fileOptions	object	false	-	-	additive-unfrozen	configuration	mutable	crd-schema,controller	none	required-if-changed	spec.audit	FileOptions configures options for file audit devices.	Declarative audit devices are supported, but the advanced fallback contract still needs a freeze decision.
OpenBaoCluster	spec.audit[].fileOptions.filePath	string	true	-	minLength=1	additive-unfrozen	configuration	mutable	crd-schema,controller	none	required-if-changed	spec.audit	FilePath is the path to where the audit log will be written.	Declarative audit devices are supported, but the advanced fallback contract still needs a freeze decision.
OpenBaoCluster	spec.audit[].fileOptions.mode	string	false	-	-	additive-unfrozen	configuration	mutable	crd-schema,controller	none	required-if-changed	spec.audit	Mode is a string containing an octal number representing the bit pattern for the file mode.	Declarative audit devices are supported, but the advanced fallback contract still needs a freeze decision.
OpenBaoCluster	spec.audit[].httpOptions	object	false	-	-	additive-unfrozen	configuration	mutable	crd-schema,controller	none	required-if-changed	spec.audit	HTTPOptions configures options for HTTP audit devices.	Declarative audit devices are supported, but the advanced fallback contract still needs a freeze decision.
OpenBaoCluster	spec.audit[].httpOptions.headers	unknown	false	-	x-kubernetes-preserve-unknown-fields	additive-unfrozen	configuration	mutable	crd-schema,controller	none	required-if-changed	spec.audit	Headers is a JSON object describing headers.	Declarative audit devices are supported, but the advanced fallback contract still needs a freeze decision.
OpenBaoCluster	spec.audit[].httpOptions.uri	string	true	-	minLength=1	additive-unfrozen	configuration	mutable	crd-schema,controller	none	required-if-changed	spec.audit	URI is the URI of the remote server where the audit logs will be written.	Declarative audit devices are supported, but the advanced fallback contract still needs a freeze decision.
OpenBaoCluster	spec.audit[].options	unknown	false	-	x-kubernetes-preserve-unknown-fields	additive-unfrozen	configuration	mutable	crd-schema,controller	none	required-if-changed	spec.audit[].options	Options contains device-specific configuration options as a string map.	Raw scalar options remain supported for backward compatibility and advanced OpenBao settings, but are not part of the beta-stable subset.
OpenBaoCluster	spec.audit[].path	string	true	-	minLength=1	additive-unfrozen	configuration	mutable	crd-schema,controller	none	required-if-changed	spec.audit	Path is the path of the audit device in the root namespace.	Declarative audit devices are supported, but the advanced fallback contract still needs a freeze decision.
OpenBaoCluster	spec.audit[].socketOptions	object	false	-	-	additive-unfrozen	configuration	mutable	crd-schema,controller	none	required-if-changed	spec.audit	SocketOptions configures options for socket audit devices.	Declarative audit devices are supported, but the advanced fallback contract still needs a freeze decision.
OpenBaoCluster	spec.audit[].socketOptions.address	string	false	-	-	additive-unfrozen	configuration	mutable	crd-schema,controller	none	required-if-changed	spec.audit	Address is the socket server address to use.	Declarative audit devices are supported, but the advanced fallback contract still needs a freeze decision.
OpenBaoCluster	spec.audit[].socketOptions.socketType	string	false	-	-	additive-unfrozen	configuration	mutable	crd-schema,controller	none	required-if-changed	spec.audit	SocketType is the socket type to use, any type compatible with net.Dial is acceptable.	Declarative audit devices are supported, but the advanced fallback contract still needs a freeze decision.
OpenBaoCluster	spec.audit[].socketOptions.writeTimeout	string	false	-	-	additive-unfrozen	configuration	mutable	crd-schema,controller	none	required-if-changed	spec.audit	WriteTimeout is the (deadline) time in seconds to allow writes to be completed over the socket.	Declarative audit devices are supported, but the advanced fallback contract still needs a freeze decision.
OpenBaoCluster	spec.audit[].syslogOptions	object	false	-	-	additive-unfrozen	configuration	mutable	crd-schema,controller	none	required-if-changed	spec.audit	SyslogOptions configures options for syslog audit devices.	Declarative audit devices are supported, but the advanced fallback contract still needs a freeze decision.
OpenBaoCluster	spec.audit[].syslogOptions.facility	string	false	-	-	additive-unfrozen	configuration	mutable	crd-schema,controller	none	required-if-changed	spec.audit	Facility is the syslog facility to use.	Declarative audit devices are supported, but the advanced fallback contract still needs a freeze decision.
OpenBaoCluster	spec.audit[].syslogOptions.tag	string	false	-	-	additive-unfrozen	configuration	mutable	crd-schema,controller	none	required-if-changed	spec.audit	Tag is the syslog tag to use.	Declarative audit devices are supported, but the advanced fallback contract still needs a freeze decision.
OpenBaoCluster	spec.audit[].type	string	true	-	minLength=1; enum="file","syslog","socket","http"	additive-unfrozen	configuration	mutable	crd-schema,controller	none	required-if-changed	spec.audit	Type is the type of audit device (e.g., "file", "syslog", "socket", "http").	Declarative audit devices are supported, but the advanced fallback contract still needs a freeze decision.
OpenBaoCluster	spec.backup	object	false	-	-	beta-stable	backup	mutable	crd-schema,admission-policy,controller	none	required-if-changed	spec.backup	Backup configures scheduled backups for the cluster.	omission: scheduled backups are disabled
OpenBaoCluster	spec.backup.image	string	false	-	-	beta-stable	backup	mutable	crd-schema,admission-policy,controller	none	required-if-changed	spec.backup.image	Image is the container image to use for backup operations.	omission: controller derives the backup image repository and operator-version tag
OpenBaoCluster	spec.backup.jwtAuthRole	string	false	-	-	beta-stable	backup	mutable	crd-schema,admission-policy,controller	none	required-if-changed	spec.backup.jwtAuthRole	JWTAuthRole is the name of the JWT Auth role configured in OpenBao for backup operations.	omission: self-init OIDC uses the operator-managed backup role; otherwise token authentication applies
OpenBaoCluster	spec.backup.restoreTest	object	false	-	cel=[{"rule":"has(self.schedule) != has(self.everySuccessfulBackups)","message":"choose a schedule or everySuccessfulBackups"},{"rule":"self.clusterTemplate.tls.mode == 'OperatorManaged'","message":"scheduled restore tests require OperatorManaged TLS for generated target names"}]	additive-unfrozen	backup	mutable	crd-schema,admission-policy,controller	none	required-if-changed	spec.backup.restoreTest	RestoreTest periodically restores the latest successful snapshot into a disposable target.	-
OpenBaoCluster	spec.backup.restoreTest.cleanupAfterSeconds	integer	false	-	format=int32; minimum=0; maximum=86400	additive-unfrozen	backup	mutable	crd-schema,admission-policy,controller	none	required-if-changed	spec.backup.restoreTest	CleanupAfterSeconds delays deletion after snapshot application to permit inspection.	-
OpenBaoCluster	spec.backup.restoreTest.clusterTemplate	object	true	-	cel=[{"rule":"!has(self.initContainer) || self.initContainer.enabled","message":"restore targets require the configuration init container"},{"rule":"!has(self.plugins) || self.plugins.all(p, p.type == 'kms')","message":"restore target plugins are limited to KMS seal plugins"},{"rule":"!has(self.unseal.transit) || (has(self.unseal.credentialsSecretRef) \u0026\u0026 size(self.unseal.credentialsSecretRef.name) \u003e 0 \u0026\u0026 (!has(self.unseal.transit.token) || size(self.unseal.transit.token) == 0) \u0026\u0026 (!has(self.unseal.transit.tlsSkipVerify) || !self.unseal.transit.tlsSkipVerify))","message":"Transit restore targets require credential references and TLS verification"},{"rule":"self.tls.enabled \u0026\u0026 self.tls.mode in ['OperatorManaged', 'External'] \u0026\u0026 !has(self.tls.acme)","message":"restore targets require OperatorManaged or External TLS"},{"rule":"self.unseal.type != 'static' || (has(self.unseal.credentialsSecretRef) \u0026\u0026 size(self.unseal.credentialsSecretRef.name) \u003e 0)","message":"static restore targets require the snapshot's static key in credentialsSecretRef"},{"rule":"self.unseal.type in ['static', 'transit', 'kmip', 'kms'] || (has(self.plugins) \u0026\u0026 self.plugins.exists(p, p.type == 'kms' \u0026\u0026 p.name == self.unseal.type))","message":"OpenBao 2.7 restore targets require a matching KMS plugin for external seal providers"}]	additive-unfrozen	backup	mutable	crd-schema,admission-policy,controller	none	required-if-changed	spec.backup.restoreTest	RestoreClusterTemplate is the supported fresh recovery target profile.	-
OpenBaoCluster	spec.backup.restoreTest.clusterTemplate.image	string	false	-	-	additive-unfrozen	backup	mutable	crd-schema,admission-policy,controller	none	required-if-changed	spec.backup.restoreTest	Image defaults to the version-derived image.	-
OpenBaoCluster	spec.backup.restoreTest.clusterTemplate.imagePullSecrets	array<object>	false	-	maxItems=2	additive-unfrozen	backup	mutable	crd-schema,admission-policy,controller	none	required-if-changed	spec.backup.restoreTest	-	-
OpenBaoCluster	spec.backup.restoreTest.clusterTemplate.imagePullSecrets[]	object	false	-	x-kubernetes-map-type=atomic	additive-unfrozen	backup	mutable	crd-schema,admission-policy,controller	none	required-if-changed	spec.backup.restoreTest	LocalObjectReference contains enough information to let you locate the referenced object inside the same namespace.	-
OpenBaoCluster	spec.backup.restoreTest.clusterTemplate.imagePullSecrets[].name	string	false	""	-	additive-unfrozen	backup	mutable	crd-schema,admission-policy,controller	none	required-if-changed	spec.backup.restoreTest	Name of the referent.	-
OpenBaoCluster	spec.backup.restoreTest.clusterTemplate.initContainer	object	false	-	-	additive-unfrozen	backup	mutable	crd-schema,admission-policy,controller	none	required-if-changed	spec.backup.restoreTest	InitContainerConfig configures the init container used to render OpenBao configuration.	-
OpenBaoCluster	spec.backup.restoreTest.clusterTemplate.initContainer.enabled	boolean	false	true	-	additive-unfrozen	backup	mutable	crd-schema,admission-policy,controller	none	required-if-changed	spec.backup.restoreTest	Enabled controls whether the init container is used to render the configuration.	-
OpenBaoCluster	spec.backup.restoreTest.clusterTemplate.initContainer.image	string	false	-	-	additive-unfrozen	backup	mutable	crd-schema,admission-policy,controller	none	required-if-changed	spec.backup.restoreTest	Image is the container image to use for the init container.	-
OpenBaoCluster	spec.backup.restoreTest.clusterTemplate.plugins	array<object>	false	-	-	additive-unfrozen	backup	mutable	crd-schema,admission-policy,controller	none	required-if-changed	spec.backup.restoreTest	Plugins declares KMS seal plugins required by Unseal.	-
OpenBaoCluster	spec.backup.restoreTest.clusterTemplate.plugins[]	object	false	-	-	additive-unfrozen	backup	mutable	crd-schema,admission-policy,controller	none	required-if-changed	spec.backup.restoreTest	Plugin defines a declarative plugin configuration.	-
OpenBaoCluster	spec.backup.restoreTest.clusterTemplate.plugins[].args	array<string>	false	-	-	additive-unfrozen	backup	mutable	crd-schema,admission-policy,controller	none	required-if-changed	spec.backup.restoreTest	Args are arguments to pass to the running plugin.	-
OpenBaoCluster	spec.backup.restoreTest.clusterTemplate.plugins[].args[]	string	false	-	-	additive-unfrozen	backup	mutable	crd-schema,admission-policy,controller	none	required-if-changed	spec.backup.restoreTest	-	-
OpenBaoCluster	spec.backup.restoreTest.clusterTemplate.plugins[].binaryName	string	false	-	minLength=1	additive-unfrozen	backup	mutable	crd-schema,admission-policy,controller	none	required-if-changed	spec.backup.restoreTest	BinaryName is the name of the plugin binary file within the OCI image.	-
OpenBaoCluster	spec.backup.restoreTest.clusterTemplate.plugins[].command	string	false	-	-	additive-unfrozen	backup	mutable	crd-schema,admission-policy,controller	none	required-if-changed	spec.backup.restoreTest	Command is the command name of a manually downloaded plugin.	-
OpenBaoCluster	spec.backup.restoreTest.clusterTemplate.plugins[].env	array<string>	false	-	-	additive-unfrozen	backup	mutable	crd-schema,admission-policy,controller	none	required-if-changed	spec.backup.restoreTest	Env are environment variables to pass to the running plugin.	-
OpenBaoCluster	spec.backup.restoreTest.clusterTemplate.plugins[].env[]	string	false	-	-	additive-unfrozen	backup	mutable	crd-schema,admission-policy,controller	none	required-if-changed	spec.backup.restoreTest	-	-
OpenBaoCluster	spec.backup.restoreTest.clusterTemplate.plugins[].image	string	false	-	-	additive-unfrozen	backup	mutable	crd-schema,admission-policy,controller	none	required-if-changed	spec.backup.restoreTest	Image is the OCI image URL including registry and repository.	-
OpenBaoCluster	spec.backup.restoreTest.clusterTemplate.plugins[].name	string	true	-	minLength=1	additive-unfrozen	backup	mutable	crd-schema,admission-policy,controller	none	required-if-changed	spec.backup.restoreTest	Name is the name of the plugin.	-
OpenBaoCluster	spec.backup.restoreTest.clusterTemplate.plugins[].sha256sum	string	false	-	pattern=^[0-9a-fA-F]{64}$; minLength=64; maxLength=64	additive-unfrozen	backup	mutable	crd-schema,admission-policy,controller	none	required-if-changed	spec.backup.restoreTest	SHA256Sum is the expected SHA256 checksum of the plugin binary.	-
OpenBaoCluster	spec.backup.restoreTest.clusterTemplate.plugins[].type	string	true	-	minLength=1	additive-unfrozen	backup	mutable	crd-schema,admission-policy,controller	none	required-if-changed	spec.backup.restoreTest	Type is the plugin type (e.g., "secret", "auth").	-
OpenBaoCluster	spec.backup.restoreTest.clusterTemplate.plugins[].version	string	false	-	minLength=1	additive-unfrozen	backup	mutable	crd-schema,admission-policy,controller	none	required-if-changed	spec.backup.restoreTest	Version is the plugin version and, when Image has no tag, the image tag.	-
OpenBaoCluster	spec.backup.restoreTest.clusterTemplate.podMetadata	object	false	-	-	additive-unfrozen	backup	mutable	crd-schema,admission-policy,controller	none	required-if-changed	spec.backup.restoreTest	PodMetadata supplies provider-specific workload identity metadata.	-
OpenBaoCluster	spec.backup.restoreTest.clusterTemplate.podMetadata.annotations	object	false	-	additionalProperties=true	additive-unfrozen	backup	mutable	crd-schema,admission-policy,controller	none	required-if-changed	spec.backup.restoreTest	Annotations are merged into the generated OpenBao Pod template annotations.	-
OpenBaoCluster	spec.backup.restoreTest.clusterTemplate.podMetadata.annotations.*	string	false	-	-	additive-unfrozen	backup	mutable	crd-schema,admission-policy,controller	none	required-if-changed	spec.backup.restoreTest	-	-
OpenBaoCluster	spec.backup.restoreTest.clusterTemplate.podMetadata.labels	object	false	-	additionalProperties=true	additive-unfrozen	backup	mutable	crd-schema,admission-policy,controller	none	required-if-changed	spec.backup.restoreTest	Labels are merged into the generated OpenBao Pod template labels.	-
OpenBaoCluster	spec.backup.restoreTest.clusterTemplate.podMetadata.labels.*	string	false	-	-	additive-unfrozen	backup	mutable	crd-schema,admission-policy,controller	none	required-if-changed	spec.backup.restoreTest	-	-
OpenBaoCluster	spec.backup.restoreTest.clusterTemplate.resources	object	false	-	-	additive-unfrozen	backup	mutable	crd-schema,admission-policy,controller	none	required-if-changed	spec.backup.restoreTest	ResourceRequirements describes the compute resource requirements.	-
OpenBaoCluster	spec.backup.restoreTest.clusterTemplate.resources.claims	array<object>	false	-	x-kubernetes-list-type=map; x-kubernetes-list-map-keys=name	additive-unfrozen	backup	mutable	crd-schema,admission-policy,controller	none	required-if-changed	spec.backup.restoreTest	Claims lists the names of resources, defined in spec.resourceClaims, that are used by this container.	-
OpenBaoCluster	spec.backup.restoreTest.clusterTemplate.resources.claims[]	object	false	-	-	additive-unfrozen	backup	mutable	crd-schema,admission-policy,controller	none	required-if-changed	spec.backup.restoreTest	ResourceClaim references one entry in PodSpec.ResourceClaims.	-
OpenBaoCluster	spec.backup.restoreTest.clusterTemplate.resources.claims[].name	string	true	-	-	additive-unfrozen	backup	mutable	crd-schema,admission-policy,controller	none	required-if-changed	spec.backup.restoreTest	Name must match the name of one entry in pod.spec.resourceClaims of the Pod where this field is used.	-
OpenBaoCluster	spec.backup.restoreTest.clusterTemplate.resources.claims[].request	string	false	-	-	additive-unfrozen	backup	mutable	crd-schema,admission-policy,controller	none	required-if-changed	spec.backup.restoreTest	Request is the name chosen for a request in the referenced claim.	-
OpenBaoCluster	spec.backup.restoreTest.clusterTemplate.resources.limits	object	false	-	additionalProperties=true	additive-unfrozen	backup	mutable	crd-schema,admission-policy,controller	none	required-if-changed	spec.backup.restoreTest	Limits describes the maximum amount of compute resources allowed.	-
OpenBaoCluster	spec.backup.restoreTest.clusterTemplate.resources.limits.*	anyOf	false	-	pattern=^(\+|-)?(([0-9]+(\.[0-9]*)?)|(\.[0-9]+))(([KMGTPE]i)|[numkMGTPE]|([eE](\+|-)?(([0-9]+(\.[0-9]*)?)|(\.[0-9]+))))?$; x-kubernetes-int-or-string	additive-unfrozen	backup	mutable	crd-schema,admission-policy,controller	none	required-if-changed	spec.backup.restoreTest	-	-
OpenBaoCluster	spec.backup.restoreTest.clusterTemplate.resources.limits.*.anyOf[0]	integer	false	-	-	additive-unfrozen	backup	mutable	crd-schema,admission-policy,controller	none	required-if-changed	spec.backup.restoreTest	-	-
OpenBaoCluster	spec.backup.restoreTest.clusterTemplate.resources.limits.*.anyOf[1]	string	false	-	-	additive-unfrozen	backup	mutable	crd-schema,admission-policy,controller	none	required-if-changed	spec.backup.restoreTest	-	-
OpenBaoCluster	spec.backup.restoreTest.clusterTemplate.resources.requests	object	false	-	additionalProperties=true	additive-unfrozen	backup	mutable	crd-schema,admission-policy,controller	none	required-if-changed	spec.backup.restoreTest	Requests describes the minimum amount of compute resources required.	-
OpenBaoCluster	spec.backup.restoreTest.clusterTemplate.resources.requests.*	anyOf	false	-	pattern=^(\+|-)?(([0-9]+(\.[0-9]*)?)|(\.[0-9]+))(([KMGTPE]i)|[numkMGTPE]|([eE](\+|-)?(([0-9]+(\.[0-9]*)?)|(\.[0-9]+))))?$; x-kubernetes-int-or-string	additive-unfrozen	backup	mutable	crd-schema,admission-policy,controller	none	required-if-changed	spec.backup.restoreTest	-	-
OpenBaoCluster	spec.backup.restoreTest.clusterTemplate.resources.requests.*.anyOf[0]	integer	false	-	-	additive-unfrozen	backup	mutable	crd-schema,admission-policy,controller	none	required-if-changed	spec.backup.restoreTest	-	-
OpenBaoCluster	spec.backup.restoreTest.clusterTemplate.resources.requests.*.anyOf[1]	string	false	-	-	additive-unfrozen	backup	mutable	crd-schema,admission-policy,controller	none	required-if-changed	spec.backup.restoreTest	-	-
OpenBaoCluster	spec.backup.restoreTest.clusterTemplate.serviceAccount	object	false	-	-	additive-unfrozen	backup	mutable	crd-schema,admission-policy,controller	none	required-if-changed	spec.backup.restoreTest	ServiceAccount configures credentials supplied through workload identity.	-
OpenBaoCluster	spec.backup.restoreTest.clusterTemplate.serviceAccount.annotations	object	false	-	additionalProperties=true	additive-unfrozen	backup	mutable	crd-schema,admission-policy,controller	none	required-if-changed	spec.backup.restoreTest	Annotations to add to the ServiceAccount.	-
OpenBaoCluster	spec.backup.restoreTest.clusterTemplate.serviceAccount.annotations.*	string	false	-	-	additive-unfrozen	backup	mutable	crd-schema,admission-policy,controller	none	required-if-changed	spec.backup.restoreTest	-	-
OpenBaoCluster	spec.backup.restoreTest.clusterTemplate.serviceAccount.name	string	false	-	-	additive-unfrozen	backup	mutable	crd-schema,admission-policy,controller	none	required-if-changed	spec.backup.restoreTest	Name overrides the generated ServiceAccount name.	-
OpenBaoCluster	spec.backup.restoreTest.clusterTemplate.storage	object	true	-	-	additive-unfrozen	backup	mutable	crd-schema,admission-policy,controller	none	required-if-changed	spec.backup.restoreTest	StorageConfig captures storage-related configuration for the StatefulSet.	-
OpenBaoCluster	spec.backup.restoreTest.clusterTemplate.storage.size	string	true	-	minLength=1	additive-unfrozen	backup	mutable	crd-schema,admission-policy,controller	none	required-if-changed	spec.backup.restoreTest	Size is the requested persistent volume size, for example "10Gi".	-
OpenBaoCluster	spec.backup.restoreTest.clusterTemplate.storage.storageClassName	string	false	-	-	additive-unfrozen	backup	mutable	crd-schema,admission-policy,controller	none	required-if-changed	spec.backup.restoreTest	StorageClassName is an optional StorageClass for the PVCs.	-
OpenBaoCluster	spec.backup.restoreTest.clusterTemplate.tls	object	true	-	-	additive-unfrozen	backup	mutable	crd-schema,admission-policy,controller	none	required-if-changed	spec.backup.restoreTest	TLSConfig captures TLS configuration for an OpenBaoCluster.	-
OpenBaoCluster	spec.backup.restoreTest.clusterTemplate.tls.acme	object	false	-	-	additive-unfrozen	backup	mutable	crd-schema,admission-policy,controller	none	required-if-changed	spec.backup.restoreTest	ACME configures settings when Mode is 'ACME'.	-
OpenBaoCluster	spec.backup.restoreTest.clusterTemplate.tls.acme.directoryURL	string	true	-	minLength=1	additive-unfrozen	backup	mutable	crd-schema,admission-policy,controller	none	required-if-changed	spec.backup.restoreTest	DirectoryURL is the ACME directory URL (e.g., "https://acme-v02.api.letsencrypt.org/directory").	-
OpenBaoCluster	spec.backup.restoreTest.clusterTemplate.tls.acme.domains	array<string>	false	-	minItems=1	additive-unfrozen	backup	mutable	crd-schema,admission-policy,controller	none	required-if-changed	spec.backup.restoreTest	Domains is the list of domain names for which to obtain the certificate.	-
OpenBaoCluster	spec.backup.restoreTest.clusterTemplate.tls.acme.domains[]	string	false	-	-	additive-unfrozen	backup	mutable	crd-schema,admission-policy,controller	none	required-if-changed	spec.backup.restoreTest	-	-
OpenBaoCluster	spec.backup.restoreTest.clusterTemplate.tls.acme.email	string	false	-	-	additive-unfrozen	backup	mutable	crd-schema,admission-policy,controller	none	required-if-changed	spec.backup.restoreTest	Email is the email address to use for ACME registration.	-
OpenBaoCluster	spec.backup.restoreTest.clusterTemplate.tls.acme.sharedCache	object	false	-	cel=[{"rule":"self.mode != 'ExistingPVC' || !has(self.size) || size(self.size) == 0","message":"tls.acme.sharedCache.size is only supported when mode is ManagedPVC"},{"rule":"self.mode != 'ExistingPVC' || !has(self.storageClassName) || size(self.storageClassName) == 0","message":"tls.acme.sharedCache.storageClassName is only supported when mode is ManagedPVC"},{"rule":"self.mode != 'ExistingPVC' || size(self.existingClaimName) \u003e 0","message":"tls.acme.sharedCache.existingClaimName is required when mode is ExistingPVC"},{"rule":"self.mode != 'ManagedPVC' || !has(self.existingClaimName) || size(self.existingClaimName) == 0","message":"tls.acme.sharedCache.existingClaimName is only supported when mode is ExistingPVC"},{"rule":"self.mode != 'ManagedPVC' || size(self.size) \u003e 0","message":"tls.acme.sharedCache.size is required when mode is ManagedPVC"}]	additive-unfrozen	backup	mutable	crd-schema,admission-policy,controller	none	required-if-changed	spec.backup.restoreTest	SharedCache configures a filesystem cache shared across OpenBao replicas for ACME account and certificate state.	-
OpenBaoCluster	spec.backup.restoreTest.clusterTemplate.tls.acme.sharedCache.existingClaimName	string	false	-	minLength=1	additive-unfrozen	backup	mutable	crd-schema,admission-policy,controller	none	required-if-changed	spec.backup.restoreTest	ExistingClaimName is the name of a pre-created RWX PVC in the same namespace.	-
OpenBaoCluster	spec.backup.restoreTest.clusterTemplate.tls.acme.sharedCache.mode	string	true	-	enum="ManagedPVC","ExistingPVC"	additive-unfrozen	backup	mutable	crd-schema,admission-policy,controller	none	required-if-changed	spec.backup.restoreTest	Mode selects whether the operator creates a dedicated RWX PVC or mounts an existing one.	-
OpenBaoCluster	spec.backup.restoreTest.clusterTemplate.tls.acme.sharedCache.size	string	false	-	minLength=1	additive-unfrozen	backup	mutable	crd-schema,admission-policy,controller	none	required-if-changed	spec.backup.restoreTest	Size is the requested capacity for the managed ACME cache PVC.	-
OpenBaoCluster	spec.backup.restoreTest.clusterTemplate.tls.acme.sharedCache.storageClassName	string	false	-	-	additive-unfrozen	backup	mutable	crd-schema,admission-policy,controller	none	required-if-changed	spec.backup.restoreTest	StorageClassName is an optional StorageClass for the managed ACME cache PVC.	-
OpenBaoCluster	spec.backup.restoreTest.clusterTemplate.tls.enabled	boolean	true	-	-	additive-unfrozen	backup	mutable	crd-schema,admission-policy,controller	none	required-if-changed	spec.backup.restoreTest	Enabled controls whether TLS is enabled for the cluster.	-
OpenBaoCluster	spec.backup.restoreTest.clusterTemplate.tls.extraSANs	array<string>	false	-	-	additive-unfrozen	backup	mutable	crd-schema,admission-policy,controller	none	required-if-changed	spec.backup.restoreTest	ExtraSANs lists additional subject alternative names for server certificates.	-
OpenBaoCluster	spec.backup.restoreTest.clusterTemplate.tls.extraSANs[]	string	false	-	-	additive-unfrozen	backup	mutable	crd-schema,admission-policy,controller	none	required-if-changed	spec.backup.restoreTest	-	-
OpenBaoCluster	spec.backup.restoreTest.clusterTemplate.tls.mode	string	false	"OperatorManaged"	-	additive-unfrozen	backup	mutable	crd-schema,admission-policy,controller	none	required-if-changed	spec.backup.restoreTest	Mode controls who manages the certificate lifecycle.	-
OpenBaoCluster	spec.backup.restoreTest.clusterTemplate.tls.mode.allOf[0]	unknown	false	-	enum="OperatorManaged","External","ACME"	additive-unfrozen	backup	mutable	crd-schema,admission-policy,controller	none	required-if-changed	spec.backup.restoreTest	-	-
OpenBaoCluster	spec.backup.restoreTest.clusterTemplate.tls.mode.allOf[1]	unknown	false	-	enum="OperatorManaged","External","ACME"	additive-unfrozen	backup	mutable	crd-schema,admission-policy,controller	none	required-if-changed	spec.backup.restoreTest	-	-
OpenBaoCluster	spec.backup.restoreTest.clusterTemplate.tls.rotationPeriod	string	false	-	minLength=1	additive-unfrozen	backup	mutable	crd-schema,admission-policy,controller	none	required-if-changed	spec.backup.restoreTest	RotationPeriod is a duration string (for example, "720h") controlling certificate rotation.	-
OpenBaoCluster	spec.backup.restoreTest.clusterTemplate.unseal	object	true	-	cel=[{"rule":"self.type == 'awskms' || !has(self.awskms)","message":"spec.unseal.awskms is only supported when spec.unseal.type is awskms"},{"rule":"self.type == 'azurekeyvault' || !has(self.azureKeyVault)","message":"spec.unseal.azureKeyVault is only supported when spec.unseal.type is azurekeyvault"},{"rule":"self.type == 'gcpckms' || !has(self.gcpCloudKMS)","message":"spec.unseal.gcpCloudKMS is only supported when spec.unseal.type is gcpckms"},{"rule":"self.type == 'kmip' || !has(self.kmip)","message":"spec.unseal.kmip is only supported when spec.unseal.type is kmip"},{"rule":"self.type == 'kms' || !has(self.kms)","message":"spec.unseal.kms is only supported when spec.unseal.type is kms"},{"rule":"self.type == 'ocikms' || !has(self.ocikms)","message":"spec.unseal.ocikms is only supported when spec.unseal.type is ocikms"},{"rule":"self.type == 'pkcs11' || !has(self.pkcs11)","message":"spec.unseal.pkcs11 is only supported when spec.unseal.type is pkcs11"},{"rule":"self.type == 'static' || !has(self.static)","message":"spec.unseal.static is only supported when spec.unseal.type is static"},{"rule":"self.type == 'static' || (self.type == 'transit' \u0026\u0026 has(self.transit)) || (self.type == 'awskms' \u0026\u0026 has(self.awskms)) || (self.type == 'azurekeyvault' \u0026\u0026 has(self.azureKeyVault)) || (self.type == 'gcpckms' \u0026\u0026 has(self.gcpCloudKMS)) || (self.type == 'kmip' \u0026\u0026 has(self.kmip)) || (self.type == 'kms' \u0026\u0026 has(self.kms)) || (self.type == 'ocikms' \u0026\u0026 has(self.ocikms)) || (self.type == 'pkcs11' \u0026\u0026 has(self.pkcs11))","message":"the selected spec.unseal.type requires its matching configuration block"},{"rule":"self.type == 'transit' || !has(self.transit)","message":"spec.unseal.transit is only supported when spec.unseal.type is transit"}]	additive-unfrozen	backup	mutable	crd-schema,admission-policy,controller	none	required-if-changed	spec.backup.restoreTest	Unseal uses the same provider configuration as OpenBaoCluster.	-
OpenBaoCluster	spec.backup.restoreTest.clusterTemplate.unseal.awskms	object	false	-	-	additive-unfrozen	backup	mutable	crd-schema,admission-policy,controller	none	required-if-changed	spec.backup.restoreTest	AWSKMS configures the AWS KMS seal type.	-
OpenBaoCluster	spec.backup.restoreTest.clusterTemplate.unseal.awskms.accessKey	string	false	-	-	additive-unfrozen	backup	mutable	crd-schema,admission-policy,controller	none	required-if-changed	spec.backup.restoreTest	AccessKey is the AWS access key ID to use.	-
OpenBaoCluster	spec.backup.restoreTest.clusterTemplate.unseal.awskms.endpoint	string	false	-	-	additive-unfrozen	backup	mutable	crd-schema,admission-policy,controller	none	required-if-changed	spec.backup.restoreTest	Endpoint is the KMS API endpoint to be used for AWS KMS requests.	-
OpenBaoCluster	spec.backup.restoreTest.clusterTemplate.unseal.awskms.kmsKeyID	string	true	-	minLength=1	additive-unfrozen	backup	mutable	crd-schema,admission-policy,controller	none	required-if-changed	spec.backup.restoreTest	KMSKeyID is the AWS KMS key ID or ARN to use for encryption and decryption.	-
OpenBaoCluster	spec.backup.restoreTest.clusterTemplate.unseal.awskms.region	string	true	-	minLength=1	additive-unfrozen	backup	mutable	crd-schema,admission-policy,controller	none	required-if-changed	spec.backup.restoreTest	Region is the AWS region where the encryption key lives.	-
OpenBaoCluster	spec.backup.restoreTest.clusterTemplate.unseal.awskms.secretKey	string	false	-	-	additive-unfrozen	backup	mutable	crd-schema,admission-policy,controller	none	required-if-changed	spec.backup.restoreTest	SecretKey is the AWS secret access key to use.	-
OpenBaoCluster	spec.backup.restoreTest.clusterTemplate.unseal.awskms.sessionToken	string	false	-	-	additive-unfrozen	backup	mutable	crd-schema,admission-policy,controller	none	required-if-changed	spec.backup.restoreTest	SessionToken specifies the AWS session token.	-
OpenBaoCluster	spec.backup.restoreTest.clusterTemplate.unseal.azureKeyVault	object	false	-	-	additive-unfrozen	backup	mutable	crd-schema,admission-policy,controller	none	required-if-changed	spec.backup.restoreTest	AzureKeyVault configures the Azure Key Vault seal type.	-
OpenBaoCluster	spec.backup.restoreTest.clusterTemplate.unseal.azureKeyVault.clientID	string	false	-	-	additive-unfrozen	backup	mutable	crd-schema,admission-policy,controller	none	required-if-changed	spec.backup.restoreTest	ClientID is the Azure client ID.	-
OpenBaoCluster	spec.backup.restoreTest.clusterTemplate.unseal.azureKeyVault.clientSecret	string	false	-	-	additive-unfrozen	backup	mutable	crd-schema,admission-policy,controller	none	required-if-changed	spec.backup.restoreTest	ClientSecret is the Azure client secret.	-
OpenBaoCluster	spec.backup.restoreTest.clusterTemplate.unseal.azureKeyVault.environment	string	false	-	-	additive-unfrozen	backup	mutable	crd-schema,admission-policy,controller	none	required-if-changed	spec.backup.restoreTest	Environment is the Azure environment (e.g., "AzurePublicCloud", "AzureUSGovernmentCloud").	-
OpenBaoCluster	spec.backup.restoreTest.clusterTemplate.unseal.azureKeyVault.keyName	string	true	-	minLength=1	additive-unfrozen	backup	mutable	crd-schema,admission-policy,controller	none	required-if-changed	spec.backup.restoreTest	KeyName is the name of the key in the Azure Key Vault.	-
OpenBaoCluster	spec.backup.restoreTest.clusterTemplate.unseal.azureKeyVault.resource	string	false	-	-	additive-unfrozen	backup	mutable	crd-schema,admission-policy,controller	none	required-if-changed	spec.backup.restoreTest	Resource is the Azure AD resource endpoint.	-
OpenBaoCluster	spec.backup.restoreTest.clusterTemplate.unseal.azureKeyVault.tenantID	string	false	-	-	additive-unfrozen	backup	mutable	crd-schema,admission-policy,controller	none	required-if-changed	spec.backup.restoreTest	TenantID is the Azure tenant ID.	-
OpenBaoCluster	spec.backup.restoreTest.clusterTemplate.unseal.azureKeyVault.vaultName	string	true	-	minLength=1	additive-unfrozen	backup	mutable	crd-schema,admission-policy,controller	none	required-if-changed	spec.backup.restoreTest	VaultName is the name of the Azure Key Vault.	-
OpenBaoCluster	spec.backup.restoreTest.clusterTemplate.unseal.credentialsSecretRef	object	false	-	x-kubernetes-map-type=atomic	additive-unfrozen	backup	mutable	crd-schema,admission-policy,controller	none	required-if-changed	spec.backup.restoreTest	CredentialsSecretRef references a Secret containing provider credentials (for example AWS access keys, GCP credentials.json, Azure client-secret keys, OCI SDK config for authTypeAPIKey mode, or plugin-backed KMS runtime files).	-
OpenBaoCluster	spec.backup.restoreTest.clusterTemplate.unseal.credentialsSecretRef.name	string	false	""	-	additive-unfrozen	backup	mutable	crd-schema,admission-policy,controller	none	required-if-changed	spec.backup.restoreTest	Name of the referent.	-
OpenBaoCluster	spec.backup.restoreTest.clusterTemplate.unseal.gcpCloudKMS	object	false	-	-	additive-unfrozen	backup	mutable	crd-schema,admission-policy,controller	none	required-if-changed	spec.backup.restoreTest	GCPCloudKMS configures the GCP Cloud KMS seal type.	-
OpenBaoCluster	spec.backup.restoreTest.clusterTemplate.unseal.gcpCloudKMS.credentials	string	false	-	-	additive-unfrozen	backup	mutable	crd-schema,admission-policy,controller	none	required-if-changed	spec.backup.restoreTest	Credentials is the path to the GCP credentials JSON file.	-
OpenBaoCluster	spec.backup.restoreTest.clusterTemplate.unseal.gcpCloudKMS.cryptoKey	string	true	-	minLength=1	additive-unfrozen	backup	mutable	crd-schema,admission-policy,controller	none	required-if-changed	spec.backup.restoreTest	CryptoKey is the name of the GCP KMS crypto key.	-
OpenBaoCluster	spec.backup.restoreTest.clusterTemplate.unseal.gcpCloudKMS.keyRing	string	true	-	minLength=1	additive-unfrozen	backup	mutable	crd-schema,admission-policy,controller	none	required-if-changed	spec.backup.restoreTest	KeyRing is the name of the GCP KMS key ring.	-
OpenBaoCluster	spec.backup.restoreTest.clusterTemplate.unseal.gcpCloudKMS.project	string	true	-	minLength=1	additive-unfrozen	backup	mutable	crd-schema,admission-policy,controller	none	required-if-changed	spec.backup.restoreTest	Project is the GCP project ID.	-
OpenBaoCluster	spec.backup.restoreTest.clusterTemplate.unseal.gcpCloudKMS.region	string	true	-	minLength=1	additive-unfrozen	backup	mutable	crd-schema,admission-policy,controller	none	required-if-changed	spec.backup.restoreTest	Region is the GCP region where the key ring lives.	-
OpenBaoCluster	spec.backup.restoreTest.clusterTemplate.unseal.kmip	object	false	-	-	additive-unfrozen	backup	mutable	crd-schema,admission-policy,controller	none	required-if-changed	spec.backup.restoreTest	KMIP configures the KMIP seal type.	-
OpenBaoCluster	spec.backup.restoreTest.clusterTemplate.unseal.kmip.caCert	string	false	-	-	additive-unfrozen	backup	mutable	crd-schema,admission-policy,controller	none	required-if-changed	spec.backup.restoreTest	CACert is the path to the CA certificate for KMIP communication.	-
OpenBaoCluster	spec.backup.restoreTest.clusterTemplate.unseal.kmip.clientCert	string	true	-	minLength=1	additive-unfrozen	backup	mutable	crd-schema,admission-policy,controller	none	required-if-changed	spec.backup.restoreTest	ClientCert is the path to the client certificate used for KMIP communication.	-
OpenBaoCluster	spec.backup.restoreTest.clusterTemplate.unseal.kmip.clientKey	string	true	-	minLength=1	additive-unfrozen	backup	mutable	crd-schema,admission-policy,controller	none	required-if-changed	spec.backup.restoreTest	ClientKey is the path to the private key used for KMIP communication.	-
OpenBaoCluster	spec.backup.restoreTest.clusterTemplate.unseal.kmip.disabled	boolean	false	-	-	additive-unfrozen	backup	mutable	crd-schema,admission-policy,controller	none	required-if-changed	spec.backup.restoreTest	Disabled disables this seal configuration, for example during seal migration.	-
OpenBaoCluster	spec.backup.restoreTest.clusterTemplate.unseal.kmip.encryptAlg	string	false	-	enum="AES_GCM","RSA_OAEP_SHA256","RSA_OAEP_SHA384","RSA_OAEP_SHA512"	additive-unfrozen	backup	mutable	crd-schema,admission-policy,controller	none	required-if-changed	spec.backup.restoreTest	EncryptAlg is the encryption algorithm used for KMIP requests.	-
OpenBaoCluster	spec.backup.restoreTest.clusterTemplate.unseal.kmip.endpoint	string	true	-	minLength=1	additive-unfrozen	backup	mutable	crd-schema,admission-policy,controller	none	required-if-changed	spec.backup.restoreTest	Endpoint is the KMIP server endpoint.	-
OpenBaoCluster	spec.backup.restoreTest.clusterTemplate.unseal.kmip.kmsKeyID	string	true	-	minLength=1	additive-unfrozen	backup	mutable	crd-schema,admission-policy,controller	none	required-if-changed	spec.backup.restoreTest	KMSKeyID is the unique identifier of the KMIP key to use.	-
OpenBaoCluster	spec.backup.restoreTest.clusterTemplate.unseal.kmip.serverName	string	false	-	-	additive-unfrozen	backup	mutable	crd-schema,admission-policy,controller	none	required-if-changed	spec.backup.restoreTest	ServerName is the TLS server name to use when connecting to the KMIP endpoint.	-
OpenBaoCluster	spec.backup.restoreTest.clusterTemplate.unseal.kmip.timeout	integer	false	-	format=int32; minimum=1	additive-unfrozen	backup	mutable	crd-schema,admission-policy,controller	none	required-if-changed	spec.backup.restoreTest	Timeout is the timeout in seconds for KMIP requests.	-
OpenBaoCluster	spec.backup.restoreTest.clusterTemplate.unseal.kmip.tls12Ciphers	string	false	-	-	additive-unfrozen	backup	mutable	crd-schema,admission-policy,controller	none	required-if-changed	spec.backup.restoreTest	TLS12Ciphers configures the TLS 1.2 cipher suites to use when connecting to the KMIP endpoint.	-
OpenBaoCluster	spec.backup.restoreTest.clusterTemplate.unseal.kms	object	false	-	-	additive-unfrozen	backup	mutable	crd-schema,admission-policy,controller	none	required-if-changed	spec.backup.restoreTest	KMS configures a plugin-backed KMS seal.	-
OpenBaoCluster	spec.backup.restoreTest.clusterTemplate.unseal.kms.config	object	false	-	maxProperties=64; additionalProperties=true	additive-unfrozen	backup	mutable	crd-schema,admission-policy,controller	none	required-if-changed	spec.backup.restoreTest	Config contains plugin-specific seal configuration rendered as string attributes inside seal "<pluginName>".	-
OpenBaoCluster	spec.backup.restoreTest.clusterTemplate.unseal.kms.config.*	string	false	-	-	additive-unfrozen	backup	mutable	crd-schema,admission-policy,controller	none	required-if-changed	spec.backup.restoreTest	-	-
OpenBaoCluster	spec.backup.restoreTest.clusterTemplate.unseal.kms.pluginName	string	true	-	minLength=1	additive-unfrozen	backup	mutable	crd-schema,admission-policy,controller	none	required-if-changed	spec.backup.restoreTest	PluginName is the name of the plugin registered through a matching plugin "kms" stanza.	-
OpenBaoCluster	spec.backup.restoreTest.clusterTemplate.unseal.ocikms	object	false	-	-	additive-unfrozen	backup	mutable	crd-schema,admission-policy,controller	none	required-if-changed	spec.backup.restoreTest	OCIKMS configures the OCI KMS seal type.	-
OpenBaoCluster	spec.backup.restoreTest.clusterTemplate.unseal.ocikms.authTypeAPIKey	boolean	false	-	-	additive-unfrozen	backup	mutable	crd-schema,admission-policy,controller	none	required-if-changed	spec.backup.restoreTest	AuthTypeAPIKey enables OCI API key authentication through an OCI SDK config file.	-
OpenBaoCluster	spec.backup.restoreTest.clusterTemplate.unseal.ocikms.cryptoEndpoint	string	true	-	minLength=1	additive-unfrozen	backup	mutable	crd-schema,admission-policy,controller	none	required-if-changed	spec.backup.restoreTest	CryptoEndpoint is the OCI KMS crypto endpoint.	-
OpenBaoCluster	spec.backup.restoreTest.clusterTemplate.unseal.ocikms.disabled	boolean	false	-	-	additive-unfrozen	backup	mutable	crd-schema,admission-policy,controller	none	required-if-changed	spec.backup.restoreTest	Disabled disables this seal configuration, for example during seal migration.	-
OpenBaoCluster	spec.backup.restoreTest.clusterTemplate.unseal.ocikms.keyID	string	true	-	minLength=1	additive-unfrozen	backup	mutable	crd-schema,admission-policy,controller	none	required-if-changed	spec.backup.restoreTest	KeyID is the OCID of the master encryption key.	-
OpenBaoCluster	spec.backup.restoreTest.clusterTemplate.unseal.ocikms.managementEndpoint	string	true	-	minLength=1	additive-unfrozen	backup	mutable	crd-schema,admission-policy,controller	none	required-if-changed	spec.backup.restoreTest	ManagementEndpoint is the OCI KMS management endpoint.	-
OpenBaoCluster	spec.backup.restoreTest.clusterTemplate.unseal.pkcs11	object	false	-	cel=[{"rule":"!(has(self.slot) \u0026\u0026 size(self.slot) \u003e 0 \u0026\u0026 has(self.tokenLabel) \u0026\u0026 size(self.tokenLabel) \u003e 0)","message":"spec.unseal.pkcs11.slot and spec.unseal.pkcs11.tokenLabel are mutually exclusive"},{"rule":"(has(self.slot) \u0026\u0026 size(self.slot) \u003e 0) || (has(self.tokenLabel) \u0026\u0026 size(self.tokenLabel) \u003e 0)","message":"spec.unseal.pkcs11.slot or spec.unseal.pkcs11.tokenLabel is required"}]	additive-unfrozen	backup	mutable	crd-schema,admission-policy,controller	none	required-if-changed	spec.backup.restoreTest	PKCS11 configures the PKCS#11 seal type.	-
OpenBaoCluster	spec.backup.restoreTest.clusterTemplate.unseal.pkcs11.disableSoftwareEncryption	boolean	false	-	-	additive-unfrozen	backup	mutable	crd-schema,admission-policy,controller	none	required-if-changed	spec.backup.restoreTest	DisableSoftwareEncryption disables the software encryption fallback.	-
OpenBaoCluster	spec.backup.restoreTest.clusterTemplate.unseal.pkcs11.disabled	boolean	false	-	-	additive-unfrozen	backup	mutable	crd-schema,admission-policy,controller	none	required-if-changed	spec.backup.restoreTest	Disabled disables this seal configuration, for example during seal migration.	-
OpenBaoCluster	spec.backup.restoreTest.clusterTemplate.unseal.pkcs11.keyID	string	false	-	-	additive-unfrozen	backup	mutable	crd-schema,admission-policy,controller	none	required-if-changed	spec.backup.restoreTest	KeyID is the PKCS#11 key identifier to use instead of KeyLabel.	-
OpenBaoCluster	spec.backup.restoreTest.clusterTemplate.unseal.pkcs11.keyLabel	string	true	-	minLength=1	additive-unfrozen	backup	mutable	crd-schema,admission-policy,controller	none	required-if-changed	spec.backup.restoreTest	KeyLabel is the label for the encryption key used by OpenBao.	-
OpenBaoCluster	spec.backup.restoreTest.clusterTemplate.unseal.pkcs11.lib	string	true	-	minLength=1	additive-unfrozen	backup	mutable	crd-schema,admission-policy,controller	none	required-if-changed	spec.backup.restoreTest	Lib is the path to the PKCS#11 library provided by the HSM vendor.	-
OpenBaoCluster	spec.backup.restoreTest.clusterTemplate.unseal.pkcs11.mechanism	string	false	-	-	additive-unfrozen	backup	mutable	crd-schema,admission-policy,controller	none	required-if-changed	spec.backup.restoreTest	Mechanism overrides the PKCS#11 wrapping or encryption mechanism.	-
OpenBaoCluster	spec.backup.restoreTest.clusterTemplate.unseal.pkcs11.pin	string	false	-	-	additive-unfrozen	backup	mutable	crd-schema,admission-policy,controller	none	required-if-changed	spec.backup.restoreTest	PIN is the PIN for accessing the HSM token.	-
OpenBaoCluster	spec.backup.restoreTest.clusterTemplate.unseal.pkcs11.rsaOAEPHash	string	false	-	enum="sha1","sha224","sha256","sha384","sha512"	additive-unfrozen	backup	mutable	crd-schema,admission-policy,controller	none	required-if-changed	spec.backup.restoreTest	RSAOAEPHash specifies the hash algorithm to use for RSA with OAEP padding.	-
OpenBaoCluster	spec.backup.restoreTest.clusterTemplate.unseal.pkcs11.runtime	object	false	-	-	additive-unfrozen	backup	mutable	crd-schema,admission-policy,controller	none	required-if-changed	spec.backup.restoreTest	Runtime configures local PKCS#11 vendor runtime wiring such as library lookup paths and environment variables sourced from credentialsSecretRef.	-
OpenBaoCluster	spec.backup.restoreTest.clusterTemplate.unseal.pkcs11.runtime.env	array<object>	false	-	maxItems=16	additive-unfrozen	backup	mutable	crd-schema,admission-policy,controller	none	required-if-changed	spec.backup.restoreTest	Env exposes literal environment variables from keys in spec.unseal.credentialsSecretRef.	-
OpenBaoCluster	spec.backup.restoreTest.clusterTemplate.unseal.pkcs11.runtime.env[]	object	false	-	-	additive-unfrozen	backup	mutable	crd-schema,admission-policy,controller	none	required-if-changed	spec.backup.restoreTest	PKCS11RuntimeEnvVar maps a PKCS#11 runtime environment variable to a key in spec.unseal.credentialsSecretRef.	-
OpenBaoCluster	spec.backup.restoreTest.clusterTemplate.unseal.pkcs11.runtime.env[].name	string	true	-	pattern=^[A-Za-z_][A-Za-z0-9_]*$	additive-unfrozen	backup	mutable	crd-schema,admission-policy,controller	none	required-if-changed	spec.backup.restoreTest	Name is the environment variable name to expose to the OpenBao process.	-
OpenBaoCluster	spec.backup.restoreTest.clusterTemplate.unseal.pkcs11.runtime.env[].secretKey	string	true	-	pattern=^[-._A-Za-z0-9]+$; minLength=1	additive-unfrozen	backup	mutable	crd-schema,admission-policy,controller	none	required-if-changed	spec.backup.restoreTest	SecretKey is the key in spec.unseal.credentialsSecretRef to source as the environment variable value.	-
OpenBaoCluster	spec.backup.restoreTest.clusterTemplate.unseal.pkcs11.runtime.fileEnv	array<object>	false	-	maxItems=16	additive-unfrozen	backup	mutable	crd-schema,admission-policy,controller	none	required-if-changed	spec.backup.restoreTest	FileEnv exposes environment variables whose values are paths to files mounted from keys in spec.unseal.credentialsSecretRef.	-
OpenBaoCluster	spec.backup.restoreTest.clusterTemplate.unseal.pkcs11.runtime.fileEnv[]	object	false	-	-	additive-unfrozen	backup	mutable	crd-schema,admission-policy,controller	none	required-if-changed	spec.backup.restoreTest	PKCS11RuntimeFileEnvVar maps a PKCS#11 runtime environment variable to the mounted file path for a key in spec.unseal.credentialsSecretRef.	-
OpenBaoCluster	spec.backup.restoreTest.clusterTemplate.unseal.pkcs11.runtime.fileEnv[].name	string	true	-	pattern=^[A-Za-z_][A-Za-z0-9_]*$	additive-unfrozen	backup	mutable	crd-schema,admission-policy,controller	none	required-if-changed	spec.backup.restoreTest	Name is the environment variable name to expose to the OpenBao process.	-
OpenBaoCluster	spec.backup.restoreTest.clusterTemplate.unseal.pkcs11.runtime.fileEnv[].secretKey	string	true	-	pattern=^[-._A-Za-z0-9]+$; minLength=1	additive-unfrozen	backup	mutable	crd-schema,admission-policy,controller	none	required-if-changed	spec.backup.restoreTest	SecretKey is the key in spec.unseal.credentialsSecretRef whose mounted file path should become the environment variable value.	-
OpenBaoCluster	spec.backup.restoreTest.clusterTemplate.unseal.pkcs11.runtime.libraryPath	string	false	-	-	additive-unfrozen	backup	mutable	crd-schema,admission-policy,controller	none	required-if-changed	spec.backup.restoreTest	LibraryPath sets LD_LIBRARY_PATH for the OpenBao process.	-
OpenBaoCluster	spec.backup.restoreTest.clusterTemplate.unseal.pkcs11.slot	string	false	-	-	additive-unfrozen	backup	mutable	crd-schema,admission-policy,controller	none	required-if-changed	spec.backup.restoreTest	Slot is the slot number where the HSM token is located.	-
OpenBaoCluster	spec.backup.restoreTest.clusterTemplate.unseal.pkcs11.tokenLabel	string	false	-	-	additive-unfrozen	backup	mutable	crd-schema,admission-policy,controller	none	required-if-changed	spec.backup.restoreTest	TokenLabel is the token label of the HSM slot to use instead of Slot.	-
OpenBaoCluster	spec.backup.restoreTest.clusterTemplate.unseal.static	object	false	-	-	additive-unfrozen	backup	mutable	crd-schema,admission-policy,controller	none	required-if-changed	spec.backup.restoreTest	Static configures the static seal type.	-
OpenBaoCluster	spec.backup.restoreTest.clusterTemplate.unseal.static.currentKey	string	false	-	-	additive-unfrozen	backup	mutable	crd-schema,admission-policy,controller	none	required-if-changed	spec.backup.restoreTest	CurrentKey is the path to the static unseal key file.	-
OpenBaoCluster	spec.backup.restoreTest.clusterTemplate.unseal.static.currentKeyID	string	false	-	-	additive-unfrozen	backup	mutable	crd-schema,admission-policy,controller	none	required-if-changed	spec.backup.restoreTest	CurrentKeyID is the identifier for the current unseal key.	-
OpenBaoCluster	spec.backup.restoreTest.clusterTemplate.unseal.transit	object	false	-	-	additive-unfrozen	backup	mutable	crd-schema,admission-policy,controller	none	required-if-changed	spec.backup.restoreTest	Transit configures the Transit seal type.	-
OpenBaoCluster	spec.backup.restoreTest.clusterTemplate.unseal.transit.address	string	true	-	minLength=1	additive-unfrozen	backup	mutable	crd-schema,admission-policy,controller	none	required-if-changed	spec.backup.restoreTest	Address is the full HTTPS address to the OpenBao cluster providing the Transit seal.	-
OpenBaoCluster	spec.backup.restoreTest.clusterTemplate.unseal.transit.disableRenewal	boolean	false	-	-	additive-unfrozen	backup	mutable	crd-schema,admission-policy,controller	none	required-if-changed	spec.backup.restoreTest	DisableRenewal disables automatic token renewal.	-
OpenBaoCluster	spec.backup.restoreTest.clusterTemplate.unseal.transit.keyName	string	true	-	minLength=1	additive-unfrozen	backup	mutable	crd-schema,admission-policy,controller	none	required-if-changed	spec.backup.restoreTest	KeyName is the transit key to use for encryption and decryption.	-
OpenBaoCluster	spec.backup.restoreTest.clusterTemplate.unseal.transit.mountPath	string	true	-	minLength=1	additive-unfrozen	backup	mutable	crd-schema,admission-policy,controller	none	required-if-changed	spec.backup.restoreTest	MountPath is the mount path to the transit secret engine.	-
OpenBaoCluster	spec.backup.restoreTest.clusterTemplate.unseal.transit.namespace	string	false	-	-	additive-unfrozen	backup	mutable	crd-schema,admission-policy,controller	none	required-if-changed	spec.backup.restoreTest	Namespace is the namespace path to the transit secret engine.	-
OpenBaoCluster	spec.backup.restoreTest.clusterTemplate.unseal.transit.tlsCACert	string	false	-	-	additive-unfrozen	backup	mutable	crd-schema,admission-policy,controller	none	required-if-changed	spec.backup.restoreTest	TLSCACert is the path to the CA certificate file for TLS communication.	-
OpenBaoCluster	spec.backup.restoreTest.clusterTemplate.unseal.transit.tlsClientCert	string	false	-	-	additive-unfrozen	backup	mutable	crd-schema,admission-policy,controller	none	required-if-changed	spec.backup.restoreTest	TLSClientCert is the path to the client certificate for TLS communication.	-
OpenBaoCluster	spec.backup.restoreTest.clusterTemplate.unseal.transit.tlsClientKey	string	false	-	-	additive-unfrozen	backup	mutable	crd-schema,admission-policy,controller	none	required-if-changed	spec.backup.restoreTest	TLSClientKey is the path to the private key for TLS communication.	-
OpenBaoCluster	spec.backup.restoreTest.clusterTemplate.unseal.transit.tlsServerName	string	false	-	-	additive-unfrozen	backup	mutable	crd-schema,admission-policy,controller	none	required-if-changed	spec.backup.restoreTest	TLSServerName is the SNI host name to use when connecting via TLS.	-
OpenBaoCluster	spec.backup.restoreTest.clusterTemplate.unseal.transit.tlsSkipVerify	boolean	false	-	-	additive-unfrozen	backup	mutable	crd-schema,admission-policy,controller	none	required-if-changed	spec.backup.restoreTest	TLSSkipVerify disables verification of TLS certificates.	-
OpenBaoCluster	spec.backup.restoreTest.clusterTemplate.unseal.transit.token	string	false	-	-	additive-unfrozen	backup	mutable	crd-schema,admission-policy,controller	none	required-if-changed	spec.backup.restoreTest	Token is the OpenBao token to use for authentication.	-
OpenBaoCluster	spec.backup.restoreTest.clusterTemplate.unseal.type	string	false	"static"	enum="static","awskms","gcpckms","azurekeyvault","transit","kmip","kms","ocikms","pkcs11"	additive-unfrozen	backup	mutable	crd-schema,admission-policy,controller	none	required-if-changed	spec.backup.restoreTest	Type specifies the seal type.	-
OpenBaoCluster	spec.backup.restoreTest.clusterTemplate.version	string	true	-	enum="2.7.0"	additive-unfrozen	backup	mutable	crd-schema,admission-policy,controller	none	required-if-changed	spec.backup.restoreTest	Version must match the administrator-observed snapshot source version.	-
OpenBaoCluster	spec.backup.restoreTest.credentialsSecretRef	object	false	-	x-kubernetes-map-type=atomic	additive-unfrozen	backup	mutable	crd-schema,admission-policy,controller	none	required-if-changed	spec.backup.restoreTest	CredentialsSecretRef is the existing destination storage credential Secret.	-
OpenBaoCluster	spec.backup.restoreTest.credentialsSecretRef.name	string	false	""	-	additive-unfrozen	backup	mutable	crd-schema,admission-policy,controller	none	required-if-changed	spec.backup.restoreTest	Name of the referent.	-
OpenBaoCluster	spec.backup.restoreTest.everySuccessfulBackups	integer	false	-	format=int64; minimum=1; maximum=10000	additive-unfrozen	backup	mutable	crd-schema,admission-policy,controller	none	required-if-changed	spec.backup.restoreTest	-	-
OpenBaoCluster	spec.backup.restoreTest.namespace	string	true	-	minLength=1; maxLength=63	additive-unfrozen	backup	mutable	crd-schema,admission-policy,controller	none	required-if-changed	spec.backup.restoreTest	-	-
OpenBaoCluster	spec.backup.restoreTest.schedule	string	false	-	minLength=1; maxLength=128	additive-unfrozen	backup	mutable	crd-schema,admission-policy,controller	none	required-if-changed	spec.backup.restoreTest	Schedule uses five-field cron syntax and UTC.	-
OpenBaoCluster	spec.backup.retention	object	false	-	-	beta-stable	backup	mutable	crd-schema,admission-policy,controller	none	required-if-changed	spec.backup	Retention defines optional backup retention policy.	-
OpenBaoCluster	spec.backup.retention.maxAge	string	false	-	-	beta-stable	backup	mutable	crd-schema,admission-policy,controller	none	required-if-changed	spec.backup	MaxAge is the maximum age of backups to retain, e.g., "168h" for 7 days.	-
OpenBaoCluster	spec.backup.retention.maxCount	integer	false	-	format=int32; minimum=0	beta-stable	backup	mutable	crd-schema,admission-policy,controller	none	required-if-changed	spec.backup	MaxCount is the maximum number of backups to retain (0 = unlimited).	-
OpenBaoCluster	spec.backup.schedule	string	true	-	minLength=1	beta-stable	backup	mutable	crd-schema,admission-policy,controller	none	required-if-changed	spec.backup	Schedule is a cron-style schedule, for example "0 3 * * *".	-
OpenBaoCluster	spec.backup.target	object	true	-	cel=[{"rule":"self.provider != 's3' || (has(self.endpoint) \u0026\u0026 size(self.endpoint) \u003e 0)","message":"backup target endpoint is required when provider is s3"},{"rule":"self.provider == 'azure' || !has(self.azure)","message":"backup target azure options are only supported when provider is azure"},{"rule":"self.provider == 'gcs' || !has(self.gcs)","message":"backup target gcs options are only supported when provider is gcs"},{"rule":"self.provider == 's3' || !has(self.roleArn) || size(self.roleArn) == 0","message":"backup target roleArn is only supported when provider is s3"}]	beta-stable	backup	mutable	crd-schema,admission-policy,controller	none	required-if-changed	spec.backup.target	Target is the object storage configuration for backups.	Retain the existing shared target shape; CEL rejects mismatched nested provider options and missing S3 endpoints without a JSON reshape.
OpenBaoCluster	spec.backup.target.azure	object	false	-	-	beta-stable	backup	mutable	crd-schema,admission-policy,controller	none	required-if-changed	spec.backup.target	Azure contains Azure Blob Storage specific configuration.	Retain the existing shared target shape; CEL rejects mismatched nested provider options and missing S3 endpoints without a JSON reshape.
OpenBaoCluster	spec.backup.target.azure.container	string	false	-	-	beta-stable	backup	mutable	crd-schema,admission-policy,controller	none	required-if-changed	spec.backup.target	Container is the blob container name.	Retain the existing shared target shape; CEL rejects mismatched nested provider options and missing S3 endpoints without a JSON reshape.
OpenBaoCluster	spec.backup.target.azure.storageAccount	string	false	-	minLength=1	beta-stable	backup	mutable	crd-schema,admission-policy,controller	none	required-if-changed	spec.backup.target	StorageAccount is the Azure storage account name.	Retain the existing shared target shape; CEL rejects mismatched nested provider options and missing S3 endpoints without a JSON reshape.
OpenBaoCluster	spec.backup.target.bucket	string	true	-	minLength=1	beta-stable	backup	mutable	crd-schema,admission-policy,controller	none	required-if-changed	spec.backup.target	Bucket is the bucket or container name.	Retain the existing shared target shape; CEL rejects mismatched nested provider options and missing S3 endpoints without a JSON reshape.
OpenBaoCluster	spec.backup.target.concurrency	integer	false	3	format=int32; minimum=1; maximum=10	beta-stable	backup	mutable	crd-schema,admission-policy,controller	none	required-if-changed	spec.backup.target.concurrency	Concurrency is the number of concurrent parts to upload during multipart uploads.	omission: backup executor uses 3 concurrent upload parts; Retain the existing shared target shape; CEL rejects mismatched nested provider options and missing S3 endpoints without a JSON reshape.
OpenBaoCluster	spec.backup.target.credentialsSecretRef	object	false	-	x-kubernetes-map-type=atomic	beta-stable	backup	mutable	crd-schema,admission-policy,controller	none	required-if-changed	spec.backup.target	CredentialsSecretRef optionally references a Secret containing credentials for the object store.	Retain the existing shared target shape; CEL rejects mismatched nested provider options and missing S3 endpoints without a JSON reshape.
OpenBaoCluster	spec.backup.target.credentialsSecretRef.name	string	false	""	-	beta-stable	backup	mutable	crd-schema,admission-policy,controller	none	required-if-changed	spec.backup.target	Name of the referent.	Retain the existing shared target shape; CEL rejects mismatched nested provider options and missing S3 endpoints without a JSON reshape.
OpenBaoCluster	spec.backup.target.endpoint	string	false	-	-	beta-stable	backup	mutable	crd-schema,admission-policy,controller	none	required-if-changed	spec.backup.target.endpoint	Endpoint is the HTTP(S) endpoint for the object storage service.	omission: GCS uses googleapis.com and Azure derives its endpoint; S3 requires an explicit endpoint; Retain the existing shared target shape; CEL rejects mismatched nested provider options and missing S3 endpoints without a JSON reshape.
OpenBaoCluster	spec.backup.target.gcs	object	false	-	-	beta-stable	backup	mutable	crd-schema,admission-policy,controller	none	required-if-changed	spec.backup.target	GCS contains Google Cloud Storage specific configuration.	Retain the existing shared target shape; CEL rejects mismatched nested provider options and missing S3 endpoints without a JSON reshape.
OpenBaoCluster	spec.backup.target.gcs.project	string	false	-	-	beta-stable	backup	mutable	crd-schema,admission-policy,controller	none	required-if-changed	spec.backup.target	Project is the GCP project ID.	Retain the existing shared target shape; CEL rejects mismatched nested provider options and missing S3 endpoints without a JSON reshape.
OpenBaoCluster	spec.backup.target.insecureSkipVerify	boolean	false	-	-	beta-stable	backup	mutable	crd-schema,admission-policy,controller	none	required-if-changed	spec.backup.target	InsecureSkipVerify allows skipping TLS verification (useful for MinIO/LocalStack/Azurite with self-signed certs).	Retain the existing shared target shape; CEL rejects mismatched nested provider options and missing S3 endpoints without a JSON reshape.
OpenBaoCluster	spec.backup.target.partSize	integer	false	10485760	format=int64; minimum=5242880	beta-stable	backup	mutable	crd-schema,admission-policy,controller	none	required-if-changed	spec.backup.target.partSize	PartSize is the size of each part in multipart uploads (in bytes).	omission: backup executor uses 10485760-byte upload parts; Retain the existing shared target shape; CEL rejects mismatched nested provider options and missing S3 endpoints without a JSON reshape.
OpenBaoCluster	spec.backup.target.pathPrefix	string	false	-	-	beta-stable	backup	mutable	crd-schema,admission-policy,controller	none	required-if-changed	spec.backup.target	PathPrefix is an optional prefix within the bucket for this cluster's snapshots.	Retain the existing shared target shape; CEL rejects mismatched nested provider options and missing S3 endpoints without a JSON reshape.
OpenBaoCluster	spec.backup.target.provider	string	false	"s3"	enum="s3","gcs","azure"	beta-stable	backup	mutable	crd-schema,admission-policy,controller	none	required-if-changed	spec.backup.target.provider	Provider selects the storage backend.	omission: provider is s3; Retain the existing shared target shape; CEL rejects mismatched nested provider options and missing S3 endpoints without a JSON reshape.
OpenBaoCluster	spec.backup.target.region	string	false	"us-east-1"	-	beta-stable	backup	mutable	crd-schema,admission-policy,controller	none	required-if-changed	spec.backup.target	Region is the AWS region to use for S3-compatible clients.	Retain the existing shared target shape; CEL rejects mismatched nested provider options and missing S3 endpoints without a JSON reshape.
OpenBaoCluster	spec.backup.target.roleArn	string	false	-	-	beta-stable	backup	mutable	crd-schema,admission-policy,controller	none	required-if-changed	spec.backup.target	RoleARN is the IAM role ARN (or S3-compatible equivalent) to assume via Web Identity.	Retain the existing shared target shape; CEL rejects mismatched nested provider options and missing S3 endpoints without a JSON reshape.
OpenBaoCluster	spec.backup.target.usePathStyle	boolean	false	false	-	beta-stable	backup	mutable	crd-schema,admission-policy,controller	none	required-if-changed	spec.backup.target	UsePathStyle controls whether to use path-style addressing (bucket.s3.amazonaws.com/object) or virtual-hosted-style addressing (bucket.s3.amazonaws.com/object).	Retain the existing shared target shape; CEL rejects mismatched nested provider options and missing S3 endpoints without a JSON reshape.
OpenBaoCluster	spec.backup.target.workloadIdentity	object	false	-	-	beta-stable	backup	mutable	crd-schema,admission-policy,controller	none	required-if-changed	spec.backup.target	WorkloadIdentity optionally applies provider-specific metadata required by cloud workload identity integrations.	Retain the existing shared target shape; CEL rejects mismatched nested provider options and missing S3 endpoints without a JSON reshape.
OpenBaoCluster	spec.backup.target.workloadIdentity.podLabels	object	false	-	additionalProperties=true	beta-stable	backup	mutable	crd-schema,admission-policy,controller	none	required-if-changed	spec.backup.target	PodLabels are merged into the generated backup or restore Job pod template.	Retain the existing shared target shape; CEL rejects mismatched nested provider options and missing S3 endpoints without a JSON reshape.
OpenBaoCluster	spec.backup.target.workloadIdentity.podLabels.*	string	false	-	-	beta-stable	backup	mutable	crd-schema,admission-policy,controller	none	required-if-changed	spec.backup.target	-	Retain the existing shared target shape; CEL rejects mismatched nested provider options and missing S3 endpoints without a JSON reshape.
OpenBaoCluster	spec.backup.target.workloadIdentity.serviceAccountAnnotations	object	false	-	additionalProperties=true	beta-stable	backup	mutable	crd-schema,admission-policy,controller	none	required-if-changed	spec.backup.target	ServiceAccountAnnotations are merged into the generated backup or restore ServiceAccount.	Retain the existing shared target shape; CEL rejects mismatched nested provider options and missing S3 endpoints without a JSON reshape.
OpenBaoCluster	spec.backup.target.workloadIdentity.serviceAccountAnnotations.*	string	false	-	-	beta-stable	backup	mutable	crd-schema,admission-policy,controller	none	required-if-changed	spec.backup.target	-	Retain the existing shared target shape; CEL rejects mismatched nested provider options and missing S3 endpoints without a JSON reshape.
OpenBaoCluster	spec.backup.tokenSecretRef	object	false	-	x-kubernetes-map-type=atomic	beta-stable	backup	mutable	crd-schema,admission-policy,controller	none	required-if-changed	spec.backup	TokenSecretRef references a Secret containing an OpenBao API token to use for backup operations when JWT Auth is not effective.	-
OpenBaoCluster	spec.backup.tokenSecretRef.name	string	false	""	-	beta-stable	backup	mutable	crd-schema,admission-policy,controller	none	required-if-changed	spec.backup	Name of the referent.	-
OpenBaoCluster	spec.breakGlassAck	string	false	-	-	beta-stable	lifecycle-safety	request-token	crd-schema,controller	none	required-if-changed	spec.breakGlassAck	BreakGlassAck is an explicit acknowledgment token used to exit Break Glass / Safe Mode.	-
OpenBaoCluster	spec.configuration	object	false	-	-	beta-stable	configuration	mutable	crd-schema,admission-policy,controller	none	required-if-changed	spec.configuration	Configuration defines the server configuration.	-
OpenBaoCluster	spec.configuration.acmeCARoot	string	false	-	-	beta-stable	configuration	mutable	crd-schema,admission-policy,controller	none	required-if-changed	spec.configuration	ACMECARoot is the path to the ACME CA root certificate file.	-
OpenBaoCluster	spec.configuration.allowAuditLogPrefixing	boolean	false	-	-	beta-stable	configuration	mutable	crd-schema,admission-policy,controller	none	required-if-changed	spec.configuration	AllowAuditLogPrefixing allows audit log prefixing.	-
OpenBaoCluster	spec.configuration.cacheSize	integer	false	-	format=int64; minimum=0	beta-stable	configuration	mutable	crd-schema,admission-policy,controller	none	required-if-changed	spec.configuration.cacheSize	CacheSize is the size of the cache in bytes.	omission: OpenBao applies its built-in cache-size default
OpenBaoCluster	spec.configuration.defaultLeaseTTL	string	false	-	-	beta-stable	configuration	mutable	crd-schema,admission-policy,controller	none	required-if-changed	spec.configuration.defaultLeaseTTL	DefaultLeaseTTL is the default lease TTL for tokens and secrets (e.g., "720h", "30m").	omission: OpenBao applies its built-in default lease TTL
OpenBaoCluster	spec.configuration.detectDeadlocks	boolean	false	-	-	beta-stable	configuration	mutable	crd-schema,admission-policy,controller	none	required-if-changed	spec.configuration	DetectDeadlocks enables deadlock detection in OpenBao.	-
OpenBaoCluster	spec.configuration.disableCache	boolean	false	-	-	beta-stable	configuration	mutable	crd-schema,admission-policy,controller	none	required-if-changed	spec.configuration	DisableCache disables the cache entirely.	-
OpenBaoCluster	spec.configuration.enableResponseHeaderHostname	boolean	false	-	-	beta-stable	configuration	mutable	crd-schema,admission-policy,controller	none	required-if-changed	spec.configuration	EnableResponseHeaderHostname enables the hostname in response headers.	-
OpenBaoCluster	spec.configuration.enableResponseHeaderRaftNodeID	boolean	false	-	-	beta-stable	configuration	mutable	crd-schema,admission-policy,controller	none	required-if-changed	spec.configuration	EnableResponseHeaderRaftNodeID enables the Raft node ID in response headers.	-
OpenBaoCluster	spec.configuration.impreciseLeaseRoleTracking	boolean	false	-	-	beta-stable	configuration	mutable	crd-schema,admission-policy,controller	none	required-if-changed	spec.configuration	ImpreciseLeaseRoleTracking enables imprecise lease role tracking.	-
OpenBaoCluster	spec.configuration.introspectionEndpoint	boolean	false	-	-	beta-stable	configuration	mutable	crd-schema,admission-policy,controller	none	required-if-changed	spec.configuration	IntrospectionEndpoint enables the introspection endpoint.	-
OpenBaoCluster	spec.configuration.listener	object	false	-	-	beta-stable	configuration	mutable	crd-schema,admission-policy,controller	none	required-if-changed	spec.configuration	Listener allows tuning the TCP listener.	-
OpenBaoCluster	spec.configuration.listener.proxyProtocolBehavior	string	false	-	enum="use_always","allow_any","deny_unauthorized"	beta-stable	configuration	mutable	crd-schema,admission-policy,controller	none	required-if-changed	spec.configuration	ProxyProtocolBehavior allows configuring proxy protocol (e.g.	-
OpenBaoCluster	spec.configuration.listener.tlsDisable	boolean	false	-	-	beta-stable	configuration	mutable	crd-schema,admission-policy,controller	none	required-if-changed	spec.configuration	TLSDisable controls TLS on the listener.	-
OpenBaoCluster	spec.configuration.listener.tlsKeyExchangePreferences	array<string>	false	-	minItems=1; maxItems=7; x-kubernetes-list-type=set	additive-unfrozen	transport-security	mutable	crd-schema,admission-policy,controller	none	required-if-changed	spec.configuration.listener.tlsKeyExchangePreferences	TLSKeyExchangePreferences selects allowed key exchange groups on the API and metrics listeners.	omission: OpenBao uses Go's default key exchange groups; Configures API and metrics listeners; cluster TLS and pure MLKEM1024 remain outside this contract.
OpenBaoCluster	spec.configuration.listener.tlsKeyExchangePreferences[]	string	false	-	enum="CurveP256","CurveP384","CurveP521","X25519","X25519MLKEM768","SecP256r1MLKEM768","SecP384r1MLKEM1024"	additive-unfrozen	transport-security	mutable	crd-schema,admission-policy,controller	none	required-if-changed	spec.configuration.listener.tlsKeyExchangePreferences	TLSKeyExchangeGroup identifies a classical or hybrid post-quantum TLS group.	Configures API and metrics listeners; cluster TLS and pure MLKEM1024 remain outside this contract.
OpenBaoCluster	spec.configuration.listener.tlsMaxVersion	string	false	-	enum="tls12","tls13"	additive-unfrozen	transport-security	mutable	crd-schema,admission-policy,controller	none	required-if-changed	spec.configuration.listener.tlsMaxVersion	TLSMaxVersion sets the maximum TLS version on the API and metrics listeners.	omission: OpenBao uses TLS 1.3 as the maximum version
OpenBaoCluster	spec.configuration.listener.tlsMinVersion	string	false	-	enum="tls12","tls13"	additive-unfrozen	transport-security	mutable	crd-schema,admission-policy,controller	none	required-if-changed	spec.configuration.listener.tlsMinVersion	TLSMinVersion sets the minimum TLS version on the API and metrics listeners.	omission: OpenBao uses TLS 1.2 as the minimum version
OpenBaoCluster	spec.configuration.logLevel	string	false	"info"	enum="trace","debug","info","warn","err"	beta-stable	configuration	mutable	crd-schema,admission-policy,controller	none	required-if-changed	spec.configuration	LogLevel specifies the log level.	-
OpenBaoCluster	spec.configuration.logging	object	false	-	-	beta-stable	configuration	mutable	crd-schema,admission-policy,controller	none	required-if-changed	spec.configuration	Logging allows configuring logging behavior.	-
OpenBaoCluster	spec.configuration.logging.file	string	false	-	-	beta-stable	configuration	mutable	crd-schema,admission-policy,controller	none	required-if-changed	spec.configuration	File is the path to the log file.	-
OpenBaoCluster	spec.configuration.logging.format	string	false	-	enum="standard","json"	beta-stable	configuration	mutable	crd-schema,admission-policy,controller	none	required-if-changed	spec.configuration	Format specifies the log format.	-
OpenBaoCluster	spec.configuration.logging.pidFile	string	false	-	-	beta-stable	configuration	mutable	crd-schema,admission-policy,controller	none	required-if-changed	spec.configuration	PIDFile is the path to write the PID file.	-
OpenBaoCluster	spec.configuration.logging.rotateBytes	integer	false	-	format=int64; minimum=0	beta-stable	configuration	mutable	crd-schema,admission-policy,controller	none	required-if-changed	spec.configuration	RotateBytes specifies the maximum size in bytes before rotating logs.	-
OpenBaoCluster	spec.configuration.logging.rotateDuration	string	false	-	-	beta-stable	configuration	mutable	crd-schema,admission-policy,controller	none	required-if-changed	spec.configuration	RotateDuration specifies how often to rotate logs (e.g., "24h", "7d").	-
OpenBaoCluster	spec.configuration.logging.rotateMaxFiles	integer	false	-	format=int32; minimum=0	beta-stable	configuration	mutable	crd-schema,admission-policy,controller	none	required-if-changed	spec.configuration	RotateMaxFiles is the maximum number of rotated log files to keep.	-
OpenBaoCluster	spec.configuration.maxLeaseTTL	string	false	-	-	beta-stable	configuration	mutable	crd-schema,admission-policy,controller	none	required-if-changed	spec.configuration.maxLeaseTTL	MaxLeaseTTL is the maximum lease TTL for tokens and secrets (e.g., "8760h", "1y").	omission: OpenBao applies its built-in maximum lease TTL
OpenBaoCluster	spec.configuration.plugin	object	false	-	-	beta-stable	configuration	mutable	crd-schema,admission-policy,controller	none	required-if-changed	spec.configuration	Plugin allows configuring plugin behavior.	-
OpenBaoCluster	spec.configuration.plugin.autoDownload	boolean	false	-	-	beta-stable	configuration	mutable	crd-schema,admission-policy,controller	none	required-if-changed	spec.configuration	AutoDownload controls automatic plugin downloads from OCI registries.	-
OpenBaoCluster	spec.configuration.plugin.autoRegister	boolean	false	-	-	beta-stable	configuration	mutable	crd-schema,admission-policy,controller	none	required-if-changed	spec.configuration	AutoRegister controls automatic plugin registration.	-
OpenBaoCluster	spec.configuration.plugin.downloadBehavior	string	false	-	enum="fail","continue"	beta-stable	configuration	mutable	crd-schema,admission-policy,controller	none	required-if-changed	spec.configuration.plugin.downloadBehavior	DownloadBehavior controls whether OpenBao startup fails or continues when declarative OCI plugin downloads fail.	omission: OpenBao fails startup when a declarative plugin download fails
OpenBaoCluster	spec.configuration.plugin.filePermissions	string	false	-	-	beta-stable	configuration	mutable	crd-schema,admission-policy,controller	none	required-if-changed	spec.configuration	FilePermissions are the file permissions for plugin files (e.g., "0755").	-
OpenBaoCluster	spec.configuration.plugin.fileUID	integer	false	-	format=int64	beta-stable	configuration	mutable	crd-schema,admission-policy,controller	none	required-if-changed	spec.configuration	FileUID is the UID to use for plugin files.	-
OpenBaoCluster	spec.configuration.raft	object	false	-	-	beta-stable	configuration	mutable	crd-schema,admission-policy,controller	none	required-if-changed	spec.configuration	Raft allows tuning the Raft storage backend.	-
OpenBaoCluster	spec.configuration.raft.autopilot	object	false	-	-	beta-stable	configuration	mutable	crd-schema,admission-policy,controller	none	required-if-changed	spec.configuration	Autopilot configures Raft Autopilot settings.	-
OpenBaoCluster	spec.configuration.raft.autopilot.cleanupDeadServers	boolean	false	true	-	beta-stable	configuration	mutable	crd-schema,admission-policy,controller	none	required-if-changed	spec.configuration	CleanupDeadServers enables automatic removal of dead Raft peers.	-
OpenBaoCluster	spec.configuration.raft.autopilot.deadServerLastContactThreshold	string	false	"5m"	-	beta-stable	configuration	mutable	crd-schema,admission-policy,controller	none	required-if-changed	spec.configuration	DeadServerLastContactThreshold is the duration after which a server is considered dead if it hasn't contacted the leader.	-
OpenBaoCluster	spec.configuration.raft.autopilot.lastContactThreshold	string	false	-	-	beta-stable	configuration	mutable	crd-schema,admission-policy,controller	none	required-if-changed	spec.configuration	LastContactThreshold is the limit on the amount of time a server can go without leader contact before being considered unhealthy.	-
OpenBaoCluster	spec.configuration.raft.autopilot.maxTrailingLogs	integer	false	-	format=int32	beta-stable	configuration	mutable	crd-schema,admission-policy,controller	none	required-if-changed	spec.configuration	MaxTrailingLogs is the amount of entries in the Raft Log that a server can be behind before being considered unhealthy.	-
OpenBaoCluster	spec.configuration.raft.autopilot.minQuorum	integer	false	-	format=int32; minimum=3	beta-stable	configuration	mutable	crd-schema,admission-policy,controller	none	required-if-changed	spec.configuration.raft.autopilot.minQuorum	MinQuorum is the minimum number of servers before Autopilot can prune dead servers.	omission: controller derives max(3, replicas/2 + 1)
OpenBaoCluster	spec.configuration.raft.autopilot.serverStabilizationTime	string	false	-	-	beta-stable	configuration	mutable	crd-schema,admission-policy,controller	none	required-if-changed	spec.configuration	ServerStabilizationTime is the minimum time a server must be healthy before being promoted to voter.	-
OpenBaoCluster	spec.configuration.raft.performanceMultiplier	integer	false	-	format=int32; minimum=0	beta-stable	configuration	mutable	crd-schema,admission-policy,controller	none	required-if-changed	spec.configuration	PerformanceMultiplier scales the Raft timing parameters.	-
OpenBaoCluster	spec.configuration.rawStorageEndpoint	boolean	false	-	-	beta-stable	configuration	mutable	crd-schema,admission-policy,controller	none	required-if-changed	spec.configuration	RawStorageEndpoint enables the raw storage endpoint.	-
OpenBaoCluster	spec.configuration.ui	boolean	false	true	-	beta-stable	configuration	mutable	crd-schema,admission-policy,controller	none	required-if-changed	spec.configuration	UI enables the built-in web interface.	-
OpenBaoCluster	spec.configuration.unsafeAllowAPIAuditCreation	boolean	false	-	-	beta-stable	configuration	mutable	crd-schema,admission-policy,controller	none	required-if-changed	spec.configuration	UnsafeAllowAPIAuditCreation allows API-based audit device creation.	-
OpenBaoCluster	spec.controllerJWTMode	string	false	-	enum="Shared","Target"	additive-unfrozen	authentication	mutable	crd-schema,admission-policy,controller	none	required-if-changed	spec.controllerJWTMode	ControllerJWTMode selects the credential used by the controller for OpenBao.	omission: installation-scoped Shared controller JWT authentication; Target mode requires administrator preparation of existing JWT roles; executor identities are unchanged.
OpenBaoCluster	spec.deletionPolicy	string	false	-	enum="Retain","DeletePVCs","DeleteAll"	beta-stable	lifecycle	mutable	crd-schema,controller	none	required-if-changed	spec.deletionPolicy	DeletionPolicy controls what happens to underlying resources when the CR is deleted.	-
OpenBaoCluster	spec.gateway	object	false	-	-	additive-unfrozen	networking	mutable	crd-schema,controller	none	required-if-changed	spec.gateway	Gateway configures Kubernetes Gateway API access (alternative to Ingress).	-
OpenBaoCluster	spec.gateway.annotations	object	false	-	additionalProperties=true	additive-unfrozen	networking	mutable	crd-schema,controller	none	required-if-changed	spec.gateway	Annotations to apply to the HTTPRoute resource.	-
OpenBaoCluster	spec.gateway.annotations.*	string	false	-	-	additive-unfrozen	networking	mutable	crd-schema,controller	none	required-if-changed	spec.gateway	-	-
OpenBaoCluster	spec.gateway.backendTLS	object	false	-	-	additive-unfrozen	networking	mutable	crd-schema,controller	none	required-if-changed	spec.gateway	BackendTLS configures BackendTLSPolicy for end-to-end TLS between the Gateway and OpenBao.	-
OpenBaoCluster	spec.gateway.backendTLS.enabled	boolean	false	true	-	additive-unfrozen	networking	mutable	crd-schema,controller	none	required-if-changed	spec.gateway	Enabled controls whether the Operator creates a BackendTLSPolicy.	-
OpenBaoCluster	spec.gateway.backendTLS.hostname	string	false	-	-	additive-unfrozen	networking	mutable	crd-schema,controller	none	required-if-changed	spec.gateway	Hostname is the hostname to verify in the backend certificate.	-
OpenBaoCluster	spec.gateway.enabled	boolean	true	-	-	additive-unfrozen	networking	mutable	crd-schema,controller	none	required-if-changed	spec.gateway	Enabled activates Gateway API support for this cluster.	-
OpenBaoCluster	spec.gateway.gatewayRef	object	true	-	-	additive-unfrozen	networking	mutable	crd-schema,controller	none	required-if-changed	spec.gateway	GatewayRef references an existing Gateway resource that will handle traffic for this OpenBao cluster.	-
OpenBaoCluster	spec.gateway.gatewayRef.name	string	true	-	minLength=1	additive-unfrozen	networking	mutable	crd-schema,controller	none	required-if-changed	spec.gateway	Name of the Gateway resource.	-
OpenBaoCluster	spec.gateway.gatewayRef.namespace	string	false	-	-	additive-unfrozen	networking	mutable	crd-schema,controller	none	required-if-changed	spec.gateway	Namespace of the Gateway resource.	-
OpenBaoCluster	spec.gateway.hostname	string	true	-	minLength=1	additive-unfrozen	networking	mutable	crd-schema,controller	none	required-if-changed	spec.gateway	Hostname for routing traffic to this OpenBao cluster.	-
OpenBaoCluster	spec.gateway.listenerName	string	false	-	-	additive-unfrozen	networking	mutable	crd-schema,controller	none	required-if-changed	spec.gateway	ListenerName optionally targets a specific listener (sectionName) on the referenced Gateway.	-
OpenBaoCluster	spec.gateway.path	string	false	-	-	additive-unfrozen	networking	mutable	crd-schema,controller	none	required-if-changed	spec.gateway	Path prefix for the HTTPRoute (defaults to "/").	-
OpenBaoCluster	spec.gateway.tlsPassthrough	boolean	false	-	-	additive-unfrozen	networking	mutable	crd-schema,controller	none	required-if-changed	spec.gateway	TLSPassthrough enables TLS passthrough mode using TLSRoute instead of HTTPRoute.	-
OpenBaoCluster	spec.image	string	false	-	-	beta-stable	workload	mutable	crd-schema,controller	none	required-if-changed	spec.image	Image is the container image to run; defaults may be derived from Version.	omission: controller derives the OpenBao image from spec.version
OpenBaoCluster	spec.imagePullSecrets	array<object>	false	-	-	beta-stable	workload	mutable	crd-schema,controller	none	required-if-changed	spec.imagePullSecrets	ImagePullSecrets is a list of references to secrets in the same namespace to use for pulling any images used by this Cluster (server, init, sidecars).	-
OpenBaoCluster	spec.imagePullSecrets[]	object	false	-	x-kubernetes-map-type=atomic	beta-stable	workload	mutable	crd-schema,controller	none	required-if-changed	spec.imagePullSecrets	LocalObjectReference contains enough information to let you locate the referenced object inside the same namespace.	-
OpenBaoCluster	spec.imagePullSecrets[].name	string	false	""	-	beta-stable	workload	mutable	crd-schema,controller	none	required-if-changed	spec.imagePullSecrets	Name of the referent.	-
OpenBaoCluster	spec.imageVerification	object	false	-	-	beta-stable	supply-chain-security	mutable	crd-schema,admission-policy,controller	none	required-if-changed	spec.imageVerification	ImageVerification configures supply chain security checks.	-
OpenBaoCluster	spec.imageVerification.enabled	boolean	true	-	-	beta-stable	supply-chain-security	mutable	crd-schema,admission-policy,controller	none	required-if-changed	spec.imageVerification	Enabled controls whether image verification is enforced.	-
OpenBaoCluster	spec.imageVerification.failurePolicy	string	true	"Block"	enum="Warn","Block"	beta-stable	supply-chain-security	mutable	crd-schema,admission-policy,controller	none	required-if-changed	spec.imageVerification	FailurePolicy defines behavior on verification failure.	-
OpenBaoCluster	spec.imageVerification.ignoreTlog	boolean	false	false	-	beta-stable	supply-chain-security	mutable	crd-schema,admission-policy,controller	none	required-if-changed	spec.imageVerification	IgnoreTlog controls whether to verify against the Rekor transparency log.	-
OpenBaoCluster	spec.imageVerification.imagePullSecrets	array<object>	false	-	-	beta-stable	supply-chain-security	mutable	crd-schema,admission-policy,controller	none	required-if-changed	spec.imageVerification	ImagePullSecrets is a list of references to secrets in the same namespace to use for pulling images from private registries during verification.	-
OpenBaoCluster	spec.imageVerification.imagePullSecrets[]	object	false	-	x-kubernetes-map-type=atomic	beta-stable	supply-chain-security	mutable	crd-schema,admission-policy,controller	none	required-if-changed	spec.imageVerification	LocalObjectReference contains enough information to let you locate the referenced object inside the same namespace.	-
OpenBaoCluster	spec.imageVerification.imagePullSecrets[].name	string	false	""	-	beta-stable	supply-chain-security	mutable	crd-schema,admission-policy,controller	none	required-if-changed	spec.imageVerification	Name of the referent.	-
OpenBaoCluster	spec.imageVerification.issuer	string	false	-	-	beta-stable	supply-chain-security	mutable	crd-schema,admission-policy,controller	none	required-if-changed	spec.imageVerification	Issuer is the OIDC issuer for keyless verification (e.g., https://token.actions.githubusercontent.com).	-
OpenBaoCluster	spec.imageVerification.issuerRegExp	string	false	-	-	beta-stable	supply-chain-security	mutable	crd-schema,admission-policy,controller	none	required-if-changed	spec.imageVerification	IssuerRegExp is a regular expression for the OIDC issuer when using keyless verification.	-
OpenBaoCluster	spec.imageVerification.publicKey	string	false	-	-	beta-stable	supply-chain-security	mutable	crd-schema,admission-policy,controller	none	required-if-changed	spec.imageVerification	PublicKey is the Cosign public key content used to verify the signature.	-
OpenBaoCluster	spec.imageVerification.subject	string	false	-	-	beta-stable	supply-chain-security	mutable	crd-schema,admission-policy,controller	none	required-if-changed	spec.imageVerification	Subject is the OIDC subject for keyless verification.	-
OpenBaoCluster	spec.imageVerification.subjectRegExp	string	false	-	-	beta-stable	supply-chain-security	mutable	crd-schema,admission-policy,controller	none	required-if-changed	spec.imageVerification	SubjectRegExp is a regular expression for the OIDC subject when using keyless verification.	-
OpenBaoCluster	spec.ingress	object	false	-	-	beta-stable	networking	mutable	crd-schema,controller	none	required-if-changed	spec.ingress	Ingress configures optional HTTP(S) ingress in front of the OpenBao Service.	omission: managed Ingress is disabled
OpenBaoCluster	spec.ingress.annotations	object	false	-	additionalProperties=true	beta-stable	networking	mutable	crd-schema,controller	none	required-if-changed	spec.ingress	Annotations are additional annotations to apply to the Ingress.	-
OpenBaoCluster	spec.ingress.annotations.*	string	false	-	-	beta-stable	networking	mutable	crd-schema,controller	none	required-if-changed	spec.ingress	-	-
OpenBaoCluster	spec.ingress.className	string	false	-	-	beta-stable	networking	mutable	crd-schema,controller	none	required-if-changed	spec.ingress	ClassName is an optional IngressClassName (for example, "nginx", "traefik").	-
OpenBaoCluster	spec.ingress.enabled	boolean	false	-	-	beta-stable	networking	mutable	crd-schema,controller	none	required-if-changed	spec.ingress	Enabled controls whether the Operator manages an Ingress for external access.	-
OpenBaoCluster	spec.ingress.host	string	true	-	minLength=1	beta-stable	networking	mutable	crd-schema,controller	none	required-if-changed	spec.ingress	Host is the primary host for external access, for example "bao.example.com".	-
OpenBaoCluster	spec.ingress.path	string	false	-	-	beta-stable	networking	mutable	crd-schema,controller	none	required-if-changed	spec.ingress.path	Path is the HTTP path to route to OpenBao, defaulting to "/".	omission: path is /
OpenBaoCluster	spec.ingress.pathType	string	false	"Prefix"	enum="Prefix","Exact","ImplementationSpecific"	beta-stable	networking	mutable	crd-schema,controller	none	required-if-changed	spec.ingress	PathType identifies how the ingress controller should interpret Path.	-
OpenBaoCluster	spec.ingress.readinessMode	string	false	"LoadBalancerPublished"	enum="Created","LoadBalancerPublished"	beta-stable	networking	mutable	crd-schema,controller	none	required-if-changed	spec.ingress	ReadinessMode identifies when the operator should consider ingress integration ready for endpoint publication.	-
OpenBaoCluster	spec.ingress.tlsSecretName	string	false	-	-	beta-stable	networking	mutable	crd-schema,controller	none	required-if-changed	spec.ingress.tlsSecretName	TLSSecretName is an optional TLS Secret name; when empty the cluster TLS Secret is used.	omission: controller uses the cluster TLS Secret
OpenBaoCluster	spec.initContainer	object	false	-	-	beta-stable	workload	mutable	crd-schema,controller	none	required-if-changed	spec.initContainer	InitContainer configures the init container used to render OpenBao configuration.	-
OpenBaoCluster	spec.initContainer.enabled	boolean	false	true	-	beta-stable	workload	mutable	crd-schema,controller	none	required-if-changed	spec.initContainer	Enabled controls whether the init container is used to render the configuration.	-
OpenBaoCluster	spec.initContainer.image	string	false	-	-	beta-stable	workload	mutable	crd-schema,controller	none	required-if-changed	spec.initContainer.image	Image is the container image to use for the init container.	omission: controller derives the init image repository and operator-version tag
OpenBaoCluster	spec.maintenance	object	false	-	-	beta-stable	lifecycle	mutable	crd-schema,controller	none	required-if-changed	spec.maintenance	Maintenance configures supported maintenance workflows.	-
OpenBaoCluster	spec.maintenance.enabled	boolean	false	-	-	beta-stable	lifecycle	mutable	crd-schema,controller	none	required-if-changed	spec.maintenance	Enabled enables maintenance mode for this cluster.	-
OpenBaoCluster	spec.network	object	false	-	-	beta-stable	networking	mutable	crd-schema,admission-policy,controller	none	required-if-changed	spec.network	Network configures network-related settings for the cluster.	-
OpenBaoCluster	spec.network.apiServerCIDR	string	false	-	-	beta-stable	networking	mutable	crd-schema,admission-policy,controller	none	required-if-changed	spec.network	APIServerCIDR is an optional CIDR block for the Kubernetes API server.	-
OpenBaoCluster	spec.network.apiServerEndpointIPs	array<string>	false	-	-	beta-stable	networking	mutable	crd-schema,admission-policy,controller	none	required-if-changed	spec.network	APIServerEndpointIPs is an optional list of Kubernetes API server endpoint IPs.	-
OpenBaoCluster	spec.network.apiServerEndpointIPs[]	string	false	-	-	beta-stable	networking	mutable	crd-schema,admission-policy,controller	none	required-if-changed	spec.network	-	-
OpenBaoCluster	spec.network.dnsEndpointIPs	array<string>	false	-	-	beta-stable	networking	mutable	crd-schema,admission-policy,controller	none	required-if-changed	spec.network	DNSEndpointIPs is an optional list of DNS resolver endpoint IPs that should be allow-listed directly in the operator-managed NetworkPolicy on TCP/UDP port 53.	-
OpenBaoCluster	spec.network.dnsEndpointIPs[]	string	false	-	-	beta-stable	networking	mutable	crd-schema,admission-policy,controller	none	required-if-changed	spec.network	-	-
OpenBaoCluster	spec.network.dnsNamespace	string	false	"kube-system"	-	beta-stable	networking	mutable	crd-schema,admission-policy,controller	none	required-if-changed	spec.network.dnsNamespace	DNSNamespace specifies the namespace where the cluster DNS service resides.	omission: DNS namespace is kube-system
OpenBaoCluster	spec.network.egressRules	array<object>	false	-	-	beta-stable	networking	mutable	crd-schema,admission-policy,controller	none	required-if-changed	spec.network	EgressRules allows users to specify additional egress rules that will be merged into the operator-managed NetworkPolicy.	-
OpenBaoCluster	spec.network.egressRules[]	object	false	-	-	beta-stable	networking	mutable	crd-schema,admission-policy,controller	none	required-if-changed	spec.network	NetworkPolicyEgressRule describes a particular set of traffic that is allowed out of pods matched by a NetworkPolicySpec's podSelector.	-
OpenBaoCluster	spec.network.egressRules[].ports	array<object>	false	-	x-kubernetes-list-type=atomic	beta-stable	networking	mutable	crd-schema,admission-policy,controller	none	required-if-changed	spec.network	ports is a list of destination ports for outgoing traffic.	-
OpenBaoCluster	spec.network.egressRules[].ports[]	object	false	-	-	beta-stable	networking	mutable	crd-schema,admission-policy,controller	none	required-if-changed	spec.network	NetworkPolicyPort describes a port to allow traffic on	-
OpenBaoCluster	spec.network.egressRules[].ports[].endPort	integer	false	-	format=int32	beta-stable	networking	mutable	crd-schema,admission-policy,controller	none	required-if-changed	spec.network	endPort indicates that the range of ports from port to endPort if set, inclusive, should be allowed by the policy.	-
OpenBaoCluster	spec.network.egressRules[].ports[].port	anyOf	false	-	x-kubernetes-int-or-string	beta-stable	networking	mutable	crd-schema,admission-policy,controller	none	required-if-changed	spec.network	port represents the port on the given protocol.	-
OpenBaoCluster	spec.network.egressRules[].ports[].port.anyOf[0]	integer	false	-	-	beta-stable	networking	mutable	crd-schema,admission-policy,controller	none	required-if-changed	spec.network	-	-
OpenBaoCluster	spec.network.egressRules[].ports[].port.anyOf[1]	string	false	-	-	beta-stable	networking	mutable	crd-schema,admission-policy,controller	none	required-if-changed	spec.network	-	-
OpenBaoCluster	spec.network.egressRules[].ports[].protocol	string	false	-	-	beta-stable	networking	mutable	crd-schema,admission-policy,controller	none	required-if-changed	spec.network	protocol represents the protocol (TCP, UDP, or SCTP) which traffic must match.	-
OpenBaoCluster	spec.network.egressRules[].to	array<object>	false	-	x-kubernetes-list-type=atomic	beta-stable	networking	mutable	crd-schema,admission-policy,controller	none	required-if-changed	spec.network	to is a list of destinations for outgoing traffic of pods selected for this rule.	-
OpenBaoCluster	spec.network.egressRules[].to[]	object	false	-	-	beta-stable	networking	mutable	crd-schema,admission-policy,controller	none	required-if-changed	spec.network	NetworkPolicyPeer describes a peer to allow traffic to/from.	-
OpenBaoCluster	spec.network.egressRules[].to[].ipBlock	object	false	-	-	beta-stable	networking	mutable	crd-schema,admission-policy,controller	none	required-if-changed	spec.network	ipBlock defines policy on a particular IPBlock.	-
OpenBaoCluster	spec.network.egressRules[].to[].ipBlock.cidr	string	true	-	-	beta-stable	networking	mutable	crd-schema,admission-policy,controller	none	required-if-changed	spec.network	cidr is a string representing the IPBlock Valid examples are "192.168.1.0/24" or "2001:db8::/64"	-
OpenBaoCluster	spec.network.egressRules[].to[].ipBlock.except	array<string>	false	-	x-kubernetes-list-type=atomic	beta-stable	networking	mutable	crd-schema,admission-policy,controller	none	required-if-changed	spec.network	except is a slice of CIDRs that should not be included within an IPBlock Valid examples are "192.168.1.0/24" or "2001:db8::/64" Except values will be rejected if they are outside the cidr range	-
OpenBaoCluster	spec.network.egressRules[].to[].ipBlock.except[]	string	false	-	-	beta-stable	networking	mutable	crd-schema,admission-policy,controller	none	required-if-changed	spec.network	-	-
OpenBaoCluster	spec.network.egressRules[].to[].namespaceSelector	object	false	-	x-kubernetes-map-type=atomic	beta-stable	networking	mutable	crd-schema,admission-policy,controller	none	required-if-changed	spec.network	namespaceSelector selects namespaces using cluster-scoped labels.	-
OpenBaoCluster	spec.network.egressRules[].to[].namespaceSelector.matchExpressions	array<object>	false	-	x-kubernetes-list-type=atomic	beta-stable	networking	mutable	crd-schema,admission-policy,controller	none	required-if-changed	spec.network	matchExpressions is a list of label selector requirements.	-
OpenBaoCluster	spec.network.egressRules[].to[].namespaceSelector.matchExpressions[]	object	false	-	-	beta-stable	networking	mutable	crd-schema,admission-policy,controller	none	required-if-changed	spec.network	A label selector requirement is a selector that contains values, a key, and an operator that relates the key and values.	-
OpenBaoCluster	spec.network.egressRules[].to[].namespaceSelector.matchExpressions[].key	string	true	-	-	beta-stable	networking	mutable	crd-schema,admission-policy,controller	none	required-if-changed	spec.network	key is the label key that the selector applies to.	-
OpenBaoCluster	spec.network.egressRules[].to[].namespaceSelector.matchExpressions[].operator	string	true	-	-	beta-stable	networking	mutable	crd-schema,admission-policy,controller	none	required-if-changed	spec.network	operator represents a key's relationship to a set of values.	-
OpenBaoCluster	spec.network.egressRules[].to[].namespaceSelector.matchExpressions[].values	array<string>	false	-	x-kubernetes-list-type=atomic	beta-stable	networking	mutable	crd-schema,admission-policy,controller	none	required-if-changed	spec.network	values is an array of string values.	-
OpenBaoCluster	spec.network.egressRules[].to[].namespaceSelector.matchExpressions[].values[]	string	false	-	-	beta-stable	networking	mutable	crd-schema,admission-policy,controller	none	required-if-changed	spec.network	-	-
OpenBaoCluster	spec.network.egressRules[].to[].namespaceSelector.matchLabels	object	false	-	additionalProperties=true	beta-stable	networking	mutable	crd-schema,admission-policy,controller	none	required-if-changed	spec.network	matchLabels is a map of {key,value} pairs.	-
OpenBaoCluster	spec.network.egressRules[].to[].namespaceSelector.matchLabels.*	string	false	-	-	beta-stable	networking	mutable	crd-schema,admission-policy,controller	none	required-if-changed	spec.network	-	-
OpenBaoCluster	spec.network.egressRules[].to[].podSelector	object	false	-	x-kubernetes-map-type=atomic	beta-stable	networking	mutable	crd-schema,admission-policy,controller	none	required-if-changed	spec.network	podSelector is a label selector which selects pods.	-
OpenBaoCluster	spec.network.egressRules[].to[].podSelector.matchExpressions	array<object>	false	-	x-kubernetes-list-type=atomic	beta-stable	networking	mutable	crd-schema,admission-policy,controller	none	required-if-changed	spec.network	matchExpressions is a list of label selector requirements.	-
OpenBaoCluster	spec.network.egressRules[].to[].podSelector.matchExpressions[]	object	false	-	-	beta-stable	networking	mutable	crd-schema,admission-policy,controller	none	required-if-changed	spec.network	A label selector requirement is a selector that contains values, a key, and an operator that relates the key and values.	-
OpenBaoCluster	spec.network.egressRules[].to[].podSelector.matchExpressions[].key	string	true	-	-	beta-stable	networking	mutable	crd-schema,admission-policy,controller	none	required-if-changed	spec.network	key is the label key that the selector applies to.	-
OpenBaoCluster	spec.network.egressRules[].to[].podSelector.matchExpressions[].operator	string	true	-	-	beta-stable	networking	mutable	crd-schema,admission-policy,controller	none	required-if-changed	spec.network	operator represents a key's relationship to a set of values.	-
OpenBaoCluster	spec.network.egressRules[].to[].podSelector.matchExpressions[].values	array<string>	false	-	x-kubernetes-list-type=atomic	beta-stable	networking	mutable	crd-schema,admission-policy,controller	none	required-if-changed	spec.network	values is an array of string values.	-
OpenBaoCluster	spec.network.egressRules[].to[].podSelector.matchExpressions[].values[]	string	false	-	-	beta-stable	networking	mutable	crd-schema,admission-policy,controller	none	required-if-changed	spec.network	-	-
OpenBaoCluster	spec.network.egressRules[].to[].podSelector.matchLabels	object	false	-	additionalProperties=true	beta-stable	networking	mutable	crd-schema,admission-policy,controller	none	required-if-changed	spec.network	matchLabels is a map of {key,value} pairs.	-
OpenBaoCluster	spec.network.egressRules[].to[].podSelector.matchLabels.*	string	false	-	-	beta-stable	networking	mutable	crd-schema,admission-policy,controller	none	required-if-changed	spec.network	-	-
OpenBaoCluster	spec.network.ingressRules	array<object>	false	-	-	beta-stable	networking	mutable	crd-schema,admission-policy,controller	none	required-if-changed	spec.network	IngressRules allows users to specify additional ingress rules that will be merged into the operator-managed NetworkPolicy.	-
OpenBaoCluster	spec.network.ingressRules[]	object	false	-	-	beta-stable	networking	mutable	crd-schema,admission-policy,controller	none	required-if-changed	spec.network	NetworkPolicyIngressRule describes a particular set of traffic that is allowed to the pods matched by a NetworkPolicySpec's podSelector.	-
OpenBaoCluster	spec.network.ingressRules[].from	array<object>	false	-	x-kubernetes-list-type=atomic	beta-stable	networking	mutable	crd-schema,admission-policy,controller	none	required-if-changed	spec.network	from is a list of sources which should be able to access the pods selected for this rule.	-
OpenBaoCluster	spec.network.ingressRules[].from[]	object	false	-	-	beta-stable	networking	mutable	crd-schema,admission-policy,controller	none	required-if-changed	spec.network	NetworkPolicyPeer describes a peer to allow traffic to/from.	-
OpenBaoCluster	spec.network.ingressRules[].from[].ipBlock	object	false	-	-	beta-stable	networking	mutable	crd-schema,admission-policy,controller	none	required-if-changed	spec.network	ipBlock defines policy on a particular IPBlock.	-
OpenBaoCluster	spec.network.ingressRules[].from[].ipBlock.cidr	string	true	-	-	beta-stable	networking	mutable	crd-schema,admission-policy,controller	none	required-if-changed	spec.network	cidr is a string representing the IPBlock Valid examples are "192.168.1.0/24" or "2001:db8::/64"	-
OpenBaoCluster	spec.network.ingressRules[].from[].ipBlock.except	array<string>	false	-	x-kubernetes-list-type=atomic	beta-stable	networking	mutable	crd-schema,admission-policy,controller	none	required-if-changed	spec.network	except is a slice of CIDRs that should not be included within an IPBlock Valid examples are "192.168.1.0/24" or "2001:db8::/64" Except values will be rejected if they are outside the cidr range	-
OpenBaoCluster	spec.network.ingressRules[].from[].ipBlock.except[]	string	false	-	-	beta-stable	networking	mutable	crd-schema,admission-policy,controller	none	required-if-changed	spec.network	-	-
OpenBaoCluster	spec.network.ingressRules[].from[].namespaceSelector	object	false	-	x-kubernetes-map-type=atomic	beta-stable	networking	mutable	crd-schema,admission-policy,controller	none	required-if-changed	spec.network	namespaceSelector selects namespaces using cluster-scoped labels.	-
OpenBaoCluster	spec.network.ingressRules[].from[].namespaceSelector.matchExpressions	array<object>	false	-	x-kubernetes-list-type=atomic	beta-stable	networking	mutable	crd-schema,admission-policy,controller	none	required-if-changed	spec.network	matchExpressions is a list of label selector requirements.	-
OpenBaoCluster	spec.network.ingressRules[].from[].namespaceSelector.matchExpressions[]	object	false	-	-	beta-stable	networking	mutable	crd-schema,admission-policy,controller	none	required-if-changed	spec.network	A label selector requirement is a selector that contains values, a key, and an operator that relates the key and values.	-
OpenBaoCluster	spec.network.ingressRules[].from[].namespaceSelector.matchExpressions[].key	string	true	-	-	beta-stable	networking	mutable	crd-schema,admission-policy,controller	none	required-if-changed	spec.network	key is the label key that the selector applies to.	-
OpenBaoCluster	spec.network.ingressRules[].from[].namespaceSelector.matchExpressions[].operator	string	true	-	-	beta-stable	networking	mutable	crd-schema,admission-policy,controller	none	required-if-changed	spec.network	operator represents a key's relationship to a set of values.	-
OpenBaoCluster	spec.network.ingressRules[].from[].namespaceSelector.matchExpressions[].values	array<string>	false	-	x-kubernetes-list-type=atomic	beta-stable	networking	mutable	crd-schema,admission-policy,controller	none	required-if-changed	spec.network	values is an array of string values.	-
OpenBaoCluster	spec.network.ingressRules[].from[].namespaceSelector.matchExpressions[].values[]	string	false	-	-	beta-stable	networking	mutable	crd-schema,admission-policy,controller	none	required-if-changed	spec.network	-	-
OpenBaoCluster	spec.network.ingressRules[].from[].namespaceSelector.matchLabels	object	false	-	additionalProperties=true	beta-stable	networking	mutable	crd-schema,admission-policy,controller	none	required-if-changed	spec.network	matchLabels is a map of {key,value} pairs.	-
OpenBaoCluster	spec.network.ingressRules[].from[].namespaceSelector.matchLabels.*	string	false	-	-	beta-stable	networking	mutable	crd-schema,admission-policy,controller	none	required-if-changed	spec.network	-	-
OpenBaoCluster	spec.network.ingressRules[].from[].podSelector	object	false	-	x-kubernetes-map-type=atomic	beta-stable	networking	mutable	crd-schema,admission-policy,controller	none	required-if-changed	spec.network	podSelector is a label selector which selects pods.	-
OpenBaoCluster	spec.network.ingressRules[].from[].podSelector.matchExpressions	array<object>	false	-	x-kubernetes-list-type=atomic	beta-stable	networking	mutable	crd-schema,admission-policy,controller	none	required-if-changed	spec.network	matchExpressions is a list of label selector requirements.	-
OpenBaoCluster	spec.network.ingressRules[].from[].podSelector.matchExpressions[]	object	false	-	-	beta-stable	networking	mutable	crd-schema,admission-policy,controller	none	required-if-changed	spec.network	A label selector requirement is a selector that contains values, a key, and an operator that relates the key and values.	-
OpenBaoCluster	spec.network.ingressRules[].from[].podSelector.matchExpressions[].key	string	true	-	-	beta-stable	networking	mutable	crd-schema,admission-policy,controller	none	required-if-changed	spec.network	key is the label key that the selector applies to.	-
OpenBaoCluster	spec.network.ingressRules[].from[].podSelector.matchExpressions[].operator	string	true	-	-	beta-stable	networking	mutable	crd-schema,admission-policy,controller	none	required-if-changed	spec.network	operator represents a key's relationship to a set of values.	-
OpenBaoCluster	spec.network.ingressRules[].from[].podSelector.matchExpressions[].values	array<string>	false	-	x-kubernetes-list-type=atomic	beta-stable	networking	mutable	crd-schema,admission-policy,controller	none	required-if-changed	spec.network	values is an array of string values.	-
OpenBaoCluster	spec.network.ingressRules[].from[].podSelector.matchExpressions[].values[]	string	false	-	-	beta-stable	networking	mutable	crd-schema,admission-policy,controller	none	required-if-changed	spec.network	-	-
OpenBaoCluster	spec.network.ingressRules[].from[].podSelector.matchLabels	object	false	-	additionalProperties=true	beta-stable	networking	mutable	crd-schema,admission-policy,controller	none	required-if-changed	spec.network	matchLabels is a map of {key,value} pairs.	-
OpenBaoCluster	spec.network.ingressRules[].from[].podSelector.matchLabels.*	string	false	-	-	beta-stable	networking	mutable	crd-schema,admission-policy,controller	none	required-if-changed	spec.network	-	-
OpenBaoCluster	spec.network.ingressRules[].ports	array<object>	false	-	x-kubernetes-list-type=atomic	beta-stable	networking	mutable	crd-schema,admission-policy,controller	none	required-if-changed	spec.network	ports is a list of ports which should be made accessible on the pods selected for this rule.	-
OpenBaoCluster	spec.network.ingressRules[].ports[]	object	false	-	-	beta-stable	networking	mutable	crd-schema,admission-policy,controller	none	required-if-changed	spec.network	NetworkPolicyPort describes a port to allow traffic on	-
OpenBaoCluster	spec.network.ingressRules[].ports[].endPort	integer	false	-	format=int32	beta-stable	networking	mutable	crd-schema,admission-policy,controller	none	required-if-changed	spec.network	endPort indicates that the range of ports from port to endPort if set, inclusive, should be allowed by the policy.	-
OpenBaoCluster	spec.network.ingressRules[].ports[].port	anyOf	false	-	x-kubernetes-int-or-string	beta-stable	networking	mutable	crd-schema,admission-policy,controller	none	required-if-changed	spec.network	port represents the port on the given protocol.	-
OpenBaoCluster	spec.network.ingressRules[].ports[].port.anyOf[0]	integer	false	-	-	beta-stable	networking	mutable	crd-schema,admission-policy,controller	none	required-if-changed	spec.network	-	-
OpenBaoCluster	spec.network.ingressRules[].ports[].port.anyOf[1]	string	false	-	-	beta-stable	networking	mutable	crd-schema,admission-policy,controller	none	required-if-changed	spec.network	-	-
OpenBaoCluster	spec.network.ingressRules[].ports[].protocol	string	false	-	-	beta-stable	networking	mutable	crd-schema,admission-policy,controller	none	required-if-changed	spec.network	protocol represents the protocol (TCP, UDP, or SCTP) which traffic must match.	-
OpenBaoCluster	spec.network.trustedIngressPeers	array<object>	false	-	-	beta-stable	networking	mutable	crd-schema,admission-policy,controller	none	required-if-changed	spec.network	TrustedIngressPeers allows users to declare ingress-controller or passthrough-proxy peers that should be allowed to reach OpenBao on the API port without writing full raw NetworkPolicy ingress rules.	-
OpenBaoCluster	spec.network.trustedIngressPeers[]	object	false	-	-	beta-stable	networking	mutable	crd-schema,admission-policy,controller	none	required-if-changed	spec.network	NetworkPolicyPeer describes a peer to allow traffic to/from.	-
OpenBaoCluster	spec.network.trustedIngressPeers[].ipBlock	object	false	-	-	beta-stable	networking	mutable	crd-schema,admission-policy,controller	none	required-if-changed	spec.network	ipBlock defines policy on a particular IPBlock.	-
OpenBaoCluster	spec.network.trustedIngressPeers[].ipBlock.cidr	string	true	-	-	beta-stable	networking	mutable	crd-schema,admission-policy,controller	none	required-if-changed	spec.network	cidr is a string representing the IPBlock Valid examples are "192.168.1.0/24" or "2001:db8::/64"	-
OpenBaoCluster	spec.network.trustedIngressPeers[].ipBlock.except	array<string>	false	-	x-kubernetes-list-type=atomic	beta-stable	networking	mutable	crd-schema,admission-policy,controller	none	required-if-changed	spec.network	except is a slice of CIDRs that should not be included within an IPBlock Valid examples are "192.168.1.0/24" or "2001:db8::/64" Except values will be rejected if they are outside the cidr range	-
OpenBaoCluster	spec.network.trustedIngressPeers[].ipBlock.except[]	string	false	-	-	beta-stable	networking	mutable	crd-schema,admission-policy,controller	none	required-if-changed	spec.network	-	-
OpenBaoCluster	spec.network.trustedIngressPeers[].namespaceSelector	object	false	-	x-kubernetes-map-type=atomic	beta-stable	networking	mutable	crd-schema,admission-policy,controller	none	required-if-changed	spec.network	namespaceSelector selects namespaces using cluster-scoped labels.	-
OpenBaoCluster	spec.network.trustedIngressPeers[].namespaceSelector.matchExpressions	array<object>	false	-	x-kubernetes-list-type=atomic	beta-stable	networking	mutable	crd-schema,admission-policy,controller	none	required-if-changed	spec.network	matchExpressions is a list of label selector requirements.	-
OpenBaoCluster	spec.network.trustedIngressPeers[].namespaceSelector.matchExpressions[]	object	false	-	-	beta-stable	networking	mutable	crd-schema,admission-policy,controller	none	required-if-changed	spec.network	A label selector requirement is a selector that contains values, a key, and an operator that relates the key and values.	-
OpenBaoCluster	spec.network.trustedIngressPeers[].namespaceSelector.matchExpressions[].key	string	true	-	-	beta-stable	networking	mutable	crd-schema,admission-policy,controller	none	required-if-changed	spec.network	key is the label key that the selector applies to.	-
OpenBaoCluster	spec.network.trustedIngressPeers[].namespaceSelector.matchExpressions[].operator	string	true	-	-	beta-stable	networking	mutable	crd-schema,admission-policy,controller	none	required-if-changed	spec.network	operator represents a key's relationship to a set of values.	-
OpenBaoCluster	spec.network.trustedIngressPeers[].namespaceSelector.matchExpressions[].values	array<string>	false	-	x-kubernetes-list-type=atomic	beta-stable	networking	mutable	crd-schema,admission-policy,controller	none	required-if-changed	spec.network	values is an array of string values.	-
OpenBaoCluster	spec.network.trustedIngressPeers[].namespaceSelector.matchExpressions[].values[]	string	false	-	-	beta-stable	networking	mutable	crd-schema,admission-policy,controller	none	required-if-changed	spec.network	-	-
OpenBaoCluster	spec.network.trustedIngressPeers[].namespaceSelector.matchLabels	object	false	-	additionalProperties=true	beta-stable	networking	mutable	crd-schema,admission-policy,controller	none	required-if-changed	spec.network	matchLabels is a map of {key,value} pairs.	-
OpenBaoCluster	spec.network.trustedIngressPeers[].namespaceSelector.matchLabels.*	string	false	-	-	beta-stable	networking	mutable	crd-schema,admission-policy,controller	none	required-if-changed	spec.network	-	-
OpenBaoCluster	spec.network.trustedIngressPeers[].podSelector	object	false	-	x-kubernetes-map-type=atomic	beta-stable	networking	mutable	crd-schema,admission-policy,controller	none	required-if-changed	spec.network	podSelector is a label selector which selects pods.	-
OpenBaoCluster	spec.network.trustedIngressPeers[].podSelector.matchExpressions	array<object>	false	-	x-kubernetes-list-type=atomic	beta-stable	networking	mutable	crd-schema,admission-policy,controller	none	required-if-changed	spec.network	matchExpressions is a list of label selector requirements.	-
OpenBaoCluster	spec.network.trustedIngressPeers[].podSelector.matchExpressions[]	object	false	-	-	beta-stable	networking	mutable	crd-schema,admission-policy,controller	none	required-if-changed	spec.network	A label selector requirement is a selector that contains values, a key, and an operator that relates the key and values.	-
OpenBaoCluster	spec.network.trustedIngressPeers[].podSelector.matchExpressions[].key	string	true	-	-	beta-stable	networking	mutable	crd-schema,admission-policy,controller	none	required-if-changed	spec.network	key is the label key that the selector applies to.	-
OpenBaoCluster	spec.network.trustedIngressPeers[].podSelector.matchExpressions[].operator	string	true	-	-	beta-stable	networking	mutable	crd-schema,admission-policy,controller	none	required-if-changed	spec.network	operator represents a key's relationship to a set of values.	-
OpenBaoCluster	spec.network.trustedIngressPeers[].podSelector.matchExpressions[].values	array<string>	false	-	x-kubernetes-list-type=atomic	beta-stable	networking	mutable	crd-schema,admission-policy,controller	none	required-if-changed	spec.network	values is an array of string values.	-
OpenBaoCluster	spec.network.trustedIngressPeers[].podSelector.matchExpressions[].values[]	string	false	-	-	beta-stable	networking	mutable	crd-schema,admission-policy,controller	none	required-if-changed	spec.network	-	-
OpenBaoCluster	spec.network.trustedIngressPeers[].podSelector.matchLabels	object	false	-	additionalProperties=true	beta-stable	networking	mutable	crd-schema,admission-policy,controller	none	required-if-changed	spec.network	matchLabels is a map of {key,value} pairs.	-
OpenBaoCluster	spec.network.trustedIngressPeers[].podSelector.matchLabels.*	string	false	-	-	beta-stable	networking	mutable	crd-schema,admission-policy,controller	none	required-if-changed	spec.network	-	-
OpenBaoCluster	spec.observability	object	false	-	-	additive-unfrozen	observability	mutable	crd-schema,controller	none	required-if-changed	spec.observability	Observability configures telemetry and metrics integration.	-
OpenBaoCluster	spec.observability.metrics	object	false	-	-	additive-unfrozen	observability	mutable	crd-schema,controller	none	required-if-changed	spec.observability	Metrics configures integration with Prometheus/OpenMetrics.	-
OpenBaoCluster	spec.observability.metrics.enabled	boolean	true	false	-	additive-unfrozen	observability	mutable	crd-schema,controller	none	required-if-changed	spec.observability	Enabled configures the OpenBao telemetry stanza and creates a ServiceMonitor.	-
OpenBaoCluster	spec.observability.metrics.metricsOnlyListener	object	false	-	-	additive-unfrozen	observability	mutable	crd-schema,controller	none	required-if-changed	spec.observability	MetricsOnlyListener configures a dedicated listener for metrics scraping.	-
OpenBaoCluster	spec.observability.metrics.metricsOnlyListener.enabled	boolean	false	-	-	additive-unfrozen	observability	mutable	crd-schema,controller	none	required-if-changed	spec.observability	Enabled controls whether to render the dedicated metrics-only listener.	-
OpenBaoCluster	spec.observability.metrics.metricsOnlyListener.port	integer	false	8202	format=int32; minimum=1; maximum=65535	additive-unfrozen	observability	mutable	crd-schema,controller	none	required-if-changed	spec.observability	Port is the dedicated metrics listener port.	-
OpenBaoCluster	spec.observability.metrics.metricsOnlyListener.unauthenticatedMetricsAccess	boolean	false	-	-	additive-unfrozen	observability	mutable	crd-schema,controller	none	required-if-changed	spec.observability	UnauthenticatedMetricsAccess allows unauthenticated access to /v1/sys/metrics on the metrics-only listener.	-
OpenBaoCluster	spec.observability.metrics.scrapeProfile	string	false	"Active"	enum="Active","AllNodes"	additive-unfrozen	observability	mutable	crd-schema,controller	none	required-if-changed	spec.observability	ScrapeProfile selects which OpenBao pods are targeted by generated scrape resources.	-
OpenBaoCluster	spec.observability.metrics.serviceMonitor	object	false	-	-	additive-unfrozen	observability	mutable	crd-schema,controller	none	required-if-changed	spec.observability	ServiceMonitor controls whether to create a Prometheus Operator ServiceMonitor.	-
OpenBaoCluster	spec.observability.metrics.serviceMonitor.annotations	object	false	-	additionalProperties=true	additive-unfrozen	observability	mutable	crd-schema,controller	none	required-if-changed	spec.observability	Annotations are added to the ServiceMonitor metadata.	-
OpenBaoCluster	spec.observability.metrics.serviceMonitor.annotations.*	string	false	-	-	additive-unfrozen	observability	mutable	crd-schema,controller	none	required-if-changed	spec.observability	-	-
OpenBaoCluster	spec.observability.metrics.serviceMonitor.authorization	object	false	-	-	additive-unfrozen	observability	mutable	crd-schema,controller	none	required-if-changed	spec.observability	Authorization configures an optional ServiceMonitor authorization block.	-
OpenBaoCluster	spec.observability.metrics.serviceMonitor.authorization.credentialsSecret	object	true	-	-	additive-unfrozen	observability	mutable	crd-schema,controller	none	required-if-changed	spec.observability	CredentialsSecret references a Secret key containing the authorization credentials.	-
OpenBaoCluster	spec.observability.metrics.serviceMonitor.authorization.credentialsSecret.key	string	false	-	-	additive-unfrozen	observability	mutable	crd-schema,controller	none	required-if-changed	spec.observability	Key is the key within the Secret or ConfigMap.	-
OpenBaoCluster	spec.observability.metrics.serviceMonitor.authorization.credentialsSecret.name	string	true	-	minLength=1	additive-unfrozen	observability	mutable	crd-schema,controller	none	required-if-changed	spec.observability	Name is the Secret or ConfigMap name.	-
OpenBaoCluster	spec.observability.metrics.serviceMonitor.authorization.type	string	false	-	-	additive-unfrozen	observability	mutable	crd-schema,controller	none	required-if-changed	spec.observability	Type is the authorization type.	-
OpenBaoCluster	spec.observability.metrics.serviceMonitor.enabled	boolean	true	true	-	additive-unfrozen	observability	mutable	crd-schema,controller	none	required-if-changed	spec.observability	Enabled controls whether to create the ServiceMonitor.	-
OpenBaoCluster	spec.observability.metrics.serviceMonitor.interval	string	false	"30s"	-	additive-unfrozen	observability	mutable	crd-schema,controller	none	required-if-changed	spec.observability	Interval is the scrape interval.	-
OpenBaoCluster	spec.observability.metrics.serviceMonitor.jobLabel	string	false	-	-	additive-unfrozen	observability	mutable	crd-schema,controller	none	required-if-changed	spec.observability	JobLabel selects the Service label Prometheus uses as the job label.	-
OpenBaoCluster	spec.observability.metrics.serviceMonitor.labels	object	false	-	additionalProperties=true	additive-unfrozen	observability	mutable	crd-schema,controller	none	required-if-changed	spec.observability	Labels are added to the ServiceMonitor metadata.	-
OpenBaoCluster	spec.observability.metrics.serviceMonitor.labels.*	string	false	-	-	additive-unfrozen	observability	mutable	crd-schema,controller	none	required-if-changed	spec.observability	-	-
OpenBaoCluster	spec.observability.metrics.serviceMonitor.scrapeTimeout	string	false	"10s"	-	additive-unfrozen	observability	mutable	crd-schema,controller	none	required-if-changed	spec.observability	ScrapeTimeout is the scrape timeout.	-
OpenBaoCluster	spec.observability.metrics.serviceMonitor.tlsConfig	object	false	-	-	additive-unfrozen	observability	mutable	crd-schema,controller	none	required-if-changed	spec.observability	TLSConfig configures TLS verification for the OpenBao scrape endpoint.	-
OpenBaoCluster	spec.observability.metrics.serviceMonitor.tlsConfig.caConfigMap	object	false	-	-	additive-unfrozen	observability	mutable	crd-schema,controller	none	required-if-changed	spec.observability	CAConfigMap references a ConfigMap key containing the CA certificate.	-
OpenBaoCluster	spec.observability.metrics.serviceMonitor.tlsConfig.caConfigMap.key	string	false	-	-	additive-unfrozen	observability	mutable	crd-schema,controller	none	required-if-changed	spec.observability	Key is the key within the Secret or ConfigMap.	-
OpenBaoCluster	spec.observability.metrics.serviceMonitor.tlsConfig.caConfigMap.name	string	true	-	minLength=1	additive-unfrozen	observability	mutable	crd-schema,controller	none	required-if-changed	spec.observability	Name is the Secret or ConfigMap name.	-
OpenBaoCluster	spec.observability.metrics.serviceMonitor.tlsConfig.caSecret	object	false	-	-	additive-unfrozen	observability	mutable	crd-schema,controller	none	required-if-changed	spec.observability	CASecret references a Secret key containing the CA certificate.	-
OpenBaoCluster	spec.observability.metrics.serviceMonitor.tlsConfig.caSecret.key	string	false	-	-	additive-unfrozen	observability	mutable	crd-schema,controller	none	required-if-changed	spec.observability	Key is the key within the Secret or ConfigMap.	-
OpenBaoCluster	spec.observability.metrics.serviceMonitor.tlsConfig.caSecret.name	string	true	-	minLength=1	additive-unfrozen	observability	mutable	crd-schema,controller	none	required-if-changed	spec.observability	Name is the Secret or ConfigMap name.	-
OpenBaoCluster	spec.observability.metrics.serviceMonitor.tlsConfig.insecureSkipVerify	boolean	false	-	-	additive-unfrozen	observability	mutable	crd-schema,controller	none	required-if-changed	spec.observability	InsecureSkipVerify disables TLS certificate verification.	-
OpenBaoCluster	spec.observability.metrics.serviceMonitor.tlsConfig.serverName	string	false	-	-	additive-unfrozen	observability	mutable	crd-schema,controller	none	required-if-changed	spec.observability	ServerName verifies the hostname in the OpenBao serving certificate.	-
OpenBaoCluster	spec.operatorImageVerification	object	false	-	-	beta-stable	supply-chain-security	mutable	crd-schema,admission-policy,controller	none	required-if-changed	spec.operatorImageVerification	OperatorImageVerification configures supply chain security checks for operator-managed helper images (init container and backup/upgrade/restore executors) and custom BlueGreen validation-hook images.	omission: disabled in Development and enabled in Hardened without inheriting spec.imageVerification
OpenBaoCluster	spec.operatorImageVerification.enabled	boolean	true	-	-	beta-stable	supply-chain-security	mutable	crd-schema,admission-policy,controller	none	required-if-changed	spec.operatorImageVerification	Enabled controls whether image verification is enforced.	-
OpenBaoCluster	spec.operatorImageVerification.failurePolicy	string	true	"Block"	enum="Warn","Block"	beta-stable	supply-chain-security	mutable	crd-schema,admission-policy,controller	none	required-if-changed	spec.operatorImageVerification	FailurePolicy defines behavior on verification failure.	-
OpenBaoCluster	spec.operatorImageVerification.ignoreTlog	boolean	false	false	-	beta-stable	supply-chain-security	mutable	crd-schema,admission-policy,controller	none	required-if-changed	spec.operatorImageVerification	IgnoreTlog controls whether to verify against the Rekor transparency log.	-
OpenBaoCluster	spec.operatorImageVerification.imagePullSecrets	array<object>	false	-	-	beta-stable	supply-chain-security	mutable	crd-schema,admission-policy,controller	none	required-if-changed	spec.operatorImageVerification	ImagePullSecrets is a list of references to secrets in the same namespace to use for pulling images from private registries during verification.	-
OpenBaoCluster	spec.operatorImageVerification.imagePullSecrets[]	object	false	-	x-kubernetes-map-type=atomic	beta-stable	supply-chain-security	mutable	crd-schema,admission-policy,controller	none	required-if-changed	spec.operatorImageVerification	LocalObjectReference contains enough information to let you locate the referenced object inside the same namespace.	-
OpenBaoCluster	spec.operatorImageVerification.imagePullSecrets[].name	string	false	""	-	beta-stable	supply-chain-security	mutable	crd-schema,admission-policy,controller	none	required-if-changed	spec.operatorImageVerification	Name of the referent.	-
OpenBaoCluster	spec.operatorImageVerification.issuer	string	false	-	-	beta-stable	supply-chain-security	mutable	crd-schema,admission-policy,controller	none	required-if-changed	spec.operatorImageVerification	Issuer is the OIDC issuer for keyless verification (e.g., https://token.actions.githubusercontent.com).	-
OpenBaoCluster	spec.operatorImageVerification.issuerRegExp	string	false	-	-	beta-stable	supply-chain-security	mutable	crd-schema,admission-policy,controller	none	required-if-changed	spec.operatorImageVerification	IssuerRegExp is a regular expression for the OIDC issuer when using keyless verification.	-
OpenBaoCluster	spec.operatorImageVerification.publicKey	string	false	-	-	beta-stable	supply-chain-security	mutable	crd-schema,admission-policy,controller	none	required-if-changed	spec.operatorImageVerification	PublicKey is the Cosign public key content used to verify the signature.	-
OpenBaoCluster	spec.operatorImageVerification.subject	string	false	-	-	beta-stable	supply-chain-security	mutable	crd-schema,admission-policy,controller	none	required-if-changed	spec.operatorImageVerification	Subject is the OIDC subject for keyless verification.	-
OpenBaoCluster	spec.operatorImageVerification.subjectRegExp	string	false	-	-	beta-stable	supply-chain-security	mutable	crd-schema,admission-policy,controller	none	required-if-changed	spec.operatorImageVerification	SubjectRegExp is a regular expression for the OIDC subject when using keyless verification.	-
OpenBaoCluster	spec.paused	boolean	false	-	-	beta-stable	lifecycle	mutable	crd-schema,controller	none	required-if-changed	spec.paused	Paused, when true, pauses reconciliation for this OpenBaoCluster (except delete and finalizers).	-
OpenBaoCluster	spec.plugins	array<object>	false	-	-	additive-unfrozen	configuration	mutable	crd-schema,controller	none	required-if-changed	spec.plugins	Plugins configures declarative plugins for the OpenBao cluster.	-
OpenBaoCluster	spec.plugins[]	object	false	-	-	additive-unfrozen	configuration	mutable	crd-schema,controller	none	required-if-changed	spec.plugins	Plugin defines a declarative plugin configuration.	-
OpenBaoCluster	spec.plugins[].args	array<string>	false	-	-	additive-unfrozen	configuration	mutable	crd-schema,controller	none	required-if-changed	spec.plugins	Args are arguments to pass to the running plugin.	-
OpenBaoCluster	spec.plugins[].args[]	string	false	-	-	additive-unfrozen	configuration	mutable	crd-schema,controller	none	required-if-changed	spec.plugins	-	-
OpenBaoCluster	spec.plugins[].binaryName	string	false	-	minLength=1	additive-unfrozen	configuration	mutable	crd-schema,controller	none	required-if-changed	spec.plugins	BinaryName is the name of the plugin binary file within the OCI image.	-
OpenBaoCluster	spec.plugins[].command	string	false	-	-	additive-unfrozen	configuration	mutable	crd-schema,controller	none	required-if-changed	spec.plugins	Command is the command name of a manually downloaded plugin.	-
OpenBaoCluster	spec.plugins[].env	array<string>	false	-	-	additive-unfrozen	configuration	mutable	crd-schema,controller	none	required-if-changed	spec.plugins	Env are environment variables to pass to the running plugin.	-
OpenBaoCluster	spec.plugins[].env[]	string	false	-	-	additive-unfrozen	configuration	mutable	crd-schema,controller	none	required-if-changed	spec.plugins	-	-
OpenBaoCluster	spec.plugins[].image	string	false	-	-	additive-unfrozen	configuration	mutable	crd-schema,controller	none	required-if-changed	spec.plugins	Image is the OCI image URL including registry and repository.	-
OpenBaoCluster	spec.plugins[].name	string	true	-	minLength=1	additive-unfrozen	configuration	mutable	crd-schema,controller	none	required-if-changed	spec.plugins	Name is the name of the plugin.	-
OpenBaoCluster	spec.plugins[].sha256sum	string	false	-	pattern=^[0-9a-fA-F]{64}$; minLength=64; maxLength=64	additive-unfrozen	configuration	mutable	crd-schema,controller	none	required-if-changed	spec.plugins	SHA256Sum is the expected SHA256 checksum of the plugin binary.	-
OpenBaoCluster	spec.plugins[].type	string	true	-	minLength=1	additive-unfrozen	configuration	mutable	crd-schema,controller	none	required-if-changed	spec.plugins	Type is the plugin type (e.g., "secret", "auth").	-
OpenBaoCluster	spec.plugins[].version	string	false	-	minLength=1	additive-unfrozen	configuration	mutable	crd-schema,controller	none	required-if-changed	spec.plugins	Version is the plugin version and, when Image has no tag, the image tag.	-
OpenBaoCluster	spec.podMetadata	object	false	-	-	beta-stable	workload	mutable	crd-schema,controller	none	required-if-changed	spec.podMetadata	PodMetadata configures additional labels and annotations for the OpenBao Pod template.	-
OpenBaoCluster	spec.podMetadata.annotations	object	false	-	additionalProperties=true	beta-stable	workload	mutable	crd-schema,controller	none	required-if-changed	spec.podMetadata	Annotations are merged into the generated OpenBao Pod template annotations.	-
OpenBaoCluster	spec.podMetadata.annotations.*	string	false	-	-	beta-stable	workload	mutable	crd-schema,controller	none	required-if-changed	spec.podMetadata	-	-
OpenBaoCluster	spec.podMetadata.labels	object	false	-	additionalProperties=true	beta-stable	workload	mutable	crd-schema,controller	none	required-if-changed	spec.podMetadata	Labels are merged into the generated OpenBao Pod template labels.	-
OpenBaoCluster	spec.podMetadata.labels.*	string	false	-	-	beta-stable	workload	mutable	crd-schema,controller	none	required-if-changed	spec.podMetadata	-	-
OpenBaoCluster	spec.profile	string	true	-	-	beta-stable	security-posture	mutable	crd-schema,admission-policy,controller	none	required-if-changed	spec.profile	Profile defines the security posture for this cluster.	-
OpenBaoCluster	spec.profile.allOf[0]	unknown	false	-	enum="Hardened","Development"	beta-stable	security-posture	mutable	crd-schema,admission-policy,controller	none	required-if-changed	spec.profile	-	-
OpenBaoCluster	spec.profile.allOf[1]	unknown	false	-	enum="Hardened","Development"	beta-stable	security-posture	mutable	crd-schema,admission-policy,controller	none	required-if-changed	spec.profile	-	-
OpenBaoCluster	spec.readReplicas	object	false	-	-	additive-unfrozen	workload	mutable	crd-schema,controller	none	required-if-changed	spec.readReplicas	ReadReplicas configures the steady-state non-voter read-replica pool.	-
OpenBaoCluster	spec.readReplicas.replicas	integer	false	-	format=int32; minimum=0	additive-unfrozen	workload	mutable	crd-schema,controller	none	required-if-changed	spec.readReplicas	Replicas is the desired number of permanent non-voters.	-
OpenBaoCluster	spec.readReplicas.service	object	false	-	-	additive-unfrozen	workload	mutable	crd-schema,controller	none	required-if-changed	spec.readReplicas	Service configures an optional dedicated Service for read traffic.	-
OpenBaoCluster	spec.readReplicas.service.annotations	object	false	-	additionalProperties=true	additive-unfrozen	workload	mutable	crd-schema,controller	none	required-if-changed	spec.readReplicas	Annotations are additional annotations to apply to the read Service.	-
OpenBaoCluster	spec.readReplicas.service.annotations.*	string	false	-	-	additive-unfrozen	workload	mutable	crd-schema,controller	none	required-if-changed	spec.readReplicas	-	-
OpenBaoCluster	spec.readReplicas.service.enabled	boolean	false	-	-	additive-unfrozen	workload	mutable	crd-schema,controller	none	required-if-changed	spec.readReplicas	Enabled controls whether the operator creates a dedicated Service for the read-replica pool.	-
OpenBaoCluster	spec.readReplicas.service.type	string	false	-	-	additive-unfrozen	workload	mutable	crd-schema,controller	none	required-if-changed	spec.readReplicas	Type is the Kubernetes Service type, for example "ClusterIP" or "LoadBalancer".	-
OpenBaoCluster	spec.readReplicas.storage	object	false	-	-	additive-unfrozen	workload	mutable	crd-schema,controller	none	required-if-changed	spec.readReplicas	Storage configures read-replica-specific storage overrides.	-
OpenBaoCluster	spec.readReplicas.storage.size	anyOf	false	-	pattern=^(\+|-)?(([0-9]+(\.[0-9]*)?)|(\.[0-9]+))(([KMGTPE]i)|[numkMGTPE]|([eE](\+|-)?(([0-9]+(\.[0-9]*)?)|(\.[0-9]+))))?$; x-kubernetes-int-or-string	additive-unfrozen	workload	mutable	crd-schema,controller	none	required-if-changed	spec.readReplicas	Size is the requested persistent volume size for read replicas.	-
OpenBaoCluster	spec.readReplicas.storage.size.anyOf[0]	integer	false	-	-	additive-unfrozen	workload	mutable	crd-schema,controller	none	required-if-changed	spec.readReplicas	-	-
OpenBaoCluster	spec.readReplicas.storage.size.anyOf[1]	string	false	-	-	additive-unfrozen	workload	mutable	crd-schema,controller	none	required-if-changed	spec.readReplicas	-	-
OpenBaoCluster	spec.readReplicas.storage.storageClassName	string	false	-	-	additive-unfrozen	workload	mutable	crd-schema,controller	none	required-if-changed	spec.readReplicas	StorageClassName is an optional StorageClass for read-replica PVCs.	-
OpenBaoCluster	spec.readReplicas.template	object	false	-	-	additive-unfrozen	workload	mutable	crd-schema,controller	none	required-if-changed	spec.readReplicas	Template configures read-replica-specific Pod template overrides.	-
OpenBaoCluster	spec.readReplicas.template.metadata	object	false	-	-	additive-unfrozen	workload	mutable	crd-schema,controller	none	required-if-changed	spec.readReplicas	Metadata defines additional labels and annotations applied only to the read-replica Pod template.	-
OpenBaoCluster	spec.readReplicas.template.metadata.annotations	object	false	-	additionalProperties=true	additive-unfrozen	workload	mutable	crd-schema,controller	none	required-if-changed	spec.readReplicas	Annotations are merged into the generated OpenBao Pod template annotations.	-
OpenBaoCluster	spec.readReplicas.template.metadata.annotations.*	string	false	-	-	additive-unfrozen	workload	mutable	crd-schema,controller	none	required-if-changed	spec.readReplicas	-	-
OpenBaoCluster	spec.readReplicas.template.metadata.labels	object	false	-	additionalProperties=true	additive-unfrozen	workload	mutable	crd-schema,controller	none	required-if-changed	spec.readReplicas	Labels are merged into the generated OpenBao Pod template labels.	-
OpenBaoCluster	spec.readReplicas.template.metadata.labels.*	string	false	-	-	additive-unfrozen	workload	mutable	crd-schema,controller	none	required-if-changed	spec.readReplicas	-	-
OpenBaoCluster	spec.readReplicas.template.resources	object	false	-	-	additive-unfrozen	workload	mutable	crd-schema,controller	none	required-if-changed	spec.readReplicas	Resources defines container resource requests and limits for read replicas.	-
OpenBaoCluster	spec.readReplicas.template.resources.claims	array<object>	false	-	x-kubernetes-list-type=map; x-kubernetes-list-map-keys=name	additive-unfrozen	workload	mutable	crd-schema,controller	none	required-if-changed	spec.readReplicas	Claims lists the names of resources, defined in spec.resourceClaims, that are used by this container.	-
OpenBaoCluster	spec.readReplicas.template.resources.claims[]	object	false	-	-	additive-unfrozen	workload	mutable	crd-schema,controller	none	required-if-changed	spec.readReplicas	ResourceClaim references one entry in PodSpec.ResourceClaims.	-
OpenBaoCluster	spec.readReplicas.template.resources.claims[].name	string	true	-	-	additive-unfrozen	workload	mutable	crd-schema,controller	none	required-if-changed	spec.readReplicas	Name must match the name of one entry in pod.spec.resourceClaims of the Pod where this field is used.	-
OpenBaoCluster	spec.readReplicas.template.resources.claims[].request	string	false	-	-	additive-unfrozen	workload	mutable	crd-schema,controller	none	required-if-changed	spec.readReplicas	Request is the name chosen for a request in the referenced claim.	-
OpenBaoCluster	spec.readReplicas.template.resources.limits	object	false	-	additionalProperties=true	additive-unfrozen	workload	mutable	crd-schema,controller	none	required-if-changed	spec.readReplicas	Limits describes the maximum amount of compute resources allowed.	-
OpenBaoCluster	spec.readReplicas.template.resources.limits.*	anyOf	false	-	pattern=^(\+|-)?(([0-9]+(\.[0-9]*)?)|(\.[0-9]+))(([KMGTPE]i)|[numkMGTPE]|([eE](\+|-)?(([0-9]+(\.[0-9]*)?)|(\.[0-9]+))))?$; x-kubernetes-int-or-string	additive-unfrozen	workload	mutable	crd-schema,controller	none	required-if-changed	spec.readReplicas	-	-
OpenBaoCluster	spec.readReplicas.template.resources.limits.*.anyOf[0]	integer	false	-	-	additive-unfrozen	workload	mutable	crd-schema,controller	none	required-if-changed	spec.readReplicas	-	-
OpenBaoCluster	spec.readReplicas.template.resources.limits.*.anyOf[1]	string	false	-	-	additive-unfrozen	workload	mutable	crd-schema,controller	none	required-if-changed	spec.readReplicas	-	-
OpenBaoCluster	spec.readReplicas.template.resources.requests	object	false	-	additionalProperties=true	additive-unfrozen	workload	mutable	crd-schema,controller	none	required-if-changed	spec.readReplicas	Requests describes the minimum amount of compute resources required.	-
OpenBaoCluster	spec.readReplicas.template.resources.requests.*	anyOf	false	-	pattern=^(\+|-)?(([0-9]+(\.[0-9]*)?)|(\.[0-9]+))(([KMGTPE]i)|[numkMGTPE]|([eE](\+|-)?(([0-9]+(\.[0-9]*)?)|(\.[0-9]+))))?$; x-kubernetes-int-or-string	additive-unfrozen	workload	mutable	crd-schema,controller	none	required-if-changed	spec.readReplicas	-	-
OpenBaoCluster	spec.readReplicas.template.resources.requests.*.anyOf[0]	integer	false	-	-	additive-unfrozen	workload	mutable	crd-schema,controller	none	required-if-changed	spec.readReplicas	-	-
OpenBaoCluster	spec.readReplicas.template.resources.requests.*.anyOf[1]	string	false	-	-	additive-unfrozen	workload	mutable	crd-schema,controller	none	required-if-changed	spec.readReplicas	-	-
OpenBaoCluster	spec.readReplicas.template.scheduling	object	false	-	-	additive-unfrozen	workload	mutable	crd-schema,controller	none	required-if-changed	spec.readReplicas	Scheduling defines node-placement and topology overrides for read replicas.	-
OpenBaoCluster	spec.readReplicas.template.scheduling.affinity	object	false	-	-	additive-unfrozen	workload	mutable	crd-schema,controller	none	required-if-changed	spec.readReplicas	Affinity defines Pod affinity / anti-affinity rules for read-replica Pods.	-
OpenBaoCluster	spec.readReplicas.template.scheduling.affinity.nodeAffinity	object	false	-	-	additive-unfrozen	workload	mutable	crd-schema,controller	none	required-if-changed	spec.readReplicas	Describes node affinity scheduling rules for the pod.	-
OpenBaoCluster	spec.readReplicas.template.scheduling.affinity.nodeAffinity.preferredDuringSchedulingIgnoredDuringExecution	array<object>	false	-	x-kubernetes-list-type=atomic	additive-unfrozen	workload	mutable	crd-schema,controller	none	required-if-changed	spec.readReplicas	The scheduler will prefer to schedule pods to nodes that satisfy the affinity expressions specified by this field, but it may choose a node that violates one or more of the expressions.	-
OpenBaoCluster	spec.readReplicas.template.scheduling.affinity.nodeAffinity.preferredDuringSchedulingIgnoredDuringExecution[]	object	false	-	-	additive-unfrozen	workload	mutable	crd-schema,controller	none	required-if-changed	spec.readReplicas	An empty preferred scheduling term matches all objects with implicit weight 0 (i.e.	-
OpenBaoCluster	spec.readReplicas.template.scheduling.affinity.nodeAffinity.preferredDuringSchedulingIgnoredDuringExecution[].preference	object	true	-	x-kubernetes-map-type=atomic	additive-unfrozen	workload	mutable	crd-schema,controller	none	required-if-changed	spec.readReplicas	A node selector term, associated with the corresponding weight.	-
OpenBaoCluster	spec.readReplicas.template.scheduling.affinity.nodeAffinity.preferredDuringSchedulingIgnoredDuringExecution[].preference.matchExpressions	array<object>	false	-	x-kubernetes-list-type=atomic	additive-unfrozen	workload	mutable	crd-schema,controller	none	required-if-changed	spec.readReplicas	A list of node selector requirements by node's labels.	-
OpenBaoCluster	spec.readReplicas.template.scheduling.affinity.nodeAffinity.preferredDuringSchedulingIgnoredDuringExecution[].preference.matchExpressions[]	object	false	-	-	additive-unfrozen	workload	mutable	crd-schema,controller	none	required-if-changed	spec.readReplicas	A node selector requirement is a selector that contains values, a key, and an operator that relates the key and values.	-
OpenBaoCluster	spec.readReplicas.template.scheduling.affinity.nodeAffinity.preferredDuringSchedulingIgnoredDuringExecution[].preference.matchExpressions[].key	string	true	-	-	additive-unfrozen	workload	mutable	crd-schema,controller	none	required-if-changed	spec.readReplicas	The label key that the selector applies to.	-
OpenBaoCluster	spec.readReplicas.template.scheduling.affinity.nodeAffinity.preferredDuringSchedulingIgnoredDuringExecution[].preference.matchExpressions[].operator	string	true	-	-	additive-unfrozen	workload	mutable	crd-schema,controller	none	required-if-changed	spec.readReplicas	Represents a key's relationship to a set of values.	-
OpenBaoCluster	spec.readReplicas.template.scheduling.affinity.nodeAffinity.preferredDuringSchedulingIgnoredDuringExecution[].preference.matchExpressions[].values	array<string>	false	-	x-kubernetes-list-type=atomic	additive-unfrozen	workload	mutable	crd-schema,controller	none	required-if-changed	spec.readReplicas	An array of string values.	-
OpenBaoCluster	spec.readReplicas.template.scheduling.affinity.nodeAffinity.preferredDuringSchedulingIgnoredDuringExecution[].preference.matchExpressions[].values[]	string	false	-	-	additive-unfrozen	workload	mutable	crd-schema,controller	none	required-if-changed	spec.readReplicas	-	-
OpenBaoCluster	spec.readReplicas.template.scheduling.affinity.nodeAffinity.preferredDuringSchedulingIgnoredDuringExecution[].preference.matchFields	array<object>	false	-	x-kubernetes-list-type=atomic	additive-unfrozen	workload	mutable	crd-schema,controller	none	required-if-changed	spec.readReplicas	A list of node selector requirements by node's fields.	-
OpenBaoCluster	spec.readReplicas.template.scheduling.affinity.nodeAffinity.preferredDuringSchedulingIgnoredDuringExecution[].preference.matchFields[]	object	false	-	-	additive-unfrozen	workload	mutable	crd-schema,controller	none	required-if-changed	spec.readReplicas	A node selector requirement is a selector that contains values, a key, and an operator that relates the key and values.	-
OpenBaoCluster	spec.readReplicas.template.scheduling.affinity.nodeAffinity.preferredDuringSchedulingIgnoredDuringExecution[].preference.matchFields[].key	string	true	-	-	additive-unfrozen	workload	mutable	crd-schema,controller	none	required-if-changed	spec.readReplicas	The label key that the selector applies to.	-
OpenBaoCluster	spec.readReplicas.template.scheduling.affinity.nodeAffinity.preferredDuringSchedulingIgnoredDuringExecution[].preference.matchFields[].operator	string	true	-	-	additive-unfrozen	workload	mutable	crd-schema,controller	none	required-if-changed	spec.readReplicas	Represents a key's relationship to a set of values.	-
OpenBaoCluster	spec.readReplicas.template.scheduling.affinity.nodeAffinity.preferredDuringSchedulingIgnoredDuringExecution[].preference.matchFields[].values	array<string>	false	-	x-kubernetes-list-type=atomic	additive-unfrozen	workload	mutable	crd-schema,controller	none	required-if-changed	spec.readReplicas	An array of string values.	-
OpenBaoCluster	spec.readReplicas.template.scheduling.affinity.nodeAffinity.preferredDuringSchedulingIgnoredDuringExecution[].preference.matchFields[].values[]	string	false	-	-	additive-unfrozen	workload	mutable	crd-schema,controller	none	required-if-changed	spec.readReplicas	-	-
OpenBaoCluster	spec.readReplicas.template.scheduling.affinity.nodeAffinity.preferredDuringSchedulingIgnoredDuringExecution[].weight	integer	true	-	format=int32	additive-unfrozen	workload	mutable	crd-schema,controller	none	required-if-changed	spec.readReplicas	Weight associated with matching the corresponding nodeSelectorTerm, in the range 1-100.	-
OpenBaoCluster	spec.readReplicas.template.scheduling.affinity.nodeAffinity.requiredDuringSchedulingIgnoredDuringExecution	object	false	-	x-kubernetes-map-type=atomic	additive-unfrozen	workload	mutable	crd-schema,controller	none	required-if-changed	spec.readReplicas	If the affinity requirements specified by this field are not met at scheduling time, the pod will not be scheduled onto the node.	-
OpenBaoCluster	spec.readReplicas.template.scheduling.affinity.nodeAffinity.requiredDuringSchedulingIgnoredDuringExecution.nodeSelectorTerms	array<object>	true	-	x-kubernetes-list-type=atomic	additive-unfrozen	workload	mutable	crd-schema,controller	none	required-if-changed	spec.readReplicas	Required.	-
OpenBaoCluster	spec.readReplicas.template.scheduling.affinity.nodeAffinity.requiredDuringSchedulingIgnoredDuringExecution.nodeSelectorTerms[]	object	false	-	x-kubernetes-map-type=atomic	additive-unfrozen	workload	mutable	crd-schema,controller	none	required-if-changed	spec.readReplicas	A null or empty node selector term matches no objects.	-
OpenBaoCluster	spec.readReplicas.template.scheduling.affinity.nodeAffinity.requiredDuringSchedulingIgnoredDuringExecution.nodeSelectorTerms[].matchExpressions	array<object>	false	-	x-kubernetes-list-type=atomic	additive-unfrozen	workload	mutable	crd-schema,controller	none	required-if-changed	spec.readReplicas	A list of node selector requirements by node's labels.	-
OpenBaoCluster	spec.readReplicas.template.scheduling.affinity.nodeAffinity.requiredDuringSchedulingIgnoredDuringExecution.nodeSelectorTerms[].matchExpressions[]	object	false	-	-	additive-unfrozen	workload	mutable	crd-schema,controller	none	required-if-changed	spec.readReplicas	A node selector requirement is a selector that contains values, a key, and an operator that relates the key and values.	-
OpenBaoCluster	spec.readReplicas.template.scheduling.affinity.nodeAffinity.requiredDuringSchedulingIgnoredDuringExecution.nodeSelectorTerms[].matchExpressions[].key	string	true	-	-	additive-unfrozen	workload	mutable	crd-schema,controller	none	required-if-changed	spec.readReplicas	The label key that the selector applies to.	-
OpenBaoCluster	spec.readReplicas.template.scheduling.affinity.nodeAffinity.requiredDuringSchedulingIgnoredDuringExecution.nodeSelectorTerms[].matchExpressions[].operator	string	true	-	-	additive-unfrozen	workload	mutable	crd-schema,controller	none	required-if-changed	spec.readReplicas	Represents a key's relationship to a set of values.	-
OpenBaoCluster	spec.readReplicas.template.scheduling.affinity.nodeAffinity.requiredDuringSchedulingIgnoredDuringExecution.nodeSelectorTerms[].matchExpressions[].values	array<string>	false	-	x-kubernetes-list-type=atomic	additive-unfrozen	workload	mutable	crd-schema,controller	none	required-if-changed	spec.readReplicas	An array of string values.	-
OpenBaoCluster	spec.readReplicas.template.scheduling.affinity.nodeAffinity.requiredDuringSchedulingIgnoredDuringExecution.nodeSelectorTerms[].matchExpressions[].values[]	string	false	-	-	additive-unfrozen	workload	mutable	crd-schema,controller	none	required-if-changed	spec.readReplicas	-	-
OpenBaoCluster	spec.readReplicas.template.scheduling.affinity.nodeAffinity.requiredDuringSchedulingIgnoredDuringExecution.nodeSelectorTerms[].matchFields	array<object>	false	-	x-kubernetes-list-type=atomic	additive-unfrozen	workload	mutable	crd-schema,controller	none	required-if-changed	spec.readReplicas	A list of node selector requirements by node's fields.	-
OpenBaoCluster	spec.readReplicas.template.scheduling.affinity.nodeAffinity.requiredDuringSchedulingIgnoredDuringExecution.nodeSelectorTerms[].matchFields[]	object	false	-	-	additive-unfrozen	workload	mutable	crd-schema,controller	none	required-if-changed	spec.readReplicas	A node selector requirement is a selector that contains values, a key, and an operator that relates the key and values.	-
OpenBaoCluster	spec.readReplicas.template.scheduling.affinity.nodeAffinity.requiredDuringSchedulingIgnoredDuringExecution.nodeSelectorTerms[].matchFields[].key	string	true	-	-	additive-unfrozen	workload	mutable	crd-schema,controller	none	required-if-changed	spec.readReplicas	The label key that the selector applies to.	-
OpenBaoCluster	spec.readReplicas.template.scheduling.affinity.nodeAffinity.requiredDuringSchedulingIgnoredDuringExecution.nodeSelectorTerms[].matchFields[].operator	string	true	-	-	additive-unfrozen	workload	mutable	crd-schema,controller	none	required-if-changed	spec.readReplicas	Represents a key's relationship to a set of values.	-
OpenBaoCluster	spec.readReplicas.template.scheduling.affinity.nodeAffinity.requiredDuringSchedulingIgnoredDuringExecution.nodeSelectorTerms[].matchFields[].values	array<string>	false	-	x-kubernetes-list-type=atomic	additive-unfrozen	workload	mutable	crd-schema,controller	none	required-if-changed	spec.readReplicas	An array of string values.	-
OpenBaoCluster	spec.readReplicas.template.scheduling.affinity.nodeAffinity.requiredDuringSchedulingIgnoredDuringExecution.nodeSelectorTerms[].matchFields[].values[]	string	false	-	-	additive-unfrozen	workload	mutable	crd-schema,controller	none	required-if-changed	spec.readReplicas	-	-
OpenBaoCluster	spec.readReplicas.template.scheduling.affinity.podAffinity	object	false	-	-	additive-unfrozen	workload	mutable	crd-schema,controller	none	required-if-changed	spec.readReplicas	Describes pod affinity scheduling rules (e.g.	-
OpenBaoCluster	spec.readReplicas.template.scheduling.affinity.podAffinity.preferredDuringSchedulingIgnoredDuringExecution	array<object>	false	-	x-kubernetes-list-type=atomic	additive-unfrozen	workload	mutable	crd-schema,controller	none	required-if-changed	spec.readReplicas	The scheduler will prefer to schedule pods to nodes that satisfy the affinity expressions specified by this field, but it may choose a node that violates one or more of the expressions.	-
OpenBaoCluster	spec.readReplicas.template.scheduling.affinity.podAffinity.preferredDuringSchedulingIgnoredDuringExecution[]	object	false	-	-	additive-unfrozen	workload	mutable	crd-schema,controller	none	required-if-changed	spec.readReplicas	The weights of all of the matched WeightedPodAffinityTerm fields are added per-node to find the most preferred node(s)	-
OpenBaoCluster	spec.readReplicas.template.scheduling.affinity.podAffinity.preferredDuringSchedulingIgnoredDuringExecution[].podAffinityTerm	object	true	-	-	additive-unfrozen	workload	mutable	crd-schema,controller	none	required-if-changed	spec.readReplicas	Required.	-
OpenBaoCluster	spec.readReplicas.template.scheduling.affinity.podAffinity.preferredDuringSchedulingIgnoredDuringExecution[].podAffinityTerm.labelSelector	object	false	-	x-kubernetes-map-type=atomic	additive-unfrozen	workload	mutable	crd-schema,controller	none	required-if-changed	spec.readReplicas	A label query over a set of resources, in this case pods.	-
OpenBaoCluster	spec.readReplicas.template.scheduling.affinity.podAffinity.preferredDuringSchedulingIgnoredDuringExecution[].podAffinityTerm.labelSelector.matchExpressions	array<object>	false	-	x-kubernetes-list-type=atomic	additive-unfrozen	workload	mutable	crd-schema,controller	none	required-if-changed	spec.readReplicas	matchExpressions is a list of label selector requirements.	-
OpenBaoCluster	spec.readReplicas.template.scheduling.affinity.podAffinity.preferredDuringSchedulingIgnoredDuringExecution[].podAffinityTerm.labelSelector.matchExpressions[]	object	false	-	-	additive-unfrozen	workload	mutable	crd-schema,controller	none	required-if-changed	spec.readReplicas	A label selector requirement is a selector that contains values, a key, and an operator that relates the key and values.	-
OpenBaoCluster	spec.readReplicas.template.scheduling.affinity.podAffinity.preferredDuringSchedulingIgnoredDuringExecution[].podAffinityTerm.labelSelector.matchExpressions[].key	string	true	-	-	additive-unfrozen	workload	mutable	crd-schema,controller	none	required-if-changed	spec.readReplicas	key is the label key that the selector applies to.	-
OpenBaoCluster	spec.readReplicas.template.scheduling.affinity.podAffinity.preferredDuringSchedulingIgnoredDuringExecution[].podAffinityTerm.labelSelector.matchExpressions[].operator	string	true	-	-	additive-unfrozen	workload	mutable	crd-schema,controller	none	required-if-changed	spec.readReplicas	operator represents a key's relationship to a set of values.	-
OpenBaoCluster	spec.readReplicas.template.scheduling.affinity.podAffinity.preferredDuringSchedulingIgnoredDuringExecution[].podAffinityTerm.labelSelector.matchExpressions[].values	array<string>	false	-	x-kubernetes-list-type=atomic	additive-unfrozen	workload	mutable	crd-schema,controller	none	required-if-changed	spec.readReplicas	values is an array of string values.	-
OpenBaoCluster	spec.readReplicas.template.scheduling.affinity.podAffinity.preferredDuringSchedulingIgnoredDuringExecution[].podAffinityTerm.labelSelector.matchExpressions[].values[]	string	false	-	-	additive-unfrozen	workload	mutable	crd-schema,controller	none	required-if-changed	spec.readReplicas	-	-
OpenBaoCluster	spec.readReplicas.template.scheduling.affinity.podAffinity.preferredDuringSchedulingIgnoredDuringExecution[].podAffinityTerm.labelSelector.matchLabels	object	false	-	additionalProperties=true	additive-unfrozen	workload	mutable	crd-schema,controller	none	required-if-changed	spec.readReplicas	matchLabels is a map of {key,value} pairs.	-
OpenBaoCluster	spec.readReplicas.template.scheduling.affinity.podAffinity.preferredDuringSchedulingIgnoredDuringExecution[].podAffinityTerm.labelSelector.matchLabels.*	string	false	-	-	additive-unfrozen	workload	mutable	crd-schema,controller	none	required-if-changed	spec.readReplicas	-	-
OpenBaoCluster	spec.readReplicas.template.scheduling.affinity.podAffinity.preferredDuringSchedulingIgnoredDuringExecution[].podAffinityTerm.matchLabelKeys	array<string>	false	-	x-kubernetes-list-type=atomic	additive-unfrozen	workload	mutable	crd-schema,controller	none	required-if-changed	spec.readReplicas	MatchLabelKeys is a set of pod label keys to select which pods will be taken into consideration.	-
OpenBaoCluster	spec.readReplicas.template.scheduling.affinity.podAffinity.preferredDuringSchedulingIgnoredDuringExecution[].podAffinityTerm.matchLabelKeys[]	string	false	-	-	additive-unfrozen	workload	mutable	crd-schema,controller	none	required-if-changed	spec.readReplicas	-	-
OpenBaoCluster	spec.readReplicas.template.scheduling.affinity.podAffinity.preferredDuringSchedulingIgnoredDuringExecution[].podAffinityTerm.mismatchLabelKeys	array<string>	false	-	x-kubernetes-list-type=atomic	additive-unfrozen	workload	mutable	crd-schema,controller	none	required-if-changed	spec.readReplicas	MismatchLabelKeys is a set of pod label keys to select which pods will be taken into consideration.	-
OpenBaoCluster	spec.readReplicas.template.scheduling.affinity.podAffinity.preferredDuringSchedulingIgnoredDuringExecution[].podAffinityTerm.mismatchLabelKeys[]	string	false	-	-	additive-unfrozen	workload	mutable	crd-schema,controller	none	required-if-changed	spec.readReplicas	-	-
OpenBaoCluster	spec.readReplicas.template.scheduling.affinity.podAffinity.preferredDuringSchedulingIgnoredDuringExecution[].podAffinityTerm.namespaceSelector	object	false	-	x-kubernetes-map-type=atomic	additive-unfrozen	workload	mutable	crd-schema,controller	none	required-if-changed	spec.readReplicas	A label query over the set of namespaces that the term applies to.	-
OpenBaoCluster	spec.readReplicas.template.scheduling.affinity.podAffinity.preferredDuringSchedulingIgnoredDuringExecution[].podAffinityTerm.namespaceSelector.matchExpressions	array<object>	false	-	x-kubernetes-list-type=atomic	additive-unfrozen	workload	mutable	crd-schema,controller	none	required-if-changed	spec.readReplicas	matchExpressions is a list of label selector requirements.	-
OpenBaoCluster	spec.readReplicas.template.scheduling.affinity.podAffinity.preferredDuringSchedulingIgnoredDuringExecution[].podAffinityTerm.namespaceSelector.matchExpressions[]	object	false	-	-	additive-unfrozen	workload	mutable	crd-schema,controller	none	required-if-changed	spec.readReplicas	A label selector requirement is a selector that contains values, a key, and an operator that relates the key and values.	-
OpenBaoCluster	spec.readReplicas.template.scheduling.affinity.podAffinity.preferredDuringSchedulingIgnoredDuringExecution[].podAffinityTerm.namespaceSelector.matchExpressions[].key	string	true	-	-	additive-unfrozen	workload	mutable	crd-schema,controller	none	required-if-changed	spec.readReplicas	key is the label key that the selector applies to.	-
OpenBaoCluster	spec.readReplicas.template.scheduling.affinity.podAffinity.preferredDuringSchedulingIgnoredDuringExecution[].podAffinityTerm.namespaceSelector.matchExpressions[].operator	string	true	-	-	additive-unfrozen	workload	mutable	crd-schema,controller	none	required-if-changed	spec.readReplicas	operator represents a key's relationship to a set of values.	-
OpenBaoCluster	spec.readReplicas.template.scheduling.affinity.podAffinity.preferredDuringSchedulingIgnoredDuringExecution[].podAffinityTerm.namespaceSelector.matchExpressions[].values	array<string>	false	-	x-kubernetes-list-type=atomic	additive-unfrozen	workload	mutable	crd-schema,controller	none	required-if-changed	spec.readReplicas	values is an array of string values.	-
OpenBaoCluster	spec.readReplicas.template.scheduling.affinity.podAffinity.preferredDuringSchedulingIgnoredDuringExecution[].podAffinityTerm.namespaceSelector.matchExpressions[].values[]	string	false	-	-	additive-unfrozen	workload	mutable	crd-schema,controller	none	required-if-changed	spec.readReplicas	-	-
OpenBaoCluster	spec.readReplicas.template.scheduling.affinity.podAffinity.preferredDuringSchedulingIgnoredDuringExecution[].podAffinityTerm.namespaceSelector.matchLabels	object	false	-	additionalProperties=true	additive-unfrozen	workload	mutable	crd-schema,controller	none	required-if-changed	spec.readReplicas	matchLabels is a map of {key,value} pairs.	-
OpenBaoCluster	spec.readReplicas.template.scheduling.affinity.podAffinity.preferredDuringSchedulingIgnoredDuringExecution[].podAffinityTerm.namespaceSelector.matchLabels.*	string	false	-	-	additive-unfrozen	workload	mutable	crd-schema,controller	none	required-if-changed	spec.readReplicas	-	-
OpenBaoCluster	spec.readReplicas.template.scheduling.affinity.podAffinity.preferredDuringSchedulingIgnoredDuringExecution[].podAffinityTerm.namespaces	array<string>	false	-	x-kubernetes-list-type=atomic	additive-unfrozen	workload	mutable	crd-schema,controller	none	required-if-changed	spec.readReplicas	namespaces specifies a static list of namespace names that the term applies to.	-
OpenBaoCluster	spec.readReplicas.template.scheduling.affinity.podAffinity.preferredDuringSchedulingIgnoredDuringExecution[].podAffinityTerm.namespaces[]	string	false	-	-	additive-unfrozen	workload	mutable	crd-schema,controller	none	required-if-changed	spec.readReplicas	-	-
OpenBaoCluster	spec.readReplicas.template.scheduling.affinity.podAffinity.preferredDuringSchedulingIgnoredDuringExecution[].podAffinityTerm.topologyKey	string	true	-	-	additive-unfrozen	workload	mutable	crd-schema,controller	none	required-if-changed	spec.readReplicas	This pod should be co-located (affinity) or not co-located (anti-affinity) with the pods matching the labelSelector in the specified namespaces, where co-located is defined as running on a node whose value of the label with key topologyKey matches that of any node on which any of the selected pods is running.	-
OpenBaoCluster	spec.readReplicas.template.scheduling.affinity.podAffinity.preferredDuringSchedulingIgnoredDuringExecution[].weight	integer	true	-	format=int32	additive-unfrozen	workload	mutable	crd-schema,controller	none	required-if-changed	spec.readReplicas	weight associated with matching the corresponding podAffinityTerm, in the range 1-100.	-
OpenBaoCluster	spec.readReplicas.template.scheduling.affinity.podAffinity.requiredDuringSchedulingIgnoredDuringExecution	array<object>	false	-	x-kubernetes-list-type=atomic	additive-unfrozen	workload	mutable	crd-schema,controller	none	required-if-changed	spec.readReplicas	If the affinity requirements specified by this field are not met at scheduling time, the pod will not be scheduled onto the node.	-
OpenBaoCluster	spec.readReplicas.template.scheduling.affinity.podAffinity.requiredDuringSchedulingIgnoredDuringExecution[]	object	false	-	-	additive-unfrozen	workload	mutable	crd-schema,controller	none	required-if-changed	spec.readReplicas	Defines a set of pods (namely those matching the labelSelector relative to the given namespace(s)) that this pod should be co-located (affinity) or not co-located (anti-affinity) with, where co-located is defined as running on a node whose value of the label with key <topologyKey> matches that of any node on which a pod of the set of pods is running	-
OpenBaoCluster	spec.readReplicas.template.scheduling.affinity.podAffinity.requiredDuringSchedulingIgnoredDuringExecution[].labelSelector	object	false	-	x-kubernetes-map-type=atomic	additive-unfrozen	workload	mutable	crd-schema,controller	none	required-if-changed	spec.readReplicas	A label query over a set of resources, in this case pods.	-
OpenBaoCluster	spec.readReplicas.template.scheduling.affinity.podAffinity.requiredDuringSchedulingIgnoredDuringExecution[].labelSelector.matchExpressions	array<object>	false	-	x-kubernetes-list-type=atomic	additive-unfrozen	workload	mutable	crd-schema,controller	none	required-if-changed	spec.readReplicas	matchExpressions is a list of label selector requirements.	-
OpenBaoCluster	spec.readReplicas.template.scheduling.affinity.podAffinity.requiredDuringSchedulingIgnoredDuringExecution[].labelSelector.matchExpressions[]	object	false	-	-	additive-unfrozen	workload	mutable	crd-schema,controller	none	required-if-changed	spec.readReplicas	A label selector requirement is a selector that contains values, a key, and an operator that relates the key and values.	-
OpenBaoCluster	spec.readReplicas.template.scheduling.affinity.podAffinity.requiredDuringSchedulingIgnoredDuringExecution[].labelSelector.matchExpressions[].key	string	true	-	-	additive-unfrozen	workload	mutable	crd-schema,controller	none	required-if-changed	spec.readReplicas	key is the label key that the selector applies to.	-
OpenBaoCluster	spec.readReplicas.template.scheduling.affinity.podAffinity.requiredDuringSchedulingIgnoredDuringExecution[].labelSelector.matchExpressions[].operator	string	true	-	-	additive-unfrozen	workload	mutable	crd-schema,controller	none	required-if-changed	spec.readReplicas	operator represents a key's relationship to a set of values.	-
OpenBaoCluster	spec.readReplicas.template.scheduling.affinity.podAffinity.requiredDuringSchedulingIgnoredDuringExecution[].labelSelector.matchExpressions[].values	array<string>	false	-	x-kubernetes-list-type=atomic	additive-unfrozen	workload	mutable	crd-schema,controller	none	required-if-changed	spec.readReplicas	values is an array of string values.	-
OpenBaoCluster	spec.readReplicas.template.scheduling.affinity.podAffinity.requiredDuringSchedulingIgnoredDuringExecution[].labelSelector.matchExpressions[].values[]	string	false	-	-	additive-unfrozen	workload	mutable	crd-schema,controller	none	required-if-changed	spec.readReplicas	-	-
OpenBaoCluster	spec.readReplicas.template.scheduling.affinity.podAffinity.requiredDuringSchedulingIgnoredDuringExecution[].labelSelector.matchLabels	object	false	-	additionalProperties=true	additive-unfrozen	workload	mutable	crd-schema,controller	none	required-if-changed	spec.readReplicas	matchLabels is a map of {key,value} pairs.	-
OpenBaoCluster	spec.readReplicas.template.scheduling.affinity.podAffinity.requiredDuringSchedulingIgnoredDuringExecution[].labelSelector.matchLabels.*	string	false	-	-	additive-unfrozen	workload	mutable	crd-schema,controller	none	required-if-changed	spec.readReplicas	-	-
OpenBaoCluster	spec.readReplicas.template.scheduling.affinity.podAffinity.requiredDuringSchedulingIgnoredDuringExecution[].matchLabelKeys	array<string>	false	-	x-kubernetes-list-type=atomic	additive-unfrozen	workload	mutable	crd-schema,controller	none	required-if-changed	spec.readReplicas	MatchLabelKeys is a set of pod label keys to select which pods will be taken into consideration.	-
OpenBaoCluster	spec.readReplicas.template.scheduling.affinity.podAffinity.requiredDuringSchedulingIgnoredDuringExecution[].matchLabelKeys[]	string	false	-	-	additive-unfrozen	workload	mutable	crd-schema,controller	none	required-if-changed	spec.readReplicas	-	-
OpenBaoCluster	spec.readReplicas.template.scheduling.affinity.podAffinity.requiredDuringSchedulingIgnoredDuringExecution[].mismatchLabelKeys	array<string>	false	-	x-kubernetes-list-type=atomic	additive-unfrozen	workload	mutable	crd-schema,controller	none	required-if-changed	spec.readReplicas	MismatchLabelKeys is a set of pod label keys to select which pods will be taken into consideration.	-
OpenBaoCluster	spec.readReplicas.template.scheduling.affinity.podAffinity.requiredDuringSchedulingIgnoredDuringExecution[].mismatchLabelKeys[]	string	false	-	-	additive-unfrozen	workload	mutable	crd-schema,controller	none	required-if-changed	spec.readReplicas	-	-
OpenBaoCluster	spec.readReplicas.template.scheduling.affinity.podAffinity.requiredDuringSchedulingIgnoredDuringExecution[].namespaceSelector	object	false	-	x-kubernetes-map-type=atomic	additive-unfrozen	workload	mutable	crd-schema,controller	none	required-if-changed	spec.readReplicas	A label query over the set of namespaces that the term applies to.	-
OpenBaoCluster	spec.readReplicas.template.scheduling.affinity.podAffinity.requiredDuringSchedulingIgnoredDuringExecution[].namespaceSelector.matchExpressions	array<object>	false	-	x-kubernetes-list-type=atomic	additive-unfrozen	workload	mutable	crd-schema,controller	none	required-if-changed	spec.readReplicas	matchExpressions is a list of label selector requirements.	-
OpenBaoCluster	spec.readReplicas.template.scheduling.affinity.podAffinity.requiredDuringSchedulingIgnoredDuringExecution[].namespaceSelector.matchExpressions[]	object	false	-	-	additive-unfrozen	workload	mutable	crd-schema,controller	none	required-if-changed	spec.readReplicas	A label selector requirement is a selector that contains values, a key, and an operator that relates the key and values.	-
OpenBaoCluster	spec.readReplicas.template.scheduling.affinity.podAffinity.requiredDuringSchedulingIgnoredDuringExecution[].namespaceSelector.matchExpressions[].key	string	true	-	-	additive-unfrozen	workload	mutable	crd-schema,controller	none	required-if-changed	spec.readReplicas	key is the label key that the selector applies to.	-
OpenBaoCluster	spec.readReplicas.template.scheduling.affinity.podAffinity.requiredDuringSchedulingIgnoredDuringExecution[].namespaceSelector.matchExpressions[].operator	string	true	-	-	additive-unfrozen	workload	mutable	crd-schema,controller	none	required-if-changed	spec.readReplicas	operator represents a key's relationship to a set of values.	-
OpenBaoCluster	spec.readReplicas.template.scheduling.affinity.podAffinity.requiredDuringSchedulingIgnoredDuringExecution[].namespaceSelector.matchExpressions[].values	array<string>	false	-	x-kubernetes-list-type=atomic	additive-unfrozen	workload	mutable	crd-schema,controller	none	required-if-changed	spec.readReplicas	values is an array of string values.	-
OpenBaoCluster	spec.readReplicas.template.scheduling.affinity.podAffinity.requiredDuringSchedulingIgnoredDuringExecution[].namespaceSelector.matchExpressions[].values[]	string	false	-	-	additive-unfrozen	workload	mutable	crd-schema,controller	none	required-if-changed	spec.readReplicas	-	-
OpenBaoCluster	spec.readReplicas.template.scheduling.affinity.podAffinity.requiredDuringSchedulingIgnoredDuringExecution[].namespaceSelector.matchLabels	object	false	-	additionalProperties=true	additive-unfrozen	workload	mutable	crd-schema,controller	none	required-if-changed	spec.readReplicas	matchLabels is a map of {key,value} pairs.	-
OpenBaoCluster	spec.readReplicas.template.scheduling.affinity.podAffinity.requiredDuringSchedulingIgnoredDuringExecution[].namespaceSelector.matchLabels.*	string	false	-	-	additive-unfrozen	workload	mutable	crd-schema,controller	none	required-if-changed	spec.readReplicas	-	-
OpenBaoCluster	spec.readReplicas.template.scheduling.affinity.podAffinity.requiredDuringSchedulingIgnoredDuringExecution[].namespaces	array<string>	false	-	x-kubernetes-list-type=atomic	additive-unfrozen	workload	mutable	crd-schema,controller	none	required-if-changed	spec.readReplicas	namespaces specifies a static list of namespace names that the term applies to.	-
OpenBaoCluster	spec.readReplicas.template.scheduling.affinity.podAffinity.requiredDuringSchedulingIgnoredDuringExecution[].namespaces[]	string	false	-	-	additive-unfrozen	workload	mutable	crd-schema,controller	none	required-if-changed	spec.readReplicas	-	-
OpenBaoCluster	spec.readReplicas.template.scheduling.affinity.podAffinity.requiredDuringSchedulingIgnoredDuringExecution[].topologyKey	string	true	-	-	additive-unfrozen	workload	mutable	crd-schema,controller	none	required-if-changed	spec.readReplicas	This pod should be co-located (affinity) or not co-located (anti-affinity) with the pods matching the labelSelector in the specified namespaces, where co-located is defined as running on a node whose value of the label with key topologyKey matches that of any node on which any of the selected pods is running.	-
OpenBaoCluster	spec.readReplicas.template.scheduling.affinity.podAntiAffinity	object	false	-	-	additive-unfrozen	workload	mutable	crd-schema,controller	none	required-if-changed	spec.readReplicas	Describes pod anti-affinity scheduling rules (e.g.	-
OpenBaoCluster	spec.readReplicas.template.scheduling.affinity.podAntiAffinity.preferredDuringSchedulingIgnoredDuringExecution	array<object>	false	-	x-kubernetes-list-type=atomic	additive-unfrozen	workload	mutable	crd-schema,controller	none	required-if-changed	spec.readReplicas	The scheduler will prefer to schedule pods to nodes that satisfy the anti-affinity expressions specified by this field, but it may choose a node that violates one or more of the expressions.	-
OpenBaoCluster	spec.readReplicas.template.scheduling.affinity.podAntiAffinity.preferredDuringSchedulingIgnoredDuringExecution[]	object	false	-	-	additive-unfrozen	workload	mutable	crd-schema,controller	none	required-if-changed	spec.readReplicas	The weights of all of the matched WeightedPodAffinityTerm fields are added per-node to find the most preferred node(s)	-
OpenBaoCluster	spec.readReplicas.template.scheduling.affinity.podAntiAffinity.preferredDuringSchedulingIgnoredDuringExecution[].podAffinityTerm	object	true	-	-	additive-unfrozen	workload	mutable	crd-schema,controller	none	required-if-changed	spec.readReplicas	Required.	-
OpenBaoCluster	spec.readReplicas.template.scheduling.affinity.podAntiAffinity.preferredDuringSchedulingIgnoredDuringExecution[].podAffinityTerm.labelSelector	object	false	-	x-kubernetes-map-type=atomic	additive-unfrozen	workload	mutable	crd-schema,controller	none	required-if-changed	spec.readReplicas	A label query over a set of resources, in this case pods.	-
OpenBaoCluster	spec.readReplicas.template.scheduling.affinity.podAntiAffinity.preferredDuringSchedulingIgnoredDuringExecution[].podAffinityTerm.labelSelector.matchExpressions	array<object>	false	-	x-kubernetes-list-type=atomic	additive-unfrozen	workload	mutable	crd-schema,controller	none	required-if-changed	spec.readReplicas	matchExpressions is a list of label selector requirements.	-
OpenBaoCluster	spec.readReplicas.template.scheduling.affinity.podAntiAffinity.preferredDuringSchedulingIgnoredDuringExecution[].podAffinityTerm.labelSelector.matchExpressions[]	object	false	-	-	additive-unfrozen	workload	mutable	crd-schema,controller	none	required-if-changed	spec.readReplicas	A label selector requirement is a selector that contains values, a key, and an operator that relates the key and values.	-
OpenBaoCluster	spec.readReplicas.template.scheduling.affinity.podAntiAffinity.preferredDuringSchedulingIgnoredDuringExecution[].podAffinityTerm.labelSelector.matchExpressions[].key	string	true	-	-	additive-unfrozen	workload	mutable	crd-schema,controller	none	required-if-changed	spec.readReplicas	key is the label key that the selector applies to.	-
OpenBaoCluster	spec.readReplicas.template.scheduling.affinity.podAntiAffinity.preferredDuringSchedulingIgnoredDuringExecution[].podAffinityTerm.labelSelector.matchExpressions[].operator	string	true	-	-	additive-unfrozen	workload	mutable	crd-schema,controller	none	required-if-changed	spec.readReplicas	operator represents a key's relationship to a set of values.	-
OpenBaoCluster	spec.readReplicas.template.scheduling.affinity.podAntiAffinity.preferredDuringSchedulingIgnoredDuringExecution[].podAffinityTerm.labelSelector.matchExpressions[].values	array<string>	false	-	x-kubernetes-list-type=atomic	additive-unfrozen	workload	mutable	crd-schema,controller	none	required-if-changed	spec.readReplicas	values is an array of string values.	-
OpenBaoCluster	spec.readReplicas.template.scheduling.affinity.podAntiAffinity.preferredDuringSchedulingIgnoredDuringExecution[].podAffinityTerm.labelSelector.matchExpressions[].values[]	string	false	-	-	additive-unfrozen	workload	mutable	crd-schema,controller	none	required-if-changed	spec.readReplicas	-	-
OpenBaoCluster	spec.readReplicas.template.scheduling.affinity.podAntiAffinity.preferredDuringSchedulingIgnoredDuringExecution[].podAffinityTerm.labelSelector.matchLabels	object	false	-	additionalProperties=true	additive-unfrozen	workload	mutable	crd-schema,controller	none	required-if-changed	spec.readReplicas	matchLabels is a map of {key,value} pairs.	-
OpenBaoCluster	spec.readReplicas.template.scheduling.affinity.podAntiAffinity.preferredDuringSchedulingIgnoredDuringExecution[].podAffinityTerm.labelSelector.matchLabels.*	string	false	-	-	additive-unfrozen	workload	mutable	crd-schema,controller	none	required-if-changed	spec.readReplicas	-	-
OpenBaoCluster	spec.readReplicas.template.scheduling.affinity.podAntiAffinity.preferredDuringSchedulingIgnoredDuringExecution[].podAffinityTerm.matchLabelKeys	array<string>	false	-	x-kubernetes-list-type=atomic	additive-unfrozen	workload	mutable	crd-schema,controller	none	required-if-changed	spec.readReplicas	MatchLabelKeys is a set of pod label keys to select which pods will be taken into consideration.	-
OpenBaoCluster	spec.readReplicas.template.scheduling.affinity.podAntiAffinity.preferredDuringSchedulingIgnoredDuringExecution[].podAffinityTerm.matchLabelKeys[]	string	false	-	-	additive-unfrozen	workload	mutable	crd-schema,controller	none	required-if-changed	spec.readReplicas	-	-
OpenBaoCluster	spec.readReplicas.template.scheduling.affinity.podAntiAffinity.preferredDuringSchedulingIgnoredDuringExecution[].podAffinityTerm.mismatchLabelKeys	array<string>	false	-	x-kubernetes-list-type=atomic	additive-unfrozen	workload	mutable	crd-schema,controller	none	required-if-changed	spec.readReplicas	MismatchLabelKeys is a set of pod label keys to select which pods will be taken into consideration.	-
OpenBaoCluster	spec.readReplicas.template.scheduling.affinity.podAntiAffinity.preferredDuringSchedulingIgnoredDuringExecution[].podAffinityTerm.mismatchLabelKeys[]	string	false	-	-	additive-unfrozen	workload	mutable	crd-schema,controller	none	required-if-changed	spec.readReplicas	-	-
OpenBaoCluster	spec.readReplicas.template.scheduling.affinity.podAntiAffinity.preferredDuringSchedulingIgnoredDuringExecution[].podAffinityTerm.namespaceSelector	object	false	-	x-kubernetes-map-type=atomic	additive-unfrozen	workload	mutable	crd-schema,controller	none	required-if-changed	spec.readReplicas	A label query over the set of namespaces that the term applies to.	-
OpenBaoCluster	spec.readReplicas.template.scheduling.affinity.podAntiAffinity.preferredDuringSchedulingIgnoredDuringExecution[].podAffinityTerm.namespaceSelector.matchExpressions	array<object>	false	-	x-kubernetes-list-type=atomic	additive-unfrozen	workload	mutable	crd-schema,controller	none	required-if-changed	spec.readReplicas	matchExpressions is a list of label selector requirements.	-
OpenBaoCluster	spec.readReplicas.template.scheduling.affinity.podAntiAffinity.preferredDuringSchedulingIgnoredDuringExecution[].podAffinityTerm.namespaceSelector.matchExpressions[]	object	false	-	-	additive-unfrozen	workload	mutable	crd-schema,controller	none	required-if-changed	spec.readReplicas	A label selector requirement is a selector that contains values, a key, and an operator that relates the key and values.	-
OpenBaoCluster	spec.readReplicas.template.scheduling.affinity.podAntiAffinity.preferredDuringSchedulingIgnoredDuringExecution[].podAffinityTerm.namespaceSelector.matchExpressions[].key	string	true	-	-	additive-unfrozen	workload	mutable	crd-schema,controller	none	required-if-changed	spec.readReplicas	key is the label key that the selector applies to.	-
OpenBaoCluster	spec.readReplicas.template.scheduling.affinity.podAntiAffinity.preferredDuringSchedulingIgnoredDuringExecution[].podAffinityTerm.namespaceSelector.matchExpressions[].operator	string	true	-	-	additive-unfrozen	workload	mutable	crd-schema,controller	none	required-if-changed	spec.readReplicas	operator represents a key's relationship to a set of values.	-
OpenBaoCluster	spec.readReplicas.template.scheduling.affinity.podAntiAffinity.preferredDuringSchedulingIgnoredDuringExecution[].podAffinityTerm.namespaceSelector.matchExpressions[].values	array<string>	false	-	x-kubernetes-list-type=atomic	additive-unfrozen	workload	mutable	crd-schema,controller	none	required-if-changed	spec.readReplicas	values is an array of string values.	-
OpenBaoCluster	spec.readReplicas.template.scheduling.affinity.podAntiAffinity.preferredDuringSchedulingIgnoredDuringExecution[].podAffinityTerm.namespaceSelector.matchExpressions[].values[]	string	false	-	-	additive-unfrozen	workload	mutable	crd-schema,controller	none	required-if-changed	spec.readReplicas	-	-
OpenBaoCluster	spec.readReplicas.template.scheduling.affinity.podAntiAffinity.preferredDuringSchedulingIgnoredDuringExecution[].podAffinityTerm.namespaceSelector.matchLabels	object	false	-	additionalProperties=true	additive-unfrozen	workload	mutable	crd-schema,controller	none	required-if-changed	spec.readReplicas	matchLabels is a map of {key,value} pairs.	-
OpenBaoCluster	spec.readReplicas.template.scheduling.affinity.podAntiAffinity.preferredDuringSchedulingIgnoredDuringExecution[].podAffinityTerm.namespaceSelector.matchLabels.*	string	false	-	-	additive-unfrozen	workload	mutable	crd-schema,controller	none	required-if-changed	spec.readReplicas	-	-
OpenBaoCluster	spec.readReplicas.template.scheduling.affinity.podAntiAffinity.preferredDuringSchedulingIgnoredDuringExecution[].podAffinityTerm.namespaces	array<string>	false	-	x-kubernetes-list-type=atomic	additive-unfrozen	workload	mutable	crd-schema,controller	none	required-if-changed	spec.readReplicas	namespaces specifies a static list of namespace names that the term applies to.	-
OpenBaoCluster	spec.readReplicas.template.scheduling.affinity.podAntiAffinity.preferredDuringSchedulingIgnoredDuringExecution[].podAffinityTerm.namespaces[]	string	false	-	-	additive-unfrozen	workload	mutable	crd-schema,controller	none	required-if-changed	spec.readReplicas	-	-
OpenBaoCluster	spec.readReplicas.template.scheduling.affinity.podAntiAffinity.preferredDuringSchedulingIgnoredDuringExecution[].podAffinityTerm.topologyKey	string	true	-	-	additive-unfrozen	workload	mutable	crd-schema,controller	none	required-if-changed	spec.readReplicas	This pod should be co-located (affinity) or not co-located (anti-affinity) with the pods matching the labelSelector in the specified namespaces, where co-located is defined as running on a node whose value of the label with key topologyKey matches that of any node on which any of the selected pods is running.	-
OpenBaoCluster	spec.readReplicas.template.scheduling.affinity.podAntiAffinity.preferredDuringSchedulingIgnoredDuringExecution[].weight	integer	true	-	format=int32	additive-unfrozen	workload	mutable	crd-schema,controller	none	required-if-changed	spec.readReplicas	weight associated with matching the corresponding podAffinityTerm, in the range 1-100.	-
OpenBaoCluster	spec.readReplicas.template.scheduling.affinity.podAntiAffinity.requiredDuringSchedulingIgnoredDuringExecution	array<object>	false	-	x-kubernetes-list-type=atomic	additive-unfrozen	workload	mutable	crd-schema,controller	none	required-if-changed	spec.readReplicas	If the anti-affinity requirements specified by this field are not met at scheduling time, the pod will not be scheduled onto the node.	-
OpenBaoCluster	spec.readReplicas.template.scheduling.affinity.podAntiAffinity.requiredDuringSchedulingIgnoredDuringExecution[]	object	false	-	-	additive-unfrozen	workload	mutable	crd-schema,controller	none	required-if-changed	spec.readReplicas	Defines a set of pods (namely those matching the labelSelector relative to the given namespace(s)) that this pod should be co-located (affinity) or not co-located (anti-affinity) with, where co-located is defined as running on a node whose value of the label with key <topologyKey> matches that of any node on which a pod of the set of pods is running	-
OpenBaoCluster	spec.readReplicas.template.scheduling.affinity.podAntiAffinity.requiredDuringSchedulingIgnoredDuringExecution[].labelSelector	object	false	-	x-kubernetes-map-type=atomic	additive-unfrozen	workload	mutable	crd-schema,controller	none	required-if-changed	spec.readReplicas	A label query over a set of resources, in this case pods.	-
OpenBaoCluster	spec.readReplicas.template.scheduling.affinity.podAntiAffinity.requiredDuringSchedulingIgnoredDuringExecution[].labelSelector.matchExpressions	array<object>	false	-	x-kubernetes-list-type=atomic	additive-unfrozen	workload	mutable	crd-schema,controller	none	required-if-changed	spec.readReplicas	matchExpressions is a list of label selector requirements.	-
OpenBaoCluster	spec.readReplicas.template.scheduling.affinity.podAntiAffinity.requiredDuringSchedulingIgnoredDuringExecution[].labelSelector.matchExpressions[]	object	false	-	-	additive-unfrozen	workload	mutable	crd-schema,controller	none	required-if-changed	spec.readReplicas	A label selector requirement is a selector that contains values, a key, and an operator that relates the key and values.	-
OpenBaoCluster	spec.readReplicas.template.scheduling.affinity.podAntiAffinity.requiredDuringSchedulingIgnoredDuringExecution[].labelSelector.matchExpressions[].key	string	true	-	-	additive-unfrozen	workload	mutable	crd-schema,controller	none	required-if-changed	spec.readReplicas	key is the label key that the selector applies to.	-
OpenBaoCluster	spec.readReplicas.template.scheduling.affinity.podAntiAffinity.requiredDuringSchedulingIgnoredDuringExecution[].labelSelector.matchExpressions[].operator	string	true	-	-	additive-unfrozen	workload	mutable	crd-schema,controller	none	required-if-changed	spec.readReplicas	operator represents a key's relationship to a set of values.	-
OpenBaoCluster	spec.readReplicas.template.scheduling.affinity.podAntiAffinity.requiredDuringSchedulingIgnoredDuringExecution[].labelSelector.matchExpressions[].values	array<string>	false	-	x-kubernetes-list-type=atomic	additive-unfrozen	workload	mutable	crd-schema,controller	none	required-if-changed	spec.readReplicas	values is an array of string values.	-
OpenBaoCluster	spec.readReplicas.template.scheduling.affinity.podAntiAffinity.requiredDuringSchedulingIgnoredDuringExecution[].labelSelector.matchExpressions[].values[]	string	false	-	-	additive-unfrozen	workload	mutable	crd-schema,controller	none	required-if-changed	spec.readReplicas	-	-
OpenBaoCluster	spec.readReplicas.template.scheduling.affinity.podAntiAffinity.requiredDuringSchedulingIgnoredDuringExecution[].labelSelector.matchLabels	object	false	-	additionalProperties=true	additive-unfrozen	workload	mutable	crd-schema,controller	none	required-if-changed	spec.readReplicas	matchLabels is a map of {key,value} pairs.	-
OpenBaoCluster	spec.readReplicas.template.scheduling.affinity.podAntiAffinity.requiredDuringSchedulingIgnoredDuringExecution[].labelSelector.matchLabels.*	string	false	-	-	additive-unfrozen	workload	mutable	crd-schema,controller	none	required-if-changed	spec.readReplicas	-	-
OpenBaoCluster	spec.readReplicas.template.scheduling.affinity.podAntiAffinity.requiredDuringSchedulingIgnoredDuringExecution[].matchLabelKeys	array<string>	false	-	x-kubernetes-list-type=atomic	additive-unfrozen	workload	mutable	crd-schema,controller	none	required-if-changed	spec.readReplicas	MatchLabelKeys is a set of pod label keys to select which pods will be taken into consideration.	-
OpenBaoCluster	spec.readReplicas.template.scheduling.affinity.podAntiAffinity.requiredDuringSchedulingIgnoredDuringExecution[].matchLabelKeys[]	string	false	-	-	additive-unfrozen	workload	mutable	crd-schema,controller	none	required-if-changed	spec.readReplicas	-	-
OpenBaoCluster	spec.readReplicas.template.scheduling.affinity.podAntiAffinity.requiredDuringSchedulingIgnoredDuringExecution[].mismatchLabelKeys	array<string>	false	-	x-kubernetes-list-type=atomic	additive-unfrozen	workload	mutable	crd-schema,controller	none	required-if-changed	spec.readReplicas	MismatchLabelKeys is a set of pod label keys to select which pods will be taken into consideration.	-
OpenBaoCluster	spec.readReplicas.template.scheduling.affinity.podAntiAffinity.requiredDuringSchedulingIgnoredDuringExecution[].mismatchLabelKeys[]	string	false	-	-	additive-unfrozen	workload	mutable	crd-schema,controller	none	required-if-changed	spec.readReplicas	-	-
OpenBaoCluster	spec.readReplicas.template.scheduling.affinity.podAntiAffinity.requiredDuringSchedulingIgnoredDuringExecution[].namespaceSelector	object	false	-	x-kubernetes-map-type=atomic	additive-unfrozen	workload	mutable	crd-schema,controller	none	required-if-changed	spec.readReplicas	A label query over the set of namespaces that the term applies to.	-
OpenBaoCluster	spec.readReplicas.template.scheduling.affinity.podAntiAffinity.requiredDuringSchedulingIgnoredDuringExecution[].namespaceSelector.matchExpressions	array<object>	false	-	x-kubernetes-list-type=atomic	additive-unfrozen	workload	mutable	crd-schema,controller	none	required-if-changed	spec.readReplicas	matchExpressions is a list of label selector requirements.	-
OpenBaoCluster	spec.readReplicas.template.scheduling.affinity.podAntiAffinity.requiredDuringSchedulingIgnoredDuringExecution[].namespaceSelector.matchExpressions[]	object	false	-	-	additive-unfrozen	workload	mutable	crd-schema,controller	none	required-if-changed	spec.readReplicas	A label selector requirement is a selector that contains values, a key, and an operator that relates the key and values.	-
OpenBaoCluster	spec.readReplicas.template.scheduling.affinity.podAntiAffinity.requiredDuringSchedulingIgnoredDuringExecution[].namespaceSelector.matchExpressions[].key	string	true	-	-	additive-unfrozen	workload	mutable	crd-schema,controller	none	required-if-changed	spec.readReplicas	key is the label key that the selector applies to.	-
OpenBaoCluster	spec.readReplicas.template.scheduling.affinity.podAntiAffinity.requiredDuringSchedulingIgnoredDuringExecution[].namespaceSelector.matchExpressions[].operator	string	true	-	-	additive-unfrozen	workload	mutable	crd-schema,controller	none	required-if-changed	spec.readReplicas	operator represents a key's relationship to a set of values.	-
OpenBaoCluster	spec.readReplicas.template.scheduling.affinity.podAntiAffinity.requiredDuringSchedulingIgnoredDuringExecution[].namespaceSelector.matchExpressions[].values	array<string>	false	-	x-kubernetes-list-type=atomic	additive-unfrozen	workload	mutable	crd-schema,controller	none	required-if-changed	spec.readReplicas	values is an array of string values.	-
OpenBaoCluster	spec.readReplicas.template.scheduling.affinity.podAntiAffinity.requiredDuringSchedulingIgnoredDuringExecution[].namespaceSelector.matchExpressions[].values[]	string	false	-	-	additive-unfrozen	workload	mutable	crd-schema,controller	none	required-if-changed	spec.readReplicas	-	-
OpenBaoCluster	spec.readReplicas.template.scheduling.affinity.podAntiAffinity.requiredDuringSchedulingIgnoredDuringExecution[].namespaceSelector.matchLabels	object	false	-	additionalProperties=true	additive-unfrozen	workload	mutable	crd-schema,controller	none	required-if-changed	spec.readReplicas	matchLabels is a map of {key,value} pairs.	-
OpenBaoCluster	spec.readReplicas.template.scheduling.affinity.podAntiAffinity.requiredDuringSchedulingIgnoredDuringExecution[].namespaceSelector.matchLabels.*	string	false	-	-	additive-unfrozen	workload	mutable	crd-schema,controller	none	required-if-changed	spec.readReplicas	-	-
OpenBaoCluster	spec.readReplicas.template.scheduling.affinity.podAntiAffinity.requiredDuringSchedulingIgnoredDuringExecution[].namespaces	array<string>	false	-	x-kubernetes-list-type=atomic	additive-unfrozen	workload	mutable	crd-schema,controller	none	required-if-changed	spec.readReplicas	namespaces specifies a static list of namespace names that the term applies to.	-
OpenBaoCluster	spec.readReplicas.template.scheduling.affinity.podAntiAffinity.requiredDuringSchedulingIgnoredDuringExecution[].namespaces[]	string	false	-	-	additive-unfrozen	workload	mutable	crd-schema,controller	none	required-if-changed	spec.readReplicas	-	-
OpenBaoCluster	spec.readReplicas.template.scheduling.affinity.podAntiAffinity.requiredDuringSchedulingIgnoredDuringExecution[].topologyKey	string	true	-	-	additive-unfrozen	workload	mutable	crd-schema,controller	none	required-if-changed	spec.readReplicas	This pod should be co-located (affinity) or not co-located (anti-affinity) with the pods matching the labelSelector in the specified namespaces, where co-located is defined as running on a node whose value of the label with key topologyKey matches that of any node on which any of the selected pods is running.	-
OpenBaoCluster	spec.readReplicas.template.scheduling.nodeSelector	object	false	-	additionalProperties=true	additive-unfrozen	workload	mutable	crd-schema,controller	none	required-if-changed	spec.readReplicas	NodeSelector defines node-selection constraints for read-replica Pods.	-
OpenBaoCluster	spec.readReplicas.template.scheduling.nodeSelector.*	string	false	-	-	additive-unfrozen	workload	mutable	crd-schema,controller	none	required-if-changed	spec.readReplicas	-	-
OpenBaoCluster	spec.readReplicas.template.scheduling.tolerations	array<object>	false	-	-	additive-unfrozen	workload	mutable	crd-schema,controller	none	required-if-changed	spec.readReplicas	Tolerations defines Pod tolerations for read-replica Pods.	-
OpenBaoCluster	spec.readReplicas.template.scheduling.tolerations[]	object	false	-	-	additive-unfrozen	workload	mutable	crd-schema,controller	none	required-if-changed	spec.readReplicas	The pod this Toleration is attached to tolerates any taint that matches the triple <key,value,effect> using the matching operator <operator>.	-
OpenBaoCluster	spec.readReplicas.template.scheduling.tolerations[].effect	string	false	-	-	additive-unfrozen	workload	mutable	crd-schema,controller	none	required-if-changed	spec.readReplicas	Effect indicates the taint effect to match.	-
OpenBaoCluster	spec.readReplicas.template.scheduling.tolerations[].key	string	false	-	-	additive-unfrozen	workload	mutable	crd-schema,controller	none	required-if-changed	spec.readReplicas	Key is the taint key that the toleration applies to.	-
OpenBaoCluster	spec.readReplicas.template.scheduling.tolerations[].operator	string	false	-	-	additive-unfrozen	workload	mutable	crd-schema,controller	none	required-if-changed	spec.readReplicas	Operator represents a key's relationship to the value.	-
OpenBaoCluster	spec.readReplicas.template.scheduling.tolerations[].tolerationSeconds	integer	false	-	format=int64	additive-unfrozen	workload	mutable	crd-schema,controller	none	required-if-changed	spec.readReplicas	TolerationSeconds represents the period of time the toleration (which must be of effect NoExecute, otherwise this field is ignored) tolerates the taint.	-
OpenBaoCluster	spec.readReplicas.template.scheduling.tolerations[].value	string	false	-	-	additive-unfrozen	workload	mutable	crd-schema,controller	none	required-if-changed	spec.readReplicas	Value is the taint value the toleration matches to.	-
OpenBaoCluster	spec.readReplicas.template.scheduling.topologySpreadConstraints	array<object>	false	-	-	additive-unfrozen	workload	mutable	crd-schema,controller	none	required-if-changed	spec.readReplicas	TopologySpreadConstraints defines topology spread constraints for read-replica Pods.	-
OpenBaoCluster	spec.readReplicas.template.scheduling.topologySpreadConstraints[]	object	false	-	-	additive-unfrozen	workload	mutable	crd-schema,controller	none	required-if-changed	spec.readReplicas	TopologySpreadConstraint specifies how to spread matching pods among the given topology.	-
OpenBaoCluster	spec.readReplicas.template.scheduling.topologySpreadConstraints[].labelSelector	object	false	-	x-kubernetes-map-type=atomic	additive-unfrozen	workload	mutable	crd-schema,controller	none	required-if-changed	spec.readReplicas	LabelSelector is used to find matching pods.	-
OpenBaoCluster	spec.readReplicas.template.scheduling.topologySpreadConstraints[].labelSelector.matchExpressions	array<object>	false	-	x-kubernetes-list-type=atomic	additive-unfrozen	workload	mutable	crd-schema,controller	none	required-if-changed	spec.readReplicas	matchExpressions is a list of label selector requirements.	-
OpenBaoCluster	spec.readReplicas.template.scheduling.topologySpreadConstraints[].labelSelector.matchExpressions[]	object	false	-	-	additive-unfrozen	workload	mutable	crd-schema,controller	none	required-if-changed	spec.readReplicas	A label selector requirement is a selector that contains values, a key, and an operator that relates the key and values.	-
OpenBaoCluster	spec.readReplicas.template.scheduling.topologySpreadConstraints[].labelSelector.matchExpressions[].key	string	true	-	-	additive-unfrozen	workload	mutable	crd-schema,controller	none	required-if-changed	spec.readReplicas	key is the label key that the selector applies to.	-
OpenBaoCluster	spec.readReplicas.template.scheduling.topologySpreadConstraints[].labelSelector.matchExpressions[].operator	string	true	-	-	additive-unfrozen	workload	mutable	crd-schema,controller	none	required-if-changed	spec.readReplicas	operator represents a key's relationship to a set of values.	-
OpenBaoCluster	spec.readReplicas.template.scheduling.topologySpreadConstraints[].labelSelector.matchExpressions[].values	array<string>	false	-	x-kubernetes-list-type=atomic	additive-unfrozen	workload	mutable	crd-schema,controller	none	required-if-changed	spec.readReplicas	values is an array of string values.	-
OpenBaoCluster	spec.readReplicas.template.scheduling.topologySpreadConstraints[].labelSelector.matchExpressions[].values[]	string	false	-	-	additive-unfrozen	workload	mutable	crd-schema,controller	none	required-if-changed	spec.readReplicas	-	-
OpenBaoCluster	spec.readReplicas.template.scheduling.topologySpreadConstraints[].labelSelector.matchLabels	object	false	-	additionalProperties=true	additive-unfrozen	workload	mutable	crd-schema,controller	none	required-if-changed	spec.readReplicas	matchLabels is a map of {key,value} pairs.	-
OpenBaoCluster	spec.readReplicas.template.scheduling.topologySpreadConstraints[].labelSelector.matchLabels.*	string	false	-	-	additive-unfrozen	workload	mutable	crd-schema,controller	none	required-if-changed	spec.readReplicas	-	-
OpenBaoCluster	spec.readReplicas.template.scheduling.topologySpreadConstraints[].matchLabelKeys	array<string>	false	-	x-kubernetes-list-type=atomic	additive-unfrozen	workload	mutable	crd-schema,controller	none	required-if-changed	spec.readReplicas	MatchLabelKeys is a set of pod label keys to select the pods over which spreading will be calculated.	-
OpenBaoCluster	spec.readReplicas.template.scheduling.topologySpreadConstraints[].matchLabelKeys[]	string	false	-	-	additive-unfrozen	workload	mutable	crd-schema,controller	none	required-if-changed	spec.readReplicas	-	-
OpenBaoCluster	spec.readReplicas.template.scheduling.topologySpreadConstraints[].maxSkew	integer	true	-	format=int32	additive-unfrozen	workload	mutable	crd-schema,controller	none	required-if-changed	spec.readReplicas	MaxSkew describes the degree to which pods may be unevenly distributed.	-
OpenBaoCluster	spec.readReplicas.template.scheduling.topologySpreadConstraints[].minDomains	integer	false	-	format=int32	additive-unfrozen	workload	mutable	crd-schema,controller	none	required-if-changed	spec.readReplicas	MinDomains indicates a minimum number of eligible domains.	-
OpenBaoCluster	spec.readReplicas.template.scheduling.topologySpreadConstraints[].nodeAffinityPolicy	string	false	-	-	additive-unfrozen	workload	mutable	crd-schema,controller	none	required-if-changed	spec.readReplicas	NodeAffinityPolicy indicates how we will treat Pod's nodeAffinity/nodeSelector when calculating pod topology spread skew.	-
OpenBaoCluster	spec.readReplicas.template.scheduling.topologySpreadConstraints[].nodeTaintsPolicy	string	false	-	-	additive-unfrozen	workload	mutable	crd-schema,controller	none	required-if-changed	spec.readReplicas	NodeTaintsPolicy indicates how we will treat node taints when calculating pod topology spread skew.	-
OpenBaoCluster	spec.readReplicas.template.scheduling.topologySpreadConstraints[].topologyKey	string	true	-	-	additive-unfrozen	workload	mutable	crd-schema,controller	none	required-if-changed	spec.readReplicas	TopologyKey is the key of node labels.	-
OpenBaoCluster	spec.readReplicas.template.scheduling.topologySpreadConstraints[].whenUnsatisfiable	string	true	-	-	additive-unfrozen	workload	mutable	crd-schema,controller	none	required-if-changed	spec.readReplicas	WhenUnsatisfiable indicates how to deal with a pod if it doesn't satisfy the spread constraint.	-
OpenBaoCluster	spec.reconcilePolicies	boolean	false	-	-	additive-unfrozen	bootstrap-security	mutable	crd-schema,controller	none	required-if-changed	spec.reconcilePolicies	ReconcilePolicies restores the built-in operational policies after initialization.	omission: built-in operational policies are not reconciled after initialization; Opt-in ownership of fixed policies with exact contents approved independently in OpenBao; approval policies and auth configuration remain administrator-owned.
OpenBaoCluster	spec.recoveryKeys	object	false	-	-	additive-unfrozen	bootstrap-security	mutable	crd-schema,controller	none	required-if-changed	spec.recoveryKeys	RecoveryKeys configures Operator-assisted recovery-key bootstrap surfaces.	-
OpenBaoCluster	spec.recoveryKeys.initial	object	false	-	cel=[{"rule":"self.threshold \u003c= self.shares","message":"recoveryKeys.initial.threshold must be less than or equal to recoveryKeys.initial.shares"},{"rule":"size(self.recipients) == self.shares","message":"recoveryKeys.initial.recipients must contain exactly recoveryKeys.initial.shares entries"}]	additive-unfrozen	bootstrap-security	mutable	crd-schema,controller	none	required-if-changed	spec.recoveryKeys	Initial configures the first recovery-key generation request for a self-initialized cluster using auto-unseal.	-
OpenBaoCluster	spec.recoveryKeys.initial.recipients	array<object>	true	-	minItems=1; maxItems=255; x-kubernetes-list-type=map; x-kubernetes-list-map-keys=name	additive-unfrozen	bootstrap-security	mutable	crd-schema,controller	none	required-if-changed	spec.recoveryKeys	Recipients lists the public OpenPGP recipients for encrypted recovery shares.	-
OpenBaoCluster	spec.recoveryKeys.initial.recipients[]	object	false	-	-	additive-unfrozen	bootstrap-security	mutable	crd-schema,controller	none	required-if-changed	spec.recoveryKeys	RecoveryKeyRecipient describes one public OpenPGP recipient for an encrypted recovery-key share.	-
OpenBaoCluster	spec.recoveryKeys.initial.recipients[].fingerprint	string	false	-	pattern=^([0-9A-Fa-f]{40}|[0-9A-Fa-f]{64})$	additive-unfrozen	bootstrap-security	mutable	crd-schema,controller	none	required-if-changed	spec.recoveryKeys	Fingerprint is the expected OpenPGP public-key fingerprint for the recipient.	-
OpenBaoCluster	spec.recoveryKeys.initial.recipients[].name	string	true	-	pattern=^[A-Za-z0-9][A-Za-z0-9_.-]*$; minLength=1; maxLength=64	additive-unfrozen	bootstrap-security	mutable	crd-schema,controller	none	required-if-changed	spec.recoveryKeys	Name is a stable ceremony-local recipient identifier used only for review and status/evidence mapping.	-
OpenBaoCluster	spec.recoveryKeys.initial.recipients[].pgpPublicKey	string	true	-	minLength=1	additive-unfrozen	bootstrap-security	mutable	crd-schema,controller	none	required-if-changed	spec.recoveryKeys	PGPPublicKey is the base64-encoded binary OpenPGP public key material expected by OpenBao's sys/rotate/recovery/init pgp_keys field.	-
OpenBaoCluster	spec.recoveryKeys.initial.shares	integer	true	-	format=int32; minimum=1; maximum=255	additive-unfrozen	bootstrap-security	mutable	crd-schema,controller	none	required-if-changed	spec.recoveryKeys	Shares is the total number of recovery-key shares to create.	-
OpenBaoCluster	spec.recoveryKeys.initial.threshold	integer	true	-	format=int32; minimum=1; maximum=255	additive-unfrozen	bootstrap-security	mutable	crd-schema,controller	none	required-if-changed	spec.recoveryKeys	Threshold is the number of recovery-key shares required for recovery operations such as generate-root.	-
OpenBaoCluster	spec.replicas	integer	true	3	format=int32; minimum=1	beta-stable	workload	mutable	crd-schema,controller	none	required-if-changed	spec.replicas	Replicas is the desired number of quorum-carrying voter Pods.	-
OpenBaoCluster	spec.resources	object	false	-	-	additive-unfrozen	workload	mutable	crd-schema,controller	none	required-if-changed	spec.resources	Resources defines resource requests and limits for voter OpenBao containers.	Resource requirements apply to voter OpenBao containers; read replicas retain their pool-specific template setting.
OpenBaoCluster	spec.resources.claims	array<object>	false	-	x-kubernetes-list-type=map; x-kubernetes-list-map-keys=name	additive-unfrozen	workload	mutable	crd-schema,controller	none	required-if-changed	spec.resources	Claims lists the names of resources, defined in spec.resourceClaims, that are used by this container.	Resource requirements apply to voter OpenBao containers; read replicas retain their pool-specific template setting.
OpenBaoCluster	spec.resources.claims[]	object	false	-	-	additive-unfrozen	workload	mutable	crd-schema,controller	none	required-if-changed	spec.resources	ResourceClaim references one entry in PodSpec.ResourceClaims.	Resource requirements apply to voter OpenBao containers; read replicas retain their pool-specific template setting.
OpenBaoCluster	spec.resources.claims[].name	string	true	-	-	additive-unfrozen	workload	mutable	crd-schema,controller	none	required-if-changed	spec.resources	Name must match the name of one entry in pod.spec.resourceClaims of the Pod where this field is used.	Resource requirements apply to voter OpenBao containers; read replicas retain their pool-specific template setting.
OpenBaoCluster	spec.resources.claims[].request	string	false	-	-	additive-unfrozen	workload	mutable	crd-schema,controller	none	required-if-changed	spec.resources	Request is the name chosen for a request in the referenced claim.	Resource requirements apply to voter OpenBao containers; read replicas retain their pool-specific template setting.
OpenBaoCluster	spec.resources.limits	object	false	-	additionalProperties=true	additive-unfrozen	workload	mutable	crd-schema,controller	none	required-if-changed	spec.resources	Limits describes the maximum amount of compute resources allowed.	Resource requirements apply to voter OpenBao containers; read replicas retain their pool-specific template setting.
OpenBaoCluster	spec.resources.limits.*	anyOf	false	-	pattern=^(\+|-)?(([0-9]+(\.[0-9]*)?)|(\.[0-9]+))(([KMGTPE]i)|[numkMGTPE]|([eE](\+|-)?(([0-9]+(\.[0-9]*)?)|(\.[0-9]+))))?$; x-kubernetes-int-or-string	additive-unfrozen	workload	mutable	crd-schema,controller	none	required-if-changed	spec.resources	-	Resource requirements apply to voter OpenBao containers; read replicas retain their pool-specific template setting.
OpenBaoCluster	spec.resources.limits.*.anyOf[0]	integer	false	-	-	additive-unfrozen	workload	mutable	crd-schema,controller	none	required-if-changed	spec.resources	-	Resource requirements apply to voter OpenBao containers; read replicas retain their pool-specific template setting.
OpenBaoCluster	spec.resources.limits.*.anyOf[1]	string	false	-	-	additive-unfrozen	workload	mutable	crd-schema,controller	none	required-if-changed	spec.resources	-	Resource requirements apply to voter OpenBao containers; read replicas retain their pool-specific template setting.
OpenBaoCluster	spec.resources.requests	object	false	-	additionalProperties=true	additive-unfrozen	workload	mutable	crd-schema,controller	none	required-if-changed	spec.resources	Requests describes the minimum amount of compute resources required.	Resource requirements apply to voter OpenBao containers; read replicas retain their pool-specific template setting.
OpenBaoCluster	spec.resources.requests.*	anyOf	false	-	pattern=^(\+|-)?(([0-9]+(\.[0-9]*)?)|(\.[0-9]+))(([KMGTPE]i)|[numkMGTPE]|([eE](\+|-)?(([0-9]+(\.[0-9]*)?)|(\.[0-9]+))))?$; x-kubernetes-int-or-string	additive-unfrozen	workload	mutable	crd-schema,controller	none	required-if-changed	spec.resources	-	Resource requirements apply to voter OpenBao containers; read replicas retain their pool-specific template setting.
OpenBaoCluster	spec.resources.requests.*.anyOf[0]	integer	false	-	-	additive-unfrozen	workload	mutable	crd-schema,controller	none	required-if-changed	spec.resources	-	Resource requirements apply to voter OpenBao containers; read replicas retain their pool-specific template setting.
OpenBaoCluster	spec.resources.requests.*.anyOf[1]	string	false	-	-	additive-unfrozen	workload	mutable	crd-schema,controller	none	required-if-changed	spec.resources	-	Resource requirements apply to voter OpenBao containers; read replicas retain their pool-specific template setting.
OpenBaoCluster	spec.restore	object	false	-	-	beta-stable	restore	mutable	crd-schema,controller	none	required-if-changed	spec.restore	Restore configures optional restore authentication bootstrap for the cluster.	-
OpenBaoCluster	spec.restore.jwtAuthRole	string	false	-	-	beta-stable	restore	mutable	crd-schema,controller	none	required-if-changed	spec.restore.jwtAuthRole	JWTAuthRole is the name of the JWT Auth role configured in OpenBao for restore operations.	omission: self-init OIDC uses the operator-managed restore role
OpenBaoCluster	spec.runtime	object	false	-	-	beta-stable	lifecycle	mutable	crd-schema,controller	none	required-if-changed	spec.runtime	Runtime configures explicit runtime control requests for the OpenBao workload.	-
OpenBaoCluster	spec.runtime.restartAt	string	false	-	minLength=1	beta-stable	lifecycle	request-token	crd-schema,controller	none	required-if-changed	spec.runtime.restartAt	RestartAt triggers a rolling restart when changed.	A changed non-empty value requests a rolling restart.
OpenBaoCluster	spec.securityContext	object	false	-	-	beta-stable	workload-security	mutable	crd-schema,admission-policy,controller	none	required-if-changed	spec.securityContext	SecurityContext allows specifying the PodSecurityContext for the OpenBao Pods.	omission: controller applies the profile-specific pod security context
OpenBaoCluster	spec.securityContext.appArmorProfile	object	false	-	-	beta-stable	workload-security	mutable	crd-schema,admission-policy,controller	none	required-if-changed	spec.securityContext	appArmorProfile is the AppArmor options to use by the containers in this pod.	-
OpenBaoCluster	spec.securityContext.appArmorProfile.localhostProfile	string	false	-	-	beta-stable	workload-security	mutable	crd-schema,admission-policy,controller	none	required-if-changed	spec.securityContext	localhostProfile indicates a profile loaded on the node that should be used.	-
OpenBaoCluster	spec.securityContext.appArmorProfile.type	string	true	-	-	beta-stable	workload-security	mutable	crd-schema,admission-policy,controller	none	required-if-changed	spec.securityContext	type indicates which kind of AppArmor profile will be applied.	-
OpenBaoCluster	spec.securityContext.fsGroup	integer	false	-	format=int64	beta-stable	workload-security	mutable	crd-schema,admission-policy,controller	none	required-if-changed	spec.securityContext	A special supplemental group that applies to all containers in a pod.	-
OpenBaoCluster	spec.securityContext.fsGroupChangePolicy	string	false	-	-	beta-stable	workload-security	mutable	crd-schema,admission-policy,controller	none	required-if-changed	spec.securityContext	fsGroupChangePolicy defines behavior of changing ownership and permission of the volume before being exposed inside Pod.	-
OpenBaoCluster	spec.securityContext.runAsGroup	integer	false	-	format=int64	beta-stable	workload-security	mutable	crd-schema,admission-policy,controller	none	required-if-changed	spec.securityContext	The GID to run the entrypoint of the container process.	-
OpenBaoCluster	spec.securityContext.runAsNonRoot	boolean	false	-	-	beta-stable	workload-security	mutable	crd-schema,admission-policy,controller	none	required-if-changed	spec.securityContext	Indicates that the container must run as a non-root user.	-
OpenBaoCluster	spec.securityContext.runAsUser	integer	false	-	format=int64	beta-stable	workload-security	mutable	crd-schema,admission-policy,controller	none	required-if-changed	spec.securityContext	The UID to run the entrypoint of the container process.	-
OpenBaoCluster	spec.securityContext.seLinuxChangePolicy	string	false	-	-	beta-stable	workload-security	mutable	crd-schema,admission-policy,controller	none	required-if-changed	spec.securityContext	seLinuxChangePolicy defines how the container's SELinux label is applied to all volumes used by the Pod.	-
OpenBaoCluster	spec.securityContext.seLinuxOptions	object	false	-	-	beta-stable	workload-security	mutable	crd-schema,admission-policy,controller	none	required-if-changed	spec.securityContext	The SELinux context to be applied to all containers.	-
OpenBaoCluster	spec.securityContext.seLinuxOptions.level	string	false	-	-	beta-stable	workload-security	mutable	crd-schema,admission-policy,controller	none	required-if-changed	spec.securityContext	Level is SELinux level label that applies to the container.	-
OpenBaoCluster	spec.securityContext.seLinuxOptions.role	string	false	-	-	beta-stable	workload-security	mutable	crd-schema,admission-policy,controller	none	required-if-changed	spec.securityContext	Role is a SELinux role label that applies to the container.	-
OpenBaoCluster	spec.securityContext.seLinuxOptions.type	string	false	-	-	beta-stable	workload-security	mutable	crd-schema,admission-policy,controller	none	required-if-changed	spec.securityContext	Type is a SELinux type label that applies to the container.	-
OpenBaoCluster	spec.securityContext.seLinuxOptions.user	string	false	-	-	beta-stable	workload-security	mutable	crd-schema,admission-policy,controller	none	required-if-changed	spec.securityContext	User is a SELinux user label that applies to the container.	-
OpenBaoCluster	spec.securityContext.seccompProfile	object	false	-	-	beta-stable	workload-security	mutable	crd-schema,admission-policy,controller	none	required-if-changed	spec.securityContext	The seccomp options to use by the containers in this pod.	-
OpenBaoCluster	spec.securityContext.seccompProfile.localhostProfile	string	false	-	-	beta-stable	workload-security	mutable	crd-schema,admission-policy,controller	none	required-if-changed	spec.securityContext	localhostProfile indicates a profile defined in a file on the node should be used.	-
OpenBaoCluster	spec.securityContext.seccompProfile.type	string	true	-	-	beta-stable	workload-security	mutable	crd-schema,admission-policy,controller	none	required-if-changed	spec.securityContext	type indicates which kind of seccomp profile will be applied.	-
OpenBaoCluster	spec.securityContext.supplementalGroups	array<integer>	false	-	x-kubernetes-list-type=atomic	beta-stable	workload-security	mutable	crd-schema,admission-policy,controller	none	required-if-changed	spec.securityContext	A list of groups applied to the first process run in each container, in addition to the container's primary GID and fsGroup (if specified).	-
OpenBaoCluster	spec.securityContext.supplementalGroupsPolicy	string	false	-	-	beta-stable	workload-security	mutable	crd-schema,admission-policy,controller	none	required-if-changed	spec.securityContext	Defines how supplemental groups of the first container processes are calculated.	-
OpenBaoCluster	spec.securityContext.supplementalGroups[]	integer	false	-	format=int64	beta-stable	workload-security	mutable	crd-schema,admission-policy,controller	none	required-if-changed	spec.securityContext	-	-
OpenBaoCluster	spec.securityContext.sysctls	array<object>	false	-	x-kubernetes-list-type=atomic	beta-stable	workload-security	mutable	crd-schema,admission-policy,controller	none	required-if-changed	spec.securityContext	Sysctls hold a list of namespaced sysctls used for the pod.	-
OpenBaoCluster	spec.securityContext.sysctls[]	object	false	-	-	beta-stable	workload-security	mutable	crd-schema,admission-policy,controller	none	required-if-changed	spec.securityContext	Sysctl defines a kernel parameter to be set	-
OpenBaoCluster	spec.securityContext.sysctls[].name	string	true	-	-	beta-stable	workload-security	mutable	crd-schema,admission-policy,controller	none	required-if-changed	spec.securityContext	Name of a property to set	-
OpenBaoCluster	spec.securityContext.sysctls[].value	string	true	-	-	beta-stable	workload-security	mutable	crd-schema,admission-policy,controller	none	required-if-changed	spec.securityContext	Value of a property to set	-
OpenBaoCluster	spec.securityContext.windowsOptions	object	false	-	-	beta-stable	workload-security	mutable	crd-schema,admission-policy,controller	none	required-if-changed	spec.securityContext	The Windows specific settings applied to all containers.	-
OpenBaoCluster	spec.securityContext.windowsOptions.gmsaCredentialSpec	string	false	-	-	beta-stable	workload-security	mutable	crd-schema,admission-policy,controller	none	required-if-changed	spec.securityContext	GMSACredentialSpec is where the GMSA admission webhook (https://github.com/kubernetes-sigs/windows-gmsa) inlines the contents of the GMSA credential spec named by the GMSACredentialSpecName field.	-
OpenBaoCluster	spec.securityContext.windowsOptions.gmsaCredentialSpecName	string	false	-	-	beta-stable	workload-security	mutable	crd-schema,admission-policy,controller	none	required-if-changed	spec.securityContext	GMSACredentialSpecName is the name of the GMSA credential spec to use.	-
OpenBaoCluster	spec.securityContext.windowsOptions.hostProcess	boolean	false	-	-	beta-stable	workload-security	mutable	crd-schema,admission-policy,controller	none	required-if-changed	spec.securityContext	HostProcess determines if a container should be run as a 'Host Process' container.	-
OpenBaoCluster	spec.securityContext.windowsOptions.runAsUserName	string	false	-	-	beta-stable	workload-security	mutable	crd-schema,admission-policy,controller	none	required-if-changed	spec.securityContext	The UserName in Windows to run the entrypoint of the container process.	-
OpenBaoCluster	spec.selfInit	object	false	-	-	beta-stable	bootstrap-security	mutable	crd-schema,admission-policy,controller	none	required-if-changed	spec.selfInit	SelfInit configures OpenBao's native self-initialization feature.	-
OpenBaoCluster	spec.selfInit.enabled	boolean	true	false	-	beta-stable	bootstrap-security	mutable	crd-schema,admission-policy,controller	none	required-if-changed	spec.selfInit	Enabled activates OpenBao's self-initialization feature.	-
OpenBaoCluster	spec.selfInit.oidc	object	false	-	cel=[{"rule":"!has(self.additionalSubjects) || self.enabled","message":"spec.selfInit.oidc.additionalSubjects requires spec.selfInit.oidc.enabled=true"}]	beta-stable	bootstrap-security	mutable	crd-schema,admission-policy,controller	none	required-if-changed	spec.selfInit	OIDC configures JWT authentication for the Operator to perform cluster lifecycle operations (backups, upgrades, restores).	-
OpenBaoCluster	spec.selfInit.oidc.additionalSubjects	object	false	-	-	additive-unfrozen	bootstrap-security	mutable	crd-schema,controller	none	required-if-changed	spec.selfInit.oidc.additionalSubjects	AdditionalSubjects adds exact Kubernetes ServiceAccount subjects to the generated Operator JWT roles.	omission: generated JWT roles bind only their default local ServiceAccount subjects; Recovery-target identity bindings are additive and role-scoped; cross-control-plane JWT trust remains a separate configuration contract.
OpenBaoCluster	spec.selfInit.oidc.additionalSubjects.backup	array<string>	false	-	maxItems=32; x-kubernetes-list-type=set	additive-unfrozen	bootstrap-security	mutable	crd-schema,controller	none	required-if-changed	spec.selfInit.oidc.additionalSubjects	Backup lists additional backup Job ServiceAccount subjects.	Recovery-target identity bindings are additive and role-scoped; cross-control-plane JWT trust remains a separate configuration contract.
OpenBaoCluster	spec.selfInit.oidc.additionalSubjects.backup[]	string	false	-	pattern=^system:serviceaccount:[a-z0-9]([-a-z0-9]*[a-z0-9])?:[a-z0-9]([-a-z0-9.]*[a-z0-9])?$; maxLength=340	additive-unfrozen	bootstrap-security	mutable	crd-schema,controller	none	required-if-changed	spec.selfInit.oidc.additionalSubjects	KubernetesServiceAccountSubject is the exact subject claim in a projected Kubernetes ServiceAccount token.	Recovery-target identity bindings are additive and role-scoped; cross-control-plane JWT trust remains a separate configuration contract.
OpenBaoCluster	spec.selfInit.oidc.additionalSubjects.operator	array<string>	false	-	maxItems=32; x-kubernetes-list-type=set	additive-unfrozen	bootstrap-security	mutable	crd-schema,controller	none	required-if-changed	spec.selfInit.oidc.additionalSubjects	Operator lists additional controller ServiceAccount subjects.	Recovery-target identity bindings are additive and role-scoped; cross-control-plane JWT trust remains a separate configuration contract.
OpenBaoCluster	spec.selfInit.oidc.additionalSubjects.operator[]	string	false	-	pattern=^system:serviceaccount:[a-z0-9]([-a-z0-9]*[a-z0-9])?:[a-z0-9]([-a-z0-9.]*[a-z0-9])?$; maxLength=340	additive-unfrozen	bootstrap-security	mutable	crd-schema,controller	none	required-if-changed	spec.selfInit.oidc.additionalSubjects	KubernetesServiceAccountSubject is the exact subject claim in a projected Kubernetes ServiceAccount token.	Recovery-target identity bindings are additive and role-scoped; cross-control-plane JWT trust remains a separate configuration contract.
OpenBaoCluster	spec.selfInit.oidc.additionalSubjects.restore	array<string>	false	-	maxItems=32; x-kubernetes-list-type=set	additive-unfrozen	bootstrap-security	mutable	crd-schema,controller	none	required-if-changed	spec.selfInit.oidc.additionalSubjects	Restore lists additional restore Job ServiceAccount subjects.	Recovery-target identity bindings are additive and role-scoped; cross-control-plane JWT trust remains a separate configuration contract.
OpenBaoCluster	spec.selfInit.oidc.additionalSubjects.restore[]	string	false	-	pattern=^system:serviceaccount:[a-z0-9]([-a-z0-9]*[a-z0-9])?:[a-z0-9]([-a-z0-9.]*[a-z0-9])?$; maxLength=340	additive-unfrozen	bootstrap-security	mutable	crd-schema,controller	none	required-if-changed	spec.selfInit.oidc.additionalSubjects	KubernetesServiceAccountSubject is the exact subject claim in a projected Kubernetes ServiceAccount token.	Recovery-target identity bindings are additive and role-scoped; cross-control-plane JWT trust remains a separate configuration contract.
OpenBaoCluster	spec.selfInit.oidc.additionalSubjects.upgrade	array<string>	false	-	maxItems=32; x-kubernetes-list-type=set	additive-unfrozen	bootstrap-security	mutable	crd-schema,controller	none	required-if-changed	spec.selfInit.oidc.additionalSubjects	Upgrade lists additional upgrade Job ServiceAccount subjects.	Recovery-target identity bindings are additive and role-scoped; cross-control-plane JWT trust remains a separate configuration contract.
OpenBaoCluster	spec.selfInit.oidc.additionalSubjects.upgrade[]	string	false	-	pattern=^system:serviceaccount:[a-z0-9]([-a-z0-9]*[a-z0-9])?:[a-z0-9]([-a-z0-9.]*[a-z0-9])?$; maxLength=340	additive-unfrozen	bootstrap-security	mutable	crd-schema,controller	none	required-if-changed	spec.selfInit.oidc.additionalSubjects	KubernetesServiceAccountSubject is the exact subject claim in a projected Kubernetes ServiceAccount token.	Recovery-target identity bindings are additive and role-scoped; cross-control-plane JWT trust remains a separate configuration contract.
OpenBaoCluster	spec.selfInit.oidc.audience	string	false	-	-	beta-stable	bootstrap-security	mutable	crd-schema,admission-policy,controller	none	required-if-changed	spec.selfInit	Audience, if set, must match the operator installation audience used for projected OpenBao auth tokens.	-
OpenBaoCluster	spec.selfInit.oidc.enabled	boolean	true	-	-	beta-stable	bootstrap-security	mutable	crd-schema,admission-policy,controller	none	required-if-changed	spec.selfInit	Enabled triggers the bootstrap logic.	-
OpenBaoCluster	spec.selfInit.oidc.issuer	string	false	-	-	beta-stable	bootstrap-security	mutable	crd-schema,admission-policy,controller	none	required-if-changed	spec.selfInit	Issuer overrides the auto-discovered K8s issuer URL.	-
OpenBaoCluster	spec.selfInit.requests	array<object>	false	-	-	beta-stable	bootstrap-security	mutable	crd-schema,admission-policy,controller	none	required-if-changed	spec.selfInit	Requests defines the API operations to execute during self-initialization.	-
OpenBaoCluster	spec.selfInit.requests[]	object	false	-	-	beta-stable	bootstrap-security	mutable	crd-schema,admission-policy,controller	none	required-if-changed	spec.selfInit	SelfInitRequest defines a single API operation to execute during self-initialization.	-
OpenBaoCluster	spec.selfInit.requests[].allowFailure	boolean	false	-	-	beta-stable	bootstrap-security	mutable	crd-schema,admission-policy,controller	none	required-if-changed	spec.selfInit	AllowFailure allows this request to fail without blocking initialization.	-
OpenBaoCluster	spec.selfInit.requests[].auditDevice	object	false	-	cel=[{"rule":"self.type != 'file' || has(self.fileOptions)","message":"fileOptions is required when type is file"},{"rule":"self.type != 'http' || has(self.httpOptions)","message":"httpOptions is required when type is http"},{"rule":"self.type == 'file' || !has(self.fileOptions)","message":"fileOptions is only supported when type is file"},{"rule":"self.type == 'http' || !has(self.httpOptions)","message":"httpOptions is only supported when type is http"},{"rule":"self.type == 'socket' || !has(self.socketOptions)","message":"socketOptions is only supported when type is socket"},{"rule":"self.type == 'syslog' || !has(self.syslogOptions)","message":"syslogOptions is only supported when type is syslog"}]	beta-stable	bootstrap-security	mutable	crd-schema,admission-policy,controller	none	required-if-changed	spec.selfInit	AuditDevice configures an audit device when Path starts with "sys/audit/".	-
OpenBaoCluster	spec.selfInit.requests[].auditDevice.description	string	false	-	-	beta-stable	bootstrap-security	mutable	crd-schema,admission-policy,controller	none	required-if-changed	spec.selfInit	Description is an optional description for the audit device.	-
OpenBaoCluster	spec.selfInit.requests[].auditDevice.fileOptions	object	false	-	-	beta-stable	bootstrap-security	mutable	crd-schema,admission-policy,controller	none	required-if-changed	spec.selfInit	FileOptions configures options for file audit devices.	-
OpenBaoCluster	spec.selfInit.requests[].auditDevice.fileOptions.filePath	string	true	-	minLength=1	beta-stable	bootstrap-security	mutable	crd-schema,admission-policy,controller	none	required-if-changed	spec.selfInit	FilePath is the path to where the audit log will be written.	-
OpenBaoCluster	spec.selfInit.requests[].auditDevice.fileOptions.mode	string	false	-	-	beta-stable	bootstrap-security	mutable	crd-schema,admission-policy,controller	none	required-if-changed	spec.selfInit	Mode is a string containing an octal number representing the bit pattern for the file mode.	-
OpenBaoCluster	spec.selfInit.requests[].auditDevice.httpOptions	object	false	-	-	beta-stable	bootstrap-security	mutable	crd-schema,admission-policy,controller	none	required-if-changed	spec.selfInit	HTTPOptions configures options for HTTP audit devices.	-
OpenBaoCluster	spec.selfInit.requests[].auditDevice.httpOptions.headers	unknown	false	-	x-kubernetes-preserve-unknown-fields	beta-stable	bootstrap-security	mutable	crd-schema,admission-policy,controller	none	required-if-changed	spec.selfInit	Headers is a JSON object describing headers.	-
OpenBaoCluster	spec.selfInit.requests[].auditDevice.httpOptions.uri	string	true	-	minLength=1	beta-stable	bootstrap-security	mutable	crd-schema,admission-policy,controller	none	required-if-changed	spec.selfInit	URI is the URI of the remote server where the audit logs will be written.	-
OpenBaoCluster	spec.selfInit.requests[].auditDevice.socketOptions	object	false	-	-	beta-stable	bootstrap-security	mutable	crd-schema,admission-policy,controller	none	required-if-changed	spec.selfInit	SocketOptions configures options for socket audit devices.	-
OpenBaoCluster	spec.selfInit.requests[].auditDevice.socketOptions.address	string	false	-	-	beta-stable	bootstrap-security	mutable	crd-schema,admission-policy,controller	none	required-if-changed	spec.selfInit	Address is the socket server address to use.	-
OpenBaoCluster	spec.selfInit.requests[].auditDevice.socketOptions.socketType	string	false	-	-	beta-stable	bootstrap-security	mutable	crd-schema,admission-policy,controller	none	required-if-changed	spec.selfInit	SocketType is the socket type to use, any type compatible with net.Dial is acceptable.	-
OpenBaoCluster	spec.selfInit.requests[].auditDevice.socketOptions.writeTimeout	string	false	-	-	beta-stable	bootstrap-security	mutable	crd-schema,admission-policy,controller	none	required-if-changed	spec.selfInit	WriteTimeout is the (deadline) time in seconds to allow writes to be completed over the socket.	-
OpenBaoCluster	spec.selfInit.requests[].auditDevice.syslogOptions	object	false	-	-	beta-stable	bootstrap-security	mutable	crd-schema,admission-policy,controller	none	required-if-changed	spec.selfInit	SyslogOptions configures options for syslog audit devices.	-
OpenBaoCluster	spec.selfInit.requests[].auditDevice.syslogOptions.facility	string	false	-	-	beta-stable	bootstrap-security	mutable	crd-schema,admission-policy,controller	none	required-if-changed	spec.selfInit	Facility is the syslog facility to use.	-
OpenBaoCluster	spec.selfInit.requests[].auditDevice.syslogOptions.tag	string	false	-	-	beta-stable	bootstrap-security	mutable	crd-schema,admission-policy,controller	none	required-if-changed	spec.selfInit	Tag is the syslog tag to use.	-
OpenBaoCluster	spec.selfInit.requests[].auditDevice.type	string	true	-	minLength=1; enum="file","syslog","socket","http"	beta-stable	bootstrap-security	mutable	crd-schema,admission-policy,controller	none	required-if-changed	spec.selfInit	Type is the type of audit device (e.g., "file", "syslog", "socket", "http").	-
OpenBaoCluster	spec.selfInit.requests[].authMethod	object	false	-	-	beta-stable	bootstrap-security	mutable	crd-schema,admission-policy,controller	none	required-if-changed	spec.selfInit	AuthMethod configures an auth method when Path starts with "sys/auth/".	-
OpenBaoCluster	spec.selfInit.requests[].authMethod.config	object	false	-	additionalProperties=true	beta-stable	bootstrap-security	mutable	crd-schema,admission-policy,controller	none	required-if-changed	spec.selfInit	Config contains optional configuration for the auth method mount.	-
OpenBaoCluster	spec.selfInit.requests[].authMethod.config.*	string	false	-	-	beta-stable	bootstrap-security	mutable	crd-schema,admission-policy,controller	none	required-if-changed	spec.selfInit	-	-
OpenBaoCluster	spec.selfInit.requests[].authMethod.description	string	false	-	-	beta-stable	bootstrap-security	mutable	crd-schema,admission-policy,controller	none	required-if-changed	spec.selfInit	Description is an optional description for the auth method.	-
OpenBaoCluster	spec.selfInit.requests[].authMethod.type	string	true	-	minLength=1	beta-stable	bootstrap-security	mutable	crd-schema,admission-policy,controller	none	required-if-changed	spec.selfInit	Type is the type of auth method (e.g., "jwt", "kubernetes", "userpass", "ldap").	-
OpenBaoCluster	spec.selfInit.requests[].data	unknown	false	-	x-kubernetes-preserve-unknown-fields	beta-stable	bootstrap-security	mutable	crd-schema,admission-policy,controller	none	required-if-changed	spec.selfInit	Data contains the request payload for paths that don't have structured types.	-
OpenBaoCluster	spec.selfInit.requests[].headers	object	false	-	additionalProperties=true	beta-stable	bootstrap-security	mutable	crd-schema,admission-policy,controller	none	required-if-changed	spec.selfInit	Headers contains additional HTTP headers to send with this self-init request.	-
OpenBaoCluster	spec.selfInit.requests[].headers.*	array<string>	false	-	-	beta-stable	bootstrap-security	mutable	crd-schema,admission-policy,controller	none	required-if-changed	spec.selfInit	-	-
OpenBaoCluster	spec.selfInit.requests[].headers.*[]	string	false	-	-	beta-stable	bootstrap-security	mutable	crd-schema,admission-policy,controller	none	required-if-changed	spec.selfInit	-	-
OpenBaoCluster	spec.selfInit.requests[].name	string	true	-	pattern=^[A-Za-z_][A-Za-z0-9_-]*$; minLength=1; maxLength=64	beta-stable	bootstrap-security	mutable	crd-schema,admission-policy,controller	none	required-if-changed	spec.selfInit	Name is a unique identifier for this request (used as the block name).	-
OpenBaoCluster	spec.selfInit.requests[].operation	string	true	-	-	beta-stable	bootstrap-security	mutable	crd-schema,admission-policy,controller	none	required-if-changed	spec.selfInit	Operation is the API operation type: create, read, update, delete, or list.	-
OpenBaoCluster	spec.selfInit.requests[].operation.allOf[0]	unknown	false	-	enum="create","read","update","delete","list","patch"	beta-stable	bootstrap-security	mutable	crd-schema,admission-policy,controller	none	required-if-changed	spec.selfInit	-	-
OpenBaoCluster	spec.selfInit.requests[].operation.allOf[1]	unknown	false	-	enum="create","read","update","delete","list","patch"	beta-stable	bootstrap-security	mutable	crd-schema,admission-policy,controller	none	required-if-changed	spec.selfInit	-	-
OpenBaoCluster	spec.selfInit.requests[].path	string	true	-	minLength=1	beta-stable	bootstrap-security	mutable	crd-schema,admission-policy,controller	none	required-if-changed	spec.selfInit	Path is the API path to call (e.g., "sys/audit/stdout", "auth/kubernetes/config").	-
OpenBaoCluster	spec.selfInit.requests[].policy	object	false	-	-	beta-stable	bootstrap-security	mutable	crd-schema,admission-policy,controller	none	required-if-changed	spec.selfInit	Policy configures a policy when Path starts with "sys/policies/".	-
OpenBaoCluster	spec.selfInit.requests[].policy.policy	string	true	-	minLength=1	beta-stable	bootstrap-security	mutable	crd-schema,admission-policy,controller	none	required-if-changed	spec.selfInit	Policy is the HCL or JSON policy content.	-
OpenBaoCluster	spec.selfInit.requests[].secretEngine	object	false	-	-	beta-stable	bootstrap-security	mutable	crd-schema,admission-policy,controller	none	required-if-changed	spec.selfInit	SecretEngine configures a secret engine when Path starts with "sys/mounts/".	-
OpenBaoCluster	spec.selfInit.requests[].secretEngine.description	string	false	-	-	beta-stable	bootstrap-security	mutable	crd-schema,admission-policy,controller	none	required-if-changed	spec.selfInit	Description is an optional description for the secret engine.	-
OpenBaoCluster	spec.selfInit.requests[].secretEngine.options	object	false	-	additionalProperties=true	beta-stable	bootstrap-security	mutable	crd-schema,admission-policy,controller	none	required-if-changed	spec.selfInit	Options contains optional configuration specific to the secret engine type.	-
OpenBaoCluster	spec.selfInit.requests[].secretEngine.options.*	string	false	-	-	beta-stable	bootstrap-security	mutable	crd-schema,admission-policy,controller	none	required-if-changed	spec.selfInit	-	-
OpenBaoCluster	spec.selfInit.requests[].secretEngine.type	string	true	-	minLength=1	beta-stable	bootstrap-security	mutable	crd-schema,admission-policy,controller	none	required-if-changed	spec.selfInit	Type is the type of secret engine (e.g., "kv", "pki", "transit", "database").	-
OpenBaoCluster	spec.selfInit.requests[].when	unknown	false	-	x-kubernetes-preserve-unknown-fields	beta-stable	bootstrap-security	mutable	crd-schema,admission-policy,controller	none	required-if-changed	spec.selfInit	When controls whether OpenBao executes this request.	-
OpenBaoCluster	spec.service	object	false	-	-	beta-stable	networking	mutable	crd-schema,controller	none	required-if-changed	spec.service	Service configures the primary Service used to expose OpenBao inside or outside the cluster.	-
OpenBaoCluster	spec.service.annotations	object	false	-	additionalProperties=true	beta-stable	networking	mutable	crd-schema,controller	none	required-if-changed	spec.service	Annotations are additional annotations to apply to the Service.	-
OpenBaoCluster	spec.service.annotations.*	string	false	-	-	beta-stable	networking	mutable	crd-schema,controller	none	required-if-changed	spec.service	-	-
OpenBaoCluster	spec.service.type	string	false	-	-	beta-stable	networking	mutable	crd-schema,controller	none	required-if-changed	spec.service	Type is the Kubernetes Service type, for example "ClusterIP" or "LoadBalancer".	-
OpenBaoCluster	spec.serviceAccount	object	false	-	-	beta-stable	workload-identity	mutable	crd-schema,controller	none	required-if-changed	spec.serviceAccount	ServiceAccount configures the Kubernetes ServiceAccount used by the OpenBao Pods.	-
OpenBaoCluster	spec.serviceAccount.annotations	object	false	-	additionalProperties=true	beta-stable	workload-identity	mutable	crd-schema,controller	none	required-if-changed	spec.serviceAccount	Annotations to add to the ServiceAccount.	-
OpenBaoCluster	spec.serviceAccount.annotations.*	string	false	-	-	beta-stable	workload-identity	mutable	crd-schema,controller	none	required-if-changed	spec.serviceAccount	-	-
OpenBaoCluster	spec.serviceAccount.name	string	false	-	-	beta-stable	workload-identity	mutable	crd-schema,controller	none	required-if-changed	spec.serviceAccount.name	Name overrides the generated ServiceAccount name.	omission: controller uses <cluster-name>-serviceaccount
OpenBaoCluster	spec.storage	object	true	-	-	beta-stable	storage	mutable	crd-schema,controller	none	required-if-changed	spec.storage	Storage configures persistent storage for the cluster.	-
OpenBaoCluster	spec.storage.size	string	true	-	minLength=1	beta-stable	storage	grow-only	crd-schema,controller	none	required-if-changed	spec.storage.size	Size is the requested persistent volume size, for example "10Gi".	Admission permits volume expansion but rejects shrinking the requested size.
OpenBaoCluster	spec.storage.storageClassName	string	false	-	-	beta-stable	storage	immutable	crd-schema,controller	none	required-if-changed	spec.storage.storageClassName	StorageClassName is an optional StorageClass for the PVCs.	Admission rejects storage class changes after creation.
OpenBaoCluster	spec.telemetry	object	false	-	-	additive-unfrozen	observability	mutable	crd-schema,controller	none	required-if-changed	spec.telemetry	Telemetry configures telemetry reporting for the OpenBao cluster.	-
OpenBaoCluster	spec.telemetry.circonusAPIApp	string	false	-	-	additive-unfrozen	observability	mutable	crd-schema,controller	none	required-if-changed	spec.telemetry	CirconusAPIApp is the API app name for Circonus.	-
OpenBaoCluster	spec.telemetry.circonusAPIKey	string	false	-	-	additive-unfrozen	observability	mutable	crd-schema,controller	none	required-if-changed	spec.telemetry	Circonus-specific options CirconusAPIKey is the API key for Circonus.	-
OpenBaoCluster	spec.telemetry.circonusAPIURL	string	false	-	-	additive-unfrozen	observability	mutable	crd-schema,controller	none	required-if-changed	spec.telemetry	CirconusAPIURL is the API URL for Circonus.	-
OpenBaoCluster	spec.telemetry.circonusBrokerID	string	false	-	-	additive-unfrozen	observability	mutable	crd-schema,controller	none	required-if-changed	spec.telemetry	CirconusBrokerID is the broker ID for Circonus.	-
OpenBaoCluster	spec.telemetry.circonusBrokerSelectTag	string	false	-	-	additive-unfrozen	observability	mutable	crd-schema,controller	none	required-if-changed	spec.telemetry	CirconusBrokerSelectTag is the broker select tag for Circonus.	-
OpenBaoCluster	spec.telemetry.circonusCheckDisplayName	string	false	-	-	additive-unfrozen	observability	mutable	crd-schema,controller	none	required-if-changed	spec.telemetry	CirconusCheckDisplayName is the display name for Circonus.	-
OpenBaoCluster	spec.telemetry.circonusCheckForceMetricActivation	string	false	-	-	additive-unfrozen	observability	mutable	crd-schema,controller	none	required-if-changed	spec.telemetry	CirconusCheckForceMetricActivation forces metric activation in Circonus.	-
OpenBaoCluster	spec.telemetry.circonusCheckID	string	false	-	-	additive-unfrozen	observability	mutable	crd-schema,controller	none	required-if-changed	spec.telemetry	CirconusCheckID is the check ID for Circonus.	-
OpenBaoCluster	spec.telemetry.circonusCheckInstanceID	string	false	-	-	additive-unfrozen	observability	mutable	crd-schema,controller	none	required-if-changed	spec.telemetry	CirconusCheckInstanceID is the instance ID for Circonus.	-
OpenBaoCluster	spec.telemetry.circonusCheckSearchTag	string	false	-	-	additive-unfrozen	observability	mutable	crd-schema,controller	none	required-if-changed	spec.telemetry	CirconusCheckSearchTag is the search tag for Circonus.	-
OpenBaoCluster	spec.telemetry.circonusCheckTags	string	false	-	-	additive-unfrozen	observability	mutable	crd-schema,controller	none	required-if-changed	spec.telemetry	CirconusCheckTags is the tags for Circonus.	-
OpenBaoCluster	spec.telemetry.circonusSubmissionInterval	string	false	-	-	additive-unfrozen	observability	mutable	crd-schema,controller	none	required-if-changed	spec.telemetry	CirconusSubmissionInterval is the submission interval for Circonus.	-
OpenBaoCluster	spec.telemetry.disableHostname	boolean	false	-	-	additive-unfrozen	observability	mutable	crd-schema,controller	none	required-if-changed	spec.telemetry	DisableHostname specifies if gauge values should be prefixed with the local hostname.	-
OpenBaoCluster	spec.telemetry.dogStatsdAddress	string	false	-	-	additive-unfrozen	observability	mutable	crd-schema,controller	none	required-if-changed	spec.telemetry	DogStatsD-specific options DogStatsdAddress is the address of the DogStatsD server.	-
OpenBaoCluster	spec.telemetry.dogStatsdTags	array<string>	false	-	-	additive-unfrozen	observability	mutable	crd-schema,controller	none	required-if-changed	spec.telemetry	DogStatsdTags are tags to add to all metrics.	-
OpenBaoCluster	spec.telemetry.dogStatsdTags[]	string	false	-	-	additive-unfrozen	observability	mutable	crd-schema,controller	none	required-if-changed	spec.telemetry	-	-
OpenBaoCluster	spec.telemetry.enableHostnameLabel	boolean	false	-	-	additive-unfrozen	observability	mutable	crd-schema,controller	none	required-if-changed	spec.telemetry	EnableHostnameLabel specifies if all metric values should contain the host label.	-
OpenBaoCluster	spec.telemetry.leaseMetricsEpsilon	string	false	-	-	additive-unfrozen	observability	mutable	crd-schema,controller	none	required-if-changed	spec.telemetry	LeaseMetricsEpsilon specifies the size of the bucket used to measure future lease expiration.	-
OpenBaoCluster	spec.telemetry.maximumGaugeCardinality	integer	false	-	format=int32	additive-unfrozen	observability	mutable	crd-schema,controller	none	required-if-changed	spec.telemetry	MaximumGaugeCardinality is the maximum cardinality of gauge labels.	-
OpenBaoCluster	spec.telemetry.metricsPrefix	string	false	-	-	additive-unfrozen	observability	mutable	crd-schema,controller	none	required-if-changed	spec.telemetry	MetricsPrefix specifies the prefix used for metric values.	-
OpenBaoCluster	spec.telemetry.prometheusRetentionTime	string	false	-	-	additive-unfrozen	observability	mutable	crd-schema,controller	none	required-if-changed	spec.telemetry	Prometheus-specific options PrometheusRetentionTime specifies how long to retain metrics in Prometheus format.	-
OpenBaoCluster	spec.telemetry.stackdriverDebugLogs	boolean	false	-	-	additive-unfrozen	observability	mutable	crd-schema,controller	none	required-if-changed	spec.telemetry	StackdriverDebugLogs specifies if OpenBao writes additional stackdriver debug logs.	-
OpenBaoCluster	spec.telemetry.stackdriverLocation	string	false	-	-	additive-unfrozen	observability	mutable	crd-schema,controller	none	required-if-changed	spec.telemetry	StackdriverLocation is the GCP or AWS region.	-
OpenBaoCluster	spec.telemetry.stackdriverNamespace	string	false	-	-	additive-unfrozen	observability	mutable	crd-schema,controller	none	required-if-changed	spec.telemetry	StackdriverNamespace is a namespace identifier for the telemetry data.	-
OpenBaoCluster	spec.telemetry.stackdriverProjectID	string	false	-	-	additive-unfrozen	observability	mutable	crd-schema,controller	none	required-if-changed	spec.telemetry	Stackdriver-specific options StackdriverProjectID is the Google Cloud Project ID.	-
OpenBaoCluster	spec.telemetry.statsdAddress	string	false	-	-	additive-unfrozen	observability	mutable	crd-schema,controller	none	required-if-changed	spec.telemetry	StatsD-specific options StatsdAddress is the address of the StatsD server.	-
OpenBaoCluster	spec.telemetry.statsiteAddress	string	false	-	-	additive-unfrozen	observability	mutable	crd-schema,controller	none	required-if-changed	spec.telemetry	Statsite-specific options StatsiteAddress is the address of the statsite server.	-
OpenBaoCluster	spec.telemetry.usageGaugePeriod	string	false	-	-	additive-unfrozen	observability	mutable	crd-schema,controller	none	required-if-changed	spec.telemetry	Common telemetry options UsageGaugePeriod specifies the interval at which high-cardinality usage data is collected.	-
OpenBaoCluster	spec.tls	object	true	-	-	beta-stable	transport-security	mutable	crd-schema,admission-policy,controller	none	required-if-changed	spec.tls	TLS configures TLS for the cluster.	-
OpenBaoCluster	spec.tls.acme	object	false	-	-	beta-stable	transport-security	mutable	crd-schema,admission-policy,controller	none	required-if-changed	spec.tls	ACME configures settings when Mode is 'ACME'.	-
OpenBaoCluster	spec.tls.acme.directoryURL	string	true	-	minLength=1	beta-stable	transport-security	mutable	crd-schema,admission-policy,controller	none	required-if-changed	spec.tls	DirectoryURL is the ACME directory URL (e.g., "https://acme-v02.api.letsencrypt.org/directory").	-
OpenBaoCluster	spec.tls.acme.domains	array<string>	false	-	minItems=1	beta-stable	transport-security	mutable	crd-schema,admission-policy,controller	none	required-if-changed	spec.tls.acme.domains	Domains is the list of domain names for which to obtain the certificate.	omission: controller derives an internal Service name for private in-cluster ACME
OpenBaoCluster	spec.tls.acme.domains[]	string	false	-	-	beta-stable	transport-security	mutable	crd-schema,admission-policy,controller	none	required-if-changed	spec.tls.acme.domains	-	-
OpenBaoCluster	spec.tls.acme.email	string	false	-	-	beta-stable	transport-security	mutable	crd-schema,admission-policy,controller	none	required-if-changed	spec.tls	Email is the email address to use for ACME registration.	-
OpenBaoCluster	spec.tls.acme.sharedCache	object	false	-	cel=[{"rule":"self.mode != 'ExistingPVC' || !has(self.size) || size(self.size) == 0","message":"tls.acme.sharedCache.size is only supported when mode is ManagedPVC"},{"rule":"self.mode != 'ExistingPVC' || !has(self.storageClassName) || size(self.storageClassName) == 0","message":"tls.acme.sharedCache.storageClassName is only supported when mode is ManagedPVC"},{"rule":"self.mode != 'ExistingPVC' || size(self.existingClaimName) \u003e 0","message":"tls.acme.sharedCache.existingClaimName is required when mode is ExistingPVC"},{"rule":"self.mode != 'ManagedPVC' || !has(self.existingClaimName) || size(self.existingClaimName) == 0","message":"tls.acme.sharedCache.existingClaimName is only supported when mode is ExistingPVC"},{"rule":"self.mode != 'ManagedPVC' || size(self.size) \u003e 0","message":"tls.acme.sharedCache.size is required when mode is ManagedPVC"}]	beta-stable	transport-security	mutable	crd-schema,admission-policy,controller	none	required-if-changed	spec.tls	SharedCache configures a filesystem cache shared across OpenBao replicas for ACME account and certificate state.	-
OpenBaoCluster	spec.tls.acme.sharedCache.existingClaimName	string	false	-	minLength=1	beta-stable	transport-security	mutable	crd-schema,admission-policy,controller	none	required-if-changed	spec.tls	ExistingClaimName is the name of a pre-created RWX PVC in the same namespace.	-
OpenBaoCluster	spec.tls.acme.sharedCache.mode	string	true	-	enum="ManagedPVC","ExistingPVC"	beta-stable	transport-security	mutable	crd-schema,admission-policy,controller	none	required-if-changed	spec.tls	Mode selects whether the operator creates a dedicated RWX PVC or mounts an existing one.	-
OpenBaoCluster	spec.tls.acme.sharedCache.size	string	false	-	minLength=1	beta-stable	transport-security	mutable	crd-schema,admission-policy,controller	none	required-if-changed	spec.tls	Size is the requested capacity for the managed ACME cache PVC.	-
OpenBaoCluster	spec.tls.acme.sharedCache.storageClassName	string	false	-	-	beta-stable	transport-security	mutable	crd-schema,admission-policy,controller	none	required-if-changed	spec.tls	StorageClassName is an optional StorageClass for the managed ACME cache PVC.	-
OpenBaoCluster	spec.tls.enabled	boolean	true	-	-	beta-stable	transport-security	mutable	crd-schema,admission-policy,controller	none	required-if-changed	spec.tls	Enabled controls whether TLS is enabled for the cluster.	-
OpenBaoCluster	spec.tls.extraSANs	array<string>	false	-	-	beta-stable	transport-security	mutable	crd-schema,admission-policy,controller	none	required-if-changed	spec.tls	ExtraSANs lists additional subject alternative names for server certificates.	-
OpenBaoCluster	spec.tls.extraSANs[]	string	false	-	-	beta-stable	transport-security	mutable	crd-schema,admission-policy,controller	none	required-if-changed	spec.tls	-	-
OpenBaoCluster	spec.tls.mode	string	false	"OperatorManaged"	-	beta-stable	transport-security	mutable	crd-schema,admission-policy,controller	none	required-if-changed	spec.tls	Mode controls who manages the certificate lifecycle.	-
OpenBaoCluster	spec.tls.mode.allOf[0]	unknown	false	-	enum="OperatorManaged","External","ACME"	beta-stable	transport-security	mutable	crd-schema,admission-policy,controller	none	required-if-changed	spec.tls	-	-
OpenBaoCluster	spec.tls.mode.allOf[1]	unknown	false	-	enum="OperatorManaged","External","ACME"	beta-stable	transport-security	mutable	crd-schema,admission-policy,controller	none	required-if-changed	spec.tls	-	-
OpenBaoCluster	spec.tls.rotationPeriod	string	false	-	minLength=1	beta-stable	transport-security	mutable	crd-schema,admission-policy,controller	none	required-if-changed	spec.tls	RotationPeriod is a duration string (for example, "720h") controlling certificate rotation.	-
OpenBaoCluster	spec.unseal	object	false	-	cel=[{"rule":"self.type == 'awskms' || !has(self.awskms)","message":"spec.unseal.awskms is only supported when spec.unseal.type is awskms"},{"rule":"self.type == 'azurekeyvault' || !has(self.azureKeyVault)","message":"spec.unseal.azureKeyVault is only supported when spec.unseal.type is azurekeyvault"},{"rule":"self.type == 'gcpckms' || !has(self.gcpCloudKMS)","message":"spec.unseal.gcpCloudKMS is only supported when spec.unseal.type is gcpckms"},{"rule":"self.type == 'kmip' || !has(self.kmip)","message":"spec.unseal.kmip is only supported when spec.unseal.type is kmip"},{"rule":"self.type == 'kms' || !has(self.kms)","message":"spec.unseal.kms is only supported when spec.unseal.type is kms"},{"rule":"self.type == 'ocikms' || !has(self.ocikms)","message":"spec.unseal.ocikms is only supported when spec.unseal.type is ocikms"},{"rule":"self.type == 'pkcs11' || !has(self.pkcs11)","message":"spec.unseal.pkcs11 is only supported when spec.unseal.type is pkcs11"},{"rule":"self.type == 'static' || !has(self.static)","message":"spec.unseal.static is only supported when spec.unseal.type is static"},{"rule":"self.type == 'static' || (self.type == 'transit' \u0026\u0026 has(self.transit)) || (self.type == 'awskms' \u0026\u0026 has(self.awskms)) || (self.type == 'azurekeyvault' \u0026\u0026 has(self.azureKeyVault)) || (self.type == 'gcpckms' \u0026\u0026 has(self.gcpCloudKMS)) || (self.type == 'kmip' \u0026\u0026 has(self.kmip)) || (self.type == 'kms' \u0026\u0026 has(self.kms)) || (self.type == 'ocikms' \u0026\u0026 has(self.ocikms)) || (self.type == 'pkcs11' \u0026\u0026 has(self.pkcs11))","message":"the selected spec.unseal.type requires its matching configuration block"},{"rule":"self.type == 'transit' || !has(self.transit)","message":"spec.unseal.transit is only supported when spec.unseal.type is transit"}]	beta-stable	seal	mutable	crd-schema,admission-policy,controller	none	required-if-changed	spec.unseal	Unseal defines the auto-unseal configuration.	omission: controller uses operator-managed static unseal; Retain the existing wire shape; CEL requires the selected provider branch and rejects non-selected branches.
OpenBaoCluster	spec.unseal.awskms	object	false	-	-	beta-stable	seal	mutable	crd-schema,admission-policy,controller	none	required-if-changed	spec.unseal	AWSKMS configures the AWS KMS seal type.	Retain the existing wire shape; CEL requires the selected provider branch and rejects non-selected branches.
OpenBaoCluster	spec.unseal.awskms.accessKey	string	false	-	-	beta-stable	seal	mutable	crd-schema,admission-policy,controller	none	required-if-changed	spec.unseal	AccessKey is the AWS access key ID to use.	Retain the existing wire shape; CEL requires the selected provider branch and rejects non-selected branches.
OpenBaoCluster	spec.unseal.awskms.endpoint	string	false	-	-	beta-stable	seal	mutable	crd-schema,admission-policy,controller	none	required-if-changed	spec.unseal	Endpoint is the KMS API endpoint to be used for AWS KMS requests.	Retain the existing wire shape; CEL requires the selected provider branch and rejects non-selected branches.
OpenBaoCluster	spec.unseal.awskms.kmsKeyID	string	true	-	minLength=1	beta-stable	seal	mutable	crd-schema,admission-policy,controller	none	required-if-changed	spec.unseal	KMSKeyID is the AWS KMS key ID or ARN to use for encryption and decryption.	Retain the existing wire shape; CEL requires the selected provider branch and rejects non-selected branches.
OpenBaoCluster	spec.unseal.awskms.region	string	true	-	minLength=1	beta-stable	seal	mutable	crd-schema,admission-policy,controller	none	required-if-changed	spec.unseal	Region is the AWS region where the encryption key lives.	Retain the existing wire shape; CEL requires the selected provider branch and rejects non-selected branches.
OpenBaoCluster	spec.unseal.awskms.secretKey	string	false	-	-	beta-stable	seal	mutable	crd-schema,admission-policy,controller	none	required-if-changed	spec.unseal	SecretKey is the AWS secret access key to use.	Retain the existing wire shape; CEL requires the selected provider branch and rejects non-selected branches.
OpenBaoCluster	spec.unseal.awskms.sessionToken	string	false	-	-	beta-stable	seal	mutable	crd-schema,admission-policy,controller	none	required-if-changed	spec.unseal	SessionToken specifies the AWS session token.	Retain the existing wire shape; CEL requires the selected provider branch and rejects non-selected branches.
OpenBaoCluster	spec.unseal.azureKeyVault	object	false	-	-	beta-stable	seal	mutable	crd-schema,admission-policy,controller	none	required-if-changed	spec.unseal	AzureKeyVault configures the Azure Key Vault seal type.	Retain the existing wire shape; CEL requires the selected provider branch and rejects non-selected branches.
OpenBaoCluster	spec.unseal.azureKeyVault.clientID	string	false	-	-	beta-stable	seal	mutable	crd-schema,admission-policy,controller	none	required-if-changed	spec.unseal	ClientID is the Azure client ID.	Retain the existing wire shape; CEL requires the selected provider branch and rejects non-selected branches.
OpenBaoCluster	spec.unseal.azureKeyVault.clientSecret	string	false	-	-	beta-stable	seal	mutable	crd-schema,admission-policy,controller	none	required-if-changed	spec.unseal	ClientSecret is the Azure client secret.	Retain the existing wire shape; CEL requires the selected provider branch and rejects non-selected branches.
OpenBaoCluster	spec.unseal.azureKeyVault.environment	string	false	-	-	beta-stable	seal	mutable	crd-schema,admission-policy,controller	none	required-if-changed	spec.unseal	Environment is the Azure environment (e.g., "AzurePublicCloud", "AzureUSGovernmentCloud").	Retain the existing wire shape; CEL requires the selected provider branch and rejects non-selected branches.
OpenBaoCluster	spec.unseal.azureKeyVault.keyName	string	true	-	minLength=1	beta-stable	seal	mutable	crd-schema,admission-policy,controller	none	required-if-changed	spec.unseal	KeyName is the name of the key in the Azure Key Vault.	Retain the existing wire shape; CEL requires the selected provider branch and rejects non-selected branches.
OpenBaoCluster	spec.unseal.azureKeyVault.resource	string	false	-	-	beta-stable	seal	mutable	crd-schema,admission-policy,controller	none	required-if-changed	spec.unseal	Resource is the Azure AD resource endpoint.	Retain the existing wire shape; CEL requires the selected provider branch and rejects non-selected branches.
OpenBaoCluster	spec.unseal.azureKeyVault.tenantID	string	false	-	-	beta-stable	seal	mutable	crd-schema,admission-policy,controller	none	required-if-changed	spec.unseal	TenantID is the Azure tenant ID.	Retain the existing wire shape; CEL requires the selected provider branch and rejects non-selected branches.
OpenBaoCluster	spec.unseal.azureKeyVault.vaultName	string	true	-	minLength=1	beta-stable	seal	mutable	crd-schema,admission-policy,controller	none	required-if-changed	spec.unseal	VaultName is the name of the Azure Key Vault.	Retain the existing wire shape; CEL requires the selected provider branch and rejects non-selected branches.
OpenBaoCluster	spec.unseal.credentialsSecretRef	object	false	-	x-kubernetes-map-type=atomic	beta-stable	seal	mutable	crd-schema,admission-policy,controller	none	required-if-changed	spec.unseal	CredentialsSecretRef references a Secret containing provider credentials (for example AWS access keys, GCP credentials.json, Azure client-secret keys, OCI SDK config for authTypeAPIKey mode, or plugin-backed KMS runtime files).	Retain the existing wire shape; CEL requires the selected provider branch and rejects non-selected branches.
OpenBaoCluster	spec.unseal.credentialsSecretRef.name	string	false	""	-	beta-stable	seal	mutable	crd-schema,admission-policy,controller	none	required-if-changed	spec.unseal	Name of the referent.	Retain the existing wire shape; CEL requires the selected provider branch and rejects non-selected branches.
OpenBaoCluster	spec.unseal.gcpCloudKMS	object	false	-	-	beta-stable	seal	mutable	crd-schema,admission-policy,controller	none	required-if-changed	spec.unseal	GCPCloudKMS configures the GCP Cloud KMS seal type.	Retain the existing wire shape; CEL requires the selected provider branch and rejects non-selected branches.
OpenBaoCluster	spec.unseal.gcpCloudKMS.credentials	string	false	-	-	beta-stable	seal	mutable	crd-schema,admission-policy,controller	none	required-if-changed	spec.unseal	Credentials is the path to the GCP credentials JSON file.	Retain the existing wire shape; CEL requires the selected provider branch and rejects non-selected branches.
OpenBaoCluster	spec.unseal.gcpCloudKMS.cryptoKey	string	true	-	minLength=1	beta-stable	seal	mutable	crd-schema,admission-policy,controller	none	required-if-changed	spec.unseal	CryptoKey is the name of the GCP KMS crypto key.	Retain the existing wire shape; CEL requires the selected provider branch and rejects non-selected branches.
OpenBaoCluster	spec.unseal.gcpCloudKMS.keyRing	string	true	-	minLength=1	beta-stable	seal	mutable	crd-schema,admission-policy,controller	none	required-if-changed	spec.unseal	KeyRing is the name of the GCP KMS key ring.	Retain the existing wire shape; CEL requires the selected provider branch and rejects non-selected branches.
OpenBaoCluster	spec.unseal.gcpCloudKMS.project	string	true	-	minLength=1	beta-stable	seal	mutable	crd-schema,admission-policy,controller	none	required-if-changed	spec.unseal	Project is the GCP project ID.	Retain the existing wire shape; CEL requires the selected provider branch and rejects non-selected branches.
OpenBaoCluster	spec.unseal.gcpCloudKMS.region	string	true	-	minLength=1	beta-stable	seal	mutable	crd-schema,admission-policy,controller	none	required-if-changed	spec.unseal	Region is the GCP region where the key ring lives.	Retain the existing wire shape; CEL requires the selected provider branch and rejects non-selected branches.
OpenBaoCluster	spec.unseal.kmip	object	false	-	-	beta-stable	seal	mutable	crd-schema,admission-policy,controller	none	required-if-changed	spec.unseal	KMIP configures the KMIP seal type.	Retain the existing wire shape; CEL requires the selected provider branch and rejects non-selected branches.
OpenBaoCluster	spec.unseal.kmip.caCert	string	false	-	-	beta-stable	seal	mutable	crd-schema,admission-policy,controller	none	required-if-changed	spec.unseal	CACert is the path to the CA certificate for KMIP communication.	Retain the existing wire shape; CEL requires the selected provider branch and rejects non-selected branches.
OpenBaoCluster	spec.unseal.kmip.clientCert	string	true	-	minLength=1	beta-stable	seal	mutable	crd-schema,admission-policy,controller	none	required-if-changed	spec.unseal	ClientCert is the path to the client certificate used for KMIP communication.	Retain the existing wire shape; CEL requires the selected provider branch and rejects non-selected branches.
OpenBaoCluster	spec.unseal.kmip.clientKey	string	true	-	minLength=1	beta-stable	seal	mutable	crd-schema,admission-policy,controller	none	required-if-changed	spec.unseal	ClientKey is the path to the private key used for KMIP communication.	Retain the existing wire shape; CEL requires the selected provider branch and rejects non-selected branches.
OpenBaoCluster	spec.unseal.kmip.disabled	boolean	false	-	-	beta-stable	seal	mutable	crd-schema,admission-policy,controller	none	required-if-changed	spec.unseal	Disabled disables this seal configuration, for example during seal migration.	Retain the existing wire shape; CEL requires the selected provider branch and rejects non-selected branches.
OpenBaoCluster	spec.unseal.kmip.encryptAlg	string	false	-	enum="AES_GCM","RSA_OAEP_SHA256","RSA_OAEP_SHA384","RSA_OAEP_SHA512"	beta-stable	seal	mutable	crd-schema,admission-policy,controller	none	required-if-changed	spec.unseal	EncryptAlg is the encryption algorithm used for KMIP requests.	Retain the existing wire shape; CEL requires the selected provider branch and rejects non-selected branches.
OpenBaoCluster	spec.unseal.kmip.endpoint	string	true	-	minLength=1	beta-stable	seal	mutable	crd-schema,admission-policy,controller	none	required-if-changed	spec.unseal	Endpoint is the KMIP server endpoint.	Retain the existing wire shape; CEL requires the selected provider branch and rejects non-selected branches.
OpenBaoCluster	spec.unseal.kmip.kmsKeyID	string	true	-	minLength=1	beta-stable	seal	mutable	crd-schema,admission-policy,controller	none	required-if-changed	spec.unseal	KMSKeyID is the unique identifier of the KMIP key to use.	Retain the existing wire shape; CEL requires the selected provider branch and rejects non-selected branches.
OpenBaoCluster	spec.unseal.kmip.serverName	string	false	-	-	beta-stable	seal	mutable	crd-schema,admission-policy,controller	none	required-if-changed	spec.unseal	ServerName is the TLS server name to use when connecting to the KMIP endpoint.	Retain the existing wire shape; CEL requires the selected provider branch and rejects non-selected branches.
OpenBaoCluster	spec.unseal.kmip.timeout	integer	false	-	format=int32; minimum=1	beta-stable	seal	mutable	crd-schema,admission-policy,controller	none	required-if-changed	spec.unseal	Timeout is the timeout in seconds for KMIP requests.	Retain the existing wire shape; CEL requires the selected provider branch and rejects non-selected branches.
OpenBaoCluster	spec.unseal.kmip.tls12Ciphers	string	false	-	-	beta-stable	seal	mutable	crd-schema,admission-policy,controller	none	required-if-changed	spec.unseal	TLS12Ciphers configures the TLS 1.2 cipher suites to use when connecting to the KMIP endpoint.	Retain the existing wire shape; CEL requires the selected provider branch and rejects non-selected branches.
OpenBaoCluster	spec.unseal.kms	object	false	-	-	additive-unfrozen	seal	mutable	crd-schema,admission-policy,controller	none	required-if-changed	spec.unseal.kms	KMS configures a plugin-backed KMS seal.	The plugin-backed KMS selector remains supported, while its open-ended plugin payload is not part of the initial freeze.
OpenBaoCluster	spec.unseal.kms.config	object	false	-	maxProperties=64; additionalProperties=true	additive-unfrozen	seal	mutable	crd-schema,admission-policy,controller	none	required-if-changed	spec.unseal.kms	Config contains plugin-specific seal configuration rendered as string attributes inside seal "<pluginName>".	The plugin-backed KMS selector remains supported, while its open-ended plugin payload is not part of the initial freeze.
OpenBaoCluster	spec.unseal.kms.config.*	string	false	-	-	additive-unfrozen	seal	mutable	crd-schema,admission-policy,controller	none	required-if-changed	spec.unseal.kms	-	The plugin-backed KMS selector remains supported, while its open-ended plugin payload is not part of the initial freeze.
OpenBaoCluster	spec.unseal.kms.pluginName	string	true	-	minLength=1	additive-unfrozen	seal	mutable	crd-schema,admission-policy,controller	none	required-if-changed	spec.unseal.kms	PluginName is the name of the plugin registered through a matching plugin "kms" stanza.	The plugin-backed KMS selector remains supported, while its open-ended plugin payload is not part of the initial freeze.
OpenBaoCluster	spec.unseal.ocikms	object	false	-	-	beta-stable	seal	mutable	crd-schema,admission-policy,controller	none	required-if-changed	spec.unseal	OCIKMS configures the OCI KMS seal type.	Retain the existing wire shape; CEL requires the selected provider branch and rejects non-selected branches.
OpenBaoCluster	spec.unseal.ocikms.authTypeAPIKey	boolean	false	-	-	beta-stable	seal	mutable	crd-schema,admission-policy,controller	none	required-if-changed	spec.unseal	AuthTypeAPIKey enables OCI API key authentication through an OCI SDK config file.	Retain the existing wire shape; CEL requires the selected provider branch and rejects non-selected branches.
OpenBaoCluster	spec.unseal.ocikms.cryptoEndpoint	string	true	-	minLength=1	beta-stable	seal	mutable	crd-schema,admission-policy,controller	none	required-if-changed	spec.unseal	CryptoEndpoint is the OCI KMS crypto endpoint.	Retain the existing wire shape; CEL requires the selected provider branch and rejects non-selected branches.
OpenBaoCluster	spec.unseal.ocikms.disabled	boolean	false	-	-	beta-stable	seal	mutable	crd-schema,admission-policy,controller	none	required-if-changed	spec.unseal	Disabled disables this seal configuration, for example during seal migration.	Retain the existing wire shape; CEL requires the selected provider branch and rejects non-selected branches.
OpenBaoCluster	spec.unseal.ocikms.keyID	string	true	-	minLength=1	beta-stable	seal	mutable	crd-schema,admission-policy,controller	none	required-if-changed	spec.unseal	KeyID is the OCID of the master encryption key.	Retain the existing wire shape; CEL requires the selected provider branch and rejects non-selected branches.
OpenBaoCluster	spec.unseal.ocikms.managementEndpoint	string	true	-	minLength=1	beta-stable	seal	mutable	crd-schema,admission-policy,controller	none	required-if-changed	spec.unseal	ManagementEndpoint is the OCI KMS management endpoint.	Retain the existing wire shape; CEL requires the selected provider branch and rejects non-selected branches.
OpenBaoCluster	spec.unseal.pkcs11	object	false	-	cel=[{"rule":"!(has(self.slot) \u0026\u0026 size(self.slot) \u003e 0 \u0026\u0026 has(self.tokenLabel) \u0026\u0026 size(self.tokenLabel) \u003e 0)","message":"spec.unseal.pkcs11.slot and spec.unseal.pkcs11.tokenLabel are mutually exclusive"},{"rule":"(has(self.slot) \u0026\u0026 size(self.slot) \u003e 0) || (has(self.tokenLabel) \u0026\u0026 size(self.tokenLabel) \u003e 0)","message":"spec.unseal.pkcs11.slot or spec.unseal.pkcs11.tokenLabel is required"}]	beta-stable	seal	mutable	crd-schema,admission-policy,controller	none	required-if-changed	spec.unseal	PKCS11 configures the PKCS#11 seal type.	Retain the existing wire shape; CEL requires the selected provider branch and rejects non-selected branches.
OpenBaoCluster	spec.unseal.pkcs11.disableSoftwareEncryption	boolean	false	-	-	beta-stable	seal	mutable	crd-schema,admission-policy,controller	none	required-if-changed	spec.unseal	DisableSoftwareEncryption disables the software encryption fallback.	Retain the existing wire shape; CEL requires the selected provider branch and rejects non-selected branches.
OpenBaoCluster	spec.unseal.pkcs11.disabled	boolean	false	-	-	beta-stable	seal	mutable	crd-schema,admission-policy,controller	none	required-if-changed	spec.unseal	Disabled disables this seal configuration, for example during seal migration.	Retain the existing wire shape; CEL requires the selected provider branch and rejects non-selected branches.
OpenBaoCluster	spec.unseal.pkcs11.keyID	string	false	-	-	beta-stable	seal	mutable	crd-schema,admission-policy,controller	none	required-if-changed	spec.unseal	KeyID is the PKCS#11 key identifier to use instead of KeyLabel.	Retain the existing wire shape; CEL requires the selected provider branch and rejects non-selected branches.
OpenBaoCluster	spec.unseal.pkcs11.keyLabel	string	true	-	minLength=1	beta-stable	seal	mutable	crd-schema,admission-policy,controller	none	required-if-changed	spec.unseal	KeyLabel is the label for the encryption key used by OpenBao.	Retain the existing wire shape; CEL requires the selected provider branch and rejects non-selected branches.
OpenBaoCluster	spec.unseal.pkcs11.lib	string	true	-	minLength=1	beta-stable	seal	mutable	crd-schema,admission-policy,controller	none	required-if-changed	spec.unseal	Lib is the path to the PKCS#11 library provided by the HSM vendor.	Retain the existing wire shape; CEL requires the selected provider branch and rejects non-selected branches.
OpenBaoCluster	spec.unseal.pkcs11.mechanism	string	false	-	-	beta-stable	seal	mutable	crd-schema,admission-policy,controller	none	required-if-changed	spec.unseal	Mechanism overrides the PKCS#11 wrapping or encryption mechanism.	Retain the existing wire shape; CEL requires the selected provider branch and rejects non-selected branches.
OpenBaoCluster	spec.unseal.pkcs11.pin	string	false	-	-	beta-stable	seal	mutable	crd-schema,admission-policy,controller	none	required-if-changed	spec.unseal	PIN is the PIN for accessing the HSM token.	Retain the existing wire shape; CEL requires the selected provider branch and rejects non-selected branches.
OpenBaoCluster	spec.unseal.pkcs11.rsaOAEPHash	string	false	-	enum="sha1","sha224","sha256","sha384","sha512"	beta-stable	seal	mutable	crd-schema,admission-policy,controller	none	required-if-changed	spec.unseal	RSAOAEPHash specifies the hash algorithm to use for RSA with OAEP padding.	Retain the existing wire shape; CEL requires the selected provider branch and rejects non-selected branches.
OpenBaoCluster	spec.unseal.pkcs11.runtime	object	false	-	-	beta-stable	seal	mutable	crd-schema,admission-policy,controller	none	required-if-changed	spec.unseal	Runtime configures local PKCS#11 vendor runtime wiring such as library lookup paths and environment variables sourced from credentialsSecretRef.	Retain the existing wire shape; CEL requires the selected provider branch and rejects non-selected branches.
OpenBaoCluster	spec.unseal.pkcs11.runtime.env	array<object>	false	-	maxItems=16	beta-stable	seal	mutable	crd-schema,admission-policy,controller	none	required-if-changed	spec.unseal	Env exposes literal environment variables from keys in spec.unseal.credentialsSecretRef.	Retain the existing wire shape; CEL requires the selected provider branch and rejects non-selected branches.
OpenBaoCluster	spec.unseal.pkcs11.runtime.env[]	object	false	-	-	beta-stable	seal	mutable	crd-schema,admission-policy,controller	none	required-if-changed	spec.unseal	PKCS11RuntimeEnvVar maps a PKCS#11 runtime environment variable to a key in spec.unseal.credentialsSecretRef.	Retain the existing wire shape; CEL requires the selected provider branch and rejects non-selected branches.
OpenBaoCluster	spec.unseal.pkcs11.runtime.env[].name	string	true	-	pattern=^[A-Za-z_][A-Za-z0-9_]*$	beta-stable	seal	mutable	crd-schema,admission-policy,controller	none	required-if-changed	spec.unseal	Name is the environment variable name to expose to the OpenBao process.	Retain the existing wire shape; CEL requires the selected provider branch and rejects non-selected branches.
OpenBaoCluster	spec.unseal.pkcs11.runtime.env[].secretKey	string	true	-	pattern=^[-._A-Za-z0-9]+$; minLength=1	beta-stable	seal	mutable	crd-schema,admission-policy,controller	none	required-if-changed	spec.unseal	SecretKey is the key in spec.unseal.credentialsSecretRef to source as the environment variable value.	Retain the existing wire shape; CEL requires the selected provider branch and rejects non-selected branches.
OpenBaoCluster	spec.unseal.pkcs11.runtime.fileEnv	array<object>	false	-	maxItems=16	beta-stable	seal	mutable	crd-schema,admission-policy,controller	none	required-if-changed	spec.unseal	FileEnv exposes environment variables whose values are paths to files mounted from keys in spec.unseal.credentialsSecretRef.	Retain the existing wire shape; CEL requires the selected provider branch and rejects non-selected branches.
OpenBaoCluster	spec.unseal.pkcs11.runtime.fileEnv[]	object	false	-	-	beta-stable	seal	mutable	crd-schema,admission-policy,controller	none	required-if-changed	spec.unseal	PKCS11RuntimeFileEnvVar maps a PKCS#11 runtime environment variable to the mounted file path for a key in spec.unseal.credentialsSecretRef.	Retain the existing wire shape; CEL requires the selected provider branch and rejects non-selected branches.
OpenBaoCluster	spec.unseal.pkcs11.runtime.fileEnv[].name	string	true	-	pattern=^[A-Za-z_][A-Za-z0-9_]*$	beta-stable	seal	mutable	crd-schema,admission-policy,controller	none	required-if-changed	spec.unseal	Name is the environment variable name to expose to the OpenBao process.	Retain the existing wire shape; CEL requires the selected provider branch and rejects non-selected branches.
OpenBaoCluster	spec.unseal.pkcs11.runtime.fileEnv[].secretKey	string	true	-	pattern=^[-._A-Za-z0-9]+$; minLength=1	beta-stable	seal	mutable	crd-schema,admission-policy,controller	none	required-if-changed	spec.unseal	SecretKey is the key in spec.unseal.credentialsSecretRef whose mounted file path should become the environment variable value.	Retain the existing wire shape; CEL requires the selected provider branch and rejects non-selected branches.
OpenBaoCluster	spec.unseal.pkcs11.runtime.libraryPath	string	false	-	-	beta-stable	seal	mutable	crd-schema,admission-policy,controller	none	required-if-changed	spec.unseal	LibraryPath sets LD_LIBRARY_PATH for the OpenBao process.	Retain the existing wire shape; CEL requires the selected provider branch and rejects non-selected branches.
OpenBaoCluster	spec.unseal.pkcs11.slot	string	false	-	-	beta-stable	seal	mutable	crd-schema,admission-policy,controller	none	required-if-changed	spec.unseal	Slot is the slot number where the HSM token is located.	Retain the existing wire shape; CEL requires the selected provider branch and rejects non-selected branches.
OpenBaoCluster	spec.unseal.pkcs11.tokenLabel	string	false	-	-	beta-stable	seal	mutable	crd-schema,admission-policy,controller	none	required-if-changed	spec.unseal	TokenLabel is the token label of the HSM slot to use instead of Slot.	Retain the existing wire shape; CEL requires the selected provider branch and rejects non-selected branches.
OpenBaoCluster	spec.unseal.static	object	false	-	-	beta-stable	seal	mutable	crd-schema,admission-policy,controller	none	required-if-changed	spec.unseal	Static configures the static seal type.	Retain the existing wire shape; CEL requires the selected provider branch and rejects non-selected branches.
OpenBaoCluster	spec.unseal.static.currentKey	string	false	-	-	beta-stable	seal	mutable	crd-schema,admission-policy,controller	none	required-if-changed	spec.unseal.static.currentKey	CurrentKey is the path to the static unseal key file.	omission: controller uses file:///etc/bao/unseal/key; Retain the existing wire shape; CEL requires the selected provider branch and rejects non-selected branches.
OpenBaoCluster	spec.unseal.static.currentKeyID	string	false	-	-	beta-stable	seal	mutable	crd-schema,admission-policy,controller	none	required-if-changed	spec.unseal.static.currentKeyID	CurrentKeyID is the identifier for the current unseal key.	omission: controller uses operator-generated-v1; Retain the existing wire shape; CEL requires the selected provider branch and rejects non-selected branches.
OpenBaoCluster	spec.unseal.transit	object	false	-	-	beta-stable	seal	mutable	crd-schema,admission-policy,controller	none	required-if-changed	spec.unseal	Transit configures the Transit seal type.	Retain the existing wire shape; CEL requires the selected provider branch and rejects non-selected branches.
OpenBaoCluster	spec.unseal.transit.address	string	true	-	minLength=1	beta-stable	seal	mutable	crd-schema,admission-policy,controller	none	required-if-changed	spec.unseal	Address is the full HTTPS address to the OpenBao cluster providing the Transit seal.	Retain the existing wire shape; CEL requires the selected provider branch and rejects non-selected branches.
OpenBaoCluster	spec.unseal.transit.disableRenewal	boolean	false	-	-	beta-stable	seal	mutable	crd-schema,admission-policy,controller	none	required-if-changed	spec.unseal	DisableRenewal disables automatic token renewal.	Retain the existing wire shape; CEL requires the selected provider branch and rejects non-selected branches.
OpenBaoCluster	spec.unseal.transit.keyName	string	true	-	minLength=1	beta-stable	seal	mutable	crd-schema,admission-policy,controller	none	required-if-changed	spec.unseal	KeyName is the transit key to use for encryption and decryption.	Retain the existing wire shape; CEL requires the selected provider branch and rejects non-selected branches.
OpenBaoCluster	spec.unseal.transit.mountPath	string	true	-	minLength=1	beta-stable	seal	mutable	crd-schema,admission-policy,controller	none	required-if-changed	spec.unseal	MountPath is the mount path to the transit secret engine.	Retain the existing wire shape; CEL requires the selected provider branch and rejects non-selected branches.
OpenBaoCluster	spec.unseal.transit.namespace	string	false	-	-	beta-stable	seal	mutable	crd-schema,admission-policy,controller	none	required-if-changed	spec.unseal	Namespace is the namespace path to the transit secret engine.	Retain the existing wire shape; CEL requires the selected provider branch and rejects non-selected branches.
OpenBaoCluster	spec.unseal.transit.tlsCACert	string	false	-	-	beta-stable	seal	mutable	crd-schema,admission-policy,controller	none	required-if-changed	spec.unseal	TLSCACert is the path to the CA certificate file for TLS communication.	Retain the existing wire shape; CEL requires the selected provider branch and rejects non-selected branches.
OpenBaoCluster	spec.unseal.transit.tlsClientCert	string	false	-	-	beta-stable	seal	mutable	crd-schema,admission-policy,controller	none	required-if-changed	spec.unseal	TLSClientCert is the path to the client certificate for TLS communication.	Retain the existing wire shape; CEL requires the selected provider branch and rejects non-selected branches.
OpenBaoCluster	spec.unseal.transit.tlsClientKey	string	false	-	-	beta-stable	seal	mutable	crd-schema,admission-policy,controller	none	required-if-changed	spec.unseal	TLSClientKey is the path to the private key for TLS communication.	Retain the existing wire shape; CEL requires the selected provider branch and rejects non-selected branches.
OpenBaoCluster	spec.unseal.transit.tlsServerName	string	false	-	-	beta-stable	seal	mutable	crd-schema,admission-policy,controller	none	required-if-changed	spec.unseal	TLSServerName is the SNI host name to use when connecting via TLS.	Retain the existing wire shape; CEL requires the selected provider branch and rejects non-selected branches.
OpenBaoCluster	spec.unseal.transit.tlsSkipVerify	boolean	false	-	-	beta-stable	seal	mutable	crd-schema,admission-policy,controller	none	required-if-changed	spec.unseal	TLSSkipVerify disables verification of TLS certificates.	Retain the existing wire shape; CEL requires the selected provider branch and rejects non-selected branches.
OpenBaoCluster	spec.unseal.transit.token	string	false	-	-	beta-stable	seal	mutable	crd-schema,admission-policy,controller	none	required-if-changed	spec.unseal	Token is the OpenBao token to use for authentication.	Retain the existing wire shape; CEL requires the selected provider branch and rejects non-selected branches.
OpenBaoCluster	spec.unseal.type	string	false	"static"	enum="static","awskms","gcpckms","azurekeyvault","transit","kmip","kms","ocikms","pkcs11"	beta-stable	seal	mutable	crd-schema,admission-policy,controller	none	required-if-changed	spec.unseal.type	Type specifies the seal type.	omission: type is static; Retain the existing wire shape; CEL requires the selected provider branch and rejects non-selected branches.
OpenBaoCluster	spec.upgrade	object	false	-	-	beta-stable	upgrade	mutable	crd-schema,controller	none	required-if-changed	spec.upgrade	Upgrade configures upgrade operations.	omission: controller uses RollingUpdate without creating an upgrade executor flow
OpenBaoCluster	spec.upgrade.blueGreen	object	false	-	-	beta-stable	upgrade	mutable	crd-schema,controller	none	required-if-changed	spec.upgrade	BlueGreen configures the behavior when Strategy is BlueGreen.	-
OpenBaoCluster	spec.upgrade.blueGreen.autoPromote	boolean	true	true	-	beta-stable	upgrade	mutable	crd-schema,controller	none	required-if-changed	spec.upgrade	AutoPromote controls whether newly started blue/green upgrades automatically switch traffic and delete the old cluster after sync.	-
OpenBaoCluster	spec.upgrade.blueGreen.autoRollback	object	false	-	-	beta-stable	upgrade	mutable	crd-schema,controller	none	required-if-changed	spec.upgrade	AutoRollback configures automatic rollback behavior.	-
OpenBaoCluster	spec.upgrade.blueGreen.autoRollback.enabled	boolean	true	true	-	beta-stable	upgrade	mutable	crd-schema,controller	none	required-if-changed	spec.upgrade	Enabled controls whether automatic rollback is active.	-
OpenBaoCluster	spec.upgrade.blueGreen.autoRollback.onJobFailure	boolean	false	true	-	beta-stable	upgrade	mutable	crd-schema,controller	none	required-if-changed	spec.upgrade	OnJobFailure triggers rollback when job failures exceed MaxJobFailures.	-
OpenBaoCluster	spec.upgrade.blueGreen.autoRollback.onValidationFailure	boolean	false	true	-	beta-stable	upgrade	mutable	crd-schema,controller	none	required-if-changed	spec.upgrade	OnValidationFailure triggers automatic abort/rollback if the pre-promotion hook fails.	-
OpenBaoCluster	spec.upgrade.blueGreen.maxJobFailures	integer	false	5	format=int32; minimum=1	beta-stable	upgrade	mutable	crd-schema,controller	none	required-if-changed	spec.upgrade	MaxJobFailures is the maximum consecutive job failures before aborting/rolling back.	-
OpenBaoCluster	spec.upgrade.blueGreen.preUpgradeSnapshot	boolean	false	-	-	beta-stable	upgrade	mutable	crd-schema,controller	none	required-if-changed	spec.upgrade	PreUpgradeSnapshot triggers a backup at the start of an upgrade.	-
OpenBaoCluster	spec.upgrade.blueGreen.verification	object	false	-	-	beta-stable	upgrade	mutable	crd-schema,controller	none	required-if-changed	spec.upgrade	VerificationConfig allows defining custom health checks before promotion.	-
OpenBaoCluster	spec.upgrade.blueGreen.verification.minSyncDuration	string	false	-	-	beta-stable	upgrade	mutable	crd-schema,controller	none	required-if-changed	spec.upgrade	MinSyncDuration ensures the Green cluster stays healthy as a non-voter for at least this duration before promotion (e.g., "5m").	-
OpenBaoCluster	spec.upgrade.blueGreen.verification.prePromotionHook	object	false	-	-	beta-stable	upgrade	mutable	crd-schema,controller	none	required-if-changed	spec.upgrade	PrePromotionHook specifies a Job template to run before promoting Green.	-
OpenBaoCluster	spec.upgrade.blueGreen.verification.prePromotionHook.args	array<string>	false	-	-	beta-stable	upgrade	mutable	crd-schema,controller	none	required-if-changed	spec.upgrade	Args are arguments passed to the command.	-
OpenBaoCluster	spec.upgrade.blueGreen.verification.prePromotionHook.args[]	string	false	-	-	beta-stable	upgrade	mutable	crd-schema,controller	none	required-if-changed	spec.upgrade	-	-
OpenBaoCluster	spec.upgrade.blueGreen.verification.prePromotionHook.command	array<string>	false	-	-	beta-stable	upgrade	mutable	crd-schema,controller	none	required-if-changed	spec.upgrade	Command is the command to run.	-
OpenBaoCluster	spec.upgrade.blueGreen.verification.prePromotionHook.command[]	string	false	-	-	beta-stable	upgrade	mutable	crd-schema,controller	none	required-if-changed	spec.upgrade	-	-
OpenBaoCluster	spec.upgrade.blueGreen.verification.prePromotionHook.image	string	true	-	minLength=1	beta-stable	upgrade	mutable	crd-schema,controller	none	required-if-changed	spec.upgrade	Image is the container image for the validation job.	-
OpenBaoCluster	spec.upgrade.blueGreen.verification.prePromotionHook.timeoutSeconds	integer	false	300	format=int32	beta-stable	upgrade	mutable	crd-schema,controller	none	required-if-changed	spec.upgrade.blueGreen.verification.prePromotionHook.timeoutSeconds	TimeoutSeconds is the job timeout (default: 300s).	omission: hook timeout is 300 seconds
OpenBaoCluster	spec.upgrade.image	string	false	-	-	beta-stable	upgrade	mutable	crd-schema,controller	none	required-if-changed	spec.upgrade.image	Image is the container image to use for upgrade operations.	omission: controller derives the upgrade image repository and operator-version tag
OpenBaoCluster	spec.upgrade.jwtAuthRole	string	false	-	-	beta-stable	upgrade	mutable	crd-schema,controller	none	required-if-changed	spec.upgrade.jwtAuthRole	JWTAuthRole is the name of the JWT Auth role configured in OpenBao for upgrade executor Jobs.	omission: self-init OIDC uses the operator-managed upgrade role
OpenBaoCluster	spec.upgrade.preUpgradeSnapshot	boolean	false	-	-	beta-stable	upgrade	mutable	crd-schema,controller	none	required-if-changed	spec.upgrade	PreUpgradeSnapshot, when true, triggers a backup before any upgrade.	-
OpenBaoCluster	spec.upgrade.requests	object	false	-	-	beta-stable	upgrade	mutable	crd-schema,controller	none	required-if-changed	spec.upgrade	Requests defines explicit one-shot operator requests for the current upgrade workflow.	-
OpenBaoCluster	spec.upgrade.requests.promote	string	false	-	minLength=1	beta-stable	upgrade	request-token	crd-schema,controller	none	required-if-changed	spec.upgrade.requests.promote	Promote requests promotion of a held blue/green upgrade when changed to a new non-empty value while spec.upgrade.blueGreen.autoPromote=false.	A changed non-empty value requests promotion of a held blue-green upgrade.
OpenBaoCluster	spec.upgrade.requests.retry	string	false	-	minLength=1	beta-stable	upgrade	request-token	crd-schema,controller	none	required-if-changed	spec.upgrade.requests.retry	Retry requests a retry of the current failed rolling upgrade when changed to a new non-empty value.	A changed non-empty value requests retry of the current failed rolling upgrade.
OpenBaoCluster	spec.upgrade.requests.rollback	string	false	-	minLength=1	beta-stable	upgrade	request-token	crd-schema,controller	none	required-if-changed	spec.upgrade.requests.rollback	Rollback requests a manual abort or rollback of the current blue/green upgrade when changed to a new non-empty value.	A changed non-empty value requests abort or rollback of the current blue-green upgrade.
OpenBaoCluster	spec.upgrade.strategy	string	false	"RollingUpdate"	enum="RollingUpdate","BlueGreen"	beta-stable	upgrade	transition-guarded	crd-schema,controller	none	required-if-changed	spec.upgrade.strategy	Strategy defines the update strategy to use.	Admission permits isolated strategy changes only while the cluster is healthy and idle.
OpenBaoCluster	spec.version	string	true	-	pattern=^v?(0|[1-9][0-9]*)\.(0|[1-9][0-9]*)\.(0|[1-9][0-9]*)(-(0|[1-9][0-9]*|[0-9]*[A-Za-z-][0-9A-Za-z-]*)(\.(0|[1-9][0-9]*|[0-9]*[A-Za-z-][0-9A-Za-z-]*))*)?(\+[0-9A-Za-z-]+(\.[0-9A-Za-z-]+)*)?$; minLength=1	beta-stable	workload	transition-guarded	crd-schema,controller	none	required-if-changed	spec.version	Version is the semantic OpenBao version, used for upgrade orchestration.	Admission rejects downgrades below the running version and reductions below an active rolling target.
OpenBaoCluster	spec.workloadHardening	object	false	-	-	additive-unfrozen	workload-security	mutable	crd-schema,controller	none	required-if-changed	spec.workloadHardening	WorkloadHardening configures opt-in workload hardening features.	-
OpenBaoCluster	spec.workloadHardening.appArmorEnabled	boolean	false	-	-	additive-unfrozen	workload-security	mutable	crd-schema,controller	none	required-if-changed	spec.workloadHardening	AppArmorEnabled controls whether the operator sets AppArmor profiles on generated Pods and Jobs.	-
OpenBaoCluster	status	object	false	-	-	schema-root	schema	-	crd-schema	-	-	schema-root	Status defines the observed state of OpenBaoCluster.	-
OpenBaoCluster	status.acceptedUpgradeStrategy	string	false	-	enum="RollingUpdate","BlueGreen"	stable-automation	upgrade	operator-owned	crd-schema,status-writer	none	required-if-changed	status.acceptedUpgradeStrategy	AcceptedUpgradeStrategy is the upgrade strategy the operator has accepted after applying idle-state transition guards.	-
OpenBaoCluster	status.activeLeader	string	false	-	-	informational	workload-status	operator-owned	crd-schema,status-writer	none	required-if-changed	status.activeLeader	ActiveLeader is the current Raft leader pod name, for example "prod-cluster-0".	-
OpenBaoCluster	status.adminOps	object	false	-	nullable	informational	adminops-status	operator-owned	crd-schema,status-writer	none	required-if-changed	status.adminOps	AdminOps holds signals owned by the adminops controller (upgrade + backup).	-
OpenBaoCluster	status.adminOps.lastError	object	false	-	nullable	informational	adminops-status	operator-owned	crd-schema,status-writer	none	required-if-changed	status.adminOps	LastError is the last adminops-controller error observed for this cluster.	-
OpenBaoCluster	status.adminOps.lastError.at	string	false	-	format=date-time	informational	adminops-status	operator-owned	crd-schema,status-writer	none	required-if-changed	status.adminOps	At is when the error was observed (best-effort).	-
OpenBaoCluster	status.adminOps.lastError.message	string	false	-	-	informational	adminops-status	operator-owned	crd-schema,status-writer	none	required-if-changed	status.adminOps	Message is a human-readable error message (best-effort).	-
OpenBaoCluster	status.adminOps.lastError.reason	string	false	-	-	informational	adminops-status	operator-owned	crd-schema,status-writer	none	required-if-changed	status.adminOps	Reason is a low-cardinality identifier for the error.	-
OpenBaoCluster	status.backup	object	false	-	-	informational	backup-status	operator-owned	crd-schema,status-writer	none	required-if-changed	status.backup	Backup tracks the state of backups for this cluster.	-
OpenBaoCluster	status.backup.consecutiveFailures	integer	false	-	format=int32	informational	backup-status	operator-owned	crd-schema,status-writer	none	required-if-changed	status.backup	ConsecutiveFailures is the number of consecutive backup failures.	-
OpenBaoCluster	status.backup.lastAttemptScheduledTime	string	false	-	format=date-time	informational	backup-status	operator-owned	crd-schema,status-writer	none	required-if-changed	status.backup	LastAttemptScheduledTime is the scheduled time of the last backup attempt.	-
OpenBaoCluster	status.backup.lastAttemptTime	string	false	-	format=date-time	informational	backup-status	operator-owned	crd-schema,status-writer	none	required-if-changed	status.backup	LastAttemptTime is the timestamp of the last backup attempt, regardless of outcome.	-
OpenBaoCluster	status.backup.lastBackupDuration	string	false	-	-	informational	backup-status	operator-owned	crd-schema,status-writer	none	required-if-changed	status.backup	LastBackupDuration is how long the last backup took (e.g., "45s").	-
OpenBaoCluster	status.backup.lastBackupName	string	false	-	-	informational	backup-status	operator-owned	crd-schema,status-writer	none	required-if-changed	status.backup	LastBackupName is the object key/path of the last successful backup.	-
OpenBaoCluster	status.backup.lastBackupSize	integer	false	-	format=int64	informational	backup-status	operator-owned	crd-schema,status-writer	none	required-if-changed	status.backup	LastBackupSize is the size in bytes of the last successful backup.	-
OpenBaoCluster	status.backup.lastBackupTime	string	false	-	format=date-time	stable-automation	backup-status	operator-owned	crd-schema,status-writer	none	required-if-changed	status.backup.lastBackupTime	LastBackupTime is the timestamp of the last successful backup.	This is the replacement for deprecated status.lastBackupTime.
OpenBaoCluster	status.backup.lastFailureMessage	string	false	-	-	informational	backup-status	operator-owned	crd-schema,status-writer	none	required-if-changed	status.backup	LastFailureMessage is the detailed message for the last backup failure (if applicable).	-
OpenBaoCluster	status.backup.lastFailureReason	string	false	-	-	informational	backup-status	operator-owned	crd-schema,status-writer	none	required-if-changed	status.backup	LastFailureReason is the low-cardinality reason code for the last backup failure (if applicable).	-
OpenBaoCluster	status.backup.lastFailureTime	string	false	-	format=date-time	informational	backup-status	operator-owned	crd-schema,status-writer	none	required-if-changed	status.backup	LastFailureTime is when the last backup failure was recorded.	-
OpenBaoCluster	status.backup.lastHandledManualTrigger	string	false	-	-	informational	backup-status	operator-owned	crd-schema,status-writer	none	required-if-changed	status.backup	LastHandledManualTrigger is the last observed manual trigger token that has progressed into an actual backup attempt.	-
OpenBaoCluster	status.backup.latestSnapshot	object	false	-	-	informational	backup	operator-owned	crd-schema,status-writer	none	required-if-changed	status.backup.latestSnapshot	LatestSnapshot contains the latest executor's source observation.	Bounded executor observation; administrators copy it into restore requests.
OpenBaoCluster	status.backup.latestSnapshot.clusterID	string	true	-	maxLength=128	informational	backup	operator-owned	crd-schema,status-writer	none	required-if-changed	status.backup.latestSnapshot	ClusterID is the source native cluster ID observed during the backup.	Bounded executor observation; administrators copy it into restore requests.
OpenBaoCluster	status.backup.latestSnapshot.digest	string	true	-	pattern=^sha256:[a-f0-9]{64}$	informational	backup	operator-owned	crd-schema,status-writer	none	required-if-changed	status.backup.latestSnapshot	Digest is sha256: followed by the lowercase digest of the uploaded snapshot.	Bounded executor observation; administrators copy it into restore requests.
OpenBaoCluster	status.backup.latestSnapshot.size	integer	true	-	format=int64; minimum=1; maximum=8589934592	informational	backup	operator-owned	crd-schema,status-writer	none	required-if-changed	status.backup.latestSnapshot	Size is the snapshot size in bytes.	Bounded executor observation; administrators copy it into restore requests.
OpenBaoCluster	status.backup.latestSnapshot.version	string	true	-	maxLength=64	informational	backup	operator-owned	crd-schema,status-writer	none	required-if-changed	status.backup.latestSnapshot	Version is the source OpenBao version observed during the backup.	Bounded executor observation; administrators copy it into restore requests.
OpenBaoCluster	status.backup.nextScheduledBackup	string	false	-	format=date-time	informational	backup-status	operator-owned	crd-schema,status-writer	none	required-if-changed	status.backup	NextScheduledBackup is when the next backup is scheduled.	-
OpenBaoCluster	status.backup.restoreTest	object	false	-	-	stable-automation	backup	operator-owned	crd-schema,status-writer	none	required-if-changed	status.backup.restoreTest	RestoreTest stores one active run and one last result.	-
OpenBaoCluster	status.backup.restoreTest.active	object	false	-	-	informational	backup	operator-owned	crd-schema,status-writer	none	required-if-changed	status.backup.restoreTest.active	RestoreTestRun reserves one child request and protects its source key.	Identifies the running child request; automation should use the result and condition.
OpenBaoCluster	status.backup.restoreTest.active.key	string	true	-	-	informational	backup	operator-owned	crd-schema,status-writer	none	required-if-changed	status.backup.restoreTest.active	Key is the snapshot object under test; retention protects it until the run ends.	Identifies the running child request; automation should use the result and condition.
OpenBaoCluster	status.backup.restoreTest.active.name	string	true	-	-	informational	backup	operator-owned	crd-schema,status-writer	none	required-if-changed	status.backup.restoreTest.active	Name is the generated name of the child OpenBaoRestore.	Identifies the running child request; automation should use the result and condition.
OpenBaoCluster	status.backup.restoreTest.active.namespace	string	true	-	-	informational	backup	operator-owned	crd-schema,status-writer	none	required-if-changed	status.backup.restoreTest.active	Namespace is the destination namespace of the child OpenBaoRestore.	Identifies the running child request; automation should use the result and condition.
OpenBaoCluster	status.backup.restoreTest.active.startedAt	string	true	-	format=date-time	informational	backup	operator-owned	crd-schema,status-writer	none	required-if-changed	status.backup.restoreTest.active	StartedAt records when the run was reserved.	Identifies the running child request; automation should use the result and condition.
OpenBaoCluster	status.backup.restoreTest.active.uid	string	false	-	-	informational	backup	operator-owned	crd-schema,status-writer	none	required-if-changed	status.backup.restoreTest.active	UID identifies the child OpenBaoRestore once its creation is observed.	Identifies the running child request; automation should use the result and condition.
OpenBaoCluster	status.backup.restoreTest.conditions	array<object>	false	-	x-kubernetes-list-type=map; x-kubernetes-list-map-keys=type	stable-automation	backup	operator-owned	crd-schema,status-writer	none	required-if-changed	status.backup.restoreTest.conditions	Conditions reports scheduling and restore test outcomes without secret data.	stable values: Passed; Condition types are stable; reason sets may expand and messages are best-effort.
OpenBaoCluster	status.backup.restoreTest.conditions[]	object	false	-	-	stable-automation	backup	operator-owned	crd-schema,status-writer	none	required-if-changed	status.backup.restoreTest.conditions	Condition contains details for one aspect of the current state of this API Resource.	Condition types are stable; reason sets may expand and messages are best-effort.
OpenBaoCluster	status.backup.restoreTest.conditions[].lastTransitionTime	string	true	-	format=date-time	stable-automation	backup	operator-owned	crd-schema,status-writer	none	required-if-changed	status.backup.restoreTest.conditions	lastTransitionTime is the last time the condition transitioned from one status to another.	Condition types are stable; reason sets may expand and messages are best-effort.
OpenBaoCluster	status.backup.restoreTest.conditions[].message	string	true	-	maxLength=32768	informational	backup	operator-owned	crd-schema,status-writer	none	required-if-changed	status.backup.restoreTest.conditions[].message	message is a human readable message indicating details about the transition.	Condition types are stable; reason sets may expand and messages are best-effort.
OpenBaoCluster	status.backup.restoreTest.conditions[].observedGeneration	integer	false	-	format=int64; minimum=0	stable-automation	backup	operator-owned	crd-schema,status-writer	none	required-if-changed	status.backup.restoreTest.conditions	observedGeneration represents the .metadata.generation that the condition was set based upon.	Condition types are stable; reason sets may expand and messages are best-effort.
OpenBaoCluster	status.backup.restoreTest.conditions[].reason	string	true	-	pattern=^[A-Za-z]([A-Za-z0-9_,:]*[A-Za-z0-9_])?$; minLength=1; maxLength=1024	stable-automation	backup	operator-owned	crd-schema,status-writer	none	required-if-changed	status.backup.restoreTest.conditions	reason contains a programmatic identifier indicating the reason for the condition's last transition.	Condition types are stable; reason sets may expand and messages are best-effort.
OpenBaoCluster	status.backup.restoreTest.conditions[].status	string	true	-	enum="True","False","Unknown"	stable-automation	backup	operator-owned	crd-schema,status-writer	none	required-if-changed	status.backup.restoreTest.conditions	status of the condition, one of True, False, Unknown.	Condition types are stable; reason sets may expand and messages are best-effort.
OpenBaoCluster	status.backup.restoreTest.conditions[].type	string	true	-	pattern=^([a-z0-9]([-a-z0-9]*[a-z0-9])?(\.[a-z0-9]([-a-z0-9]*[a-z0-9])?)*/)?(([A-Za-z0-9][-A-Za-z0-9_.]*)?[A-Za-z0-9])$; maxLength=316	stable-automation	backup	operator-owned	crd-schema,status-writer	none	required-if-changed	status.backup.restoreTest.conditions	type of condition in CamelCase or in foo.example.com/CamelCase.	Condition types are stable; reason sets may expand and messages are best-effort.
OpenBaoCluster	status.backup.restoreTest.last	object	false	-	-	stable-automation	backup	operator-owned	crd-schema,status-writer	none	required-if-changed	status.backup.restoreTest	RestoreTestResult contains no secret data or authentication tokens.	-
OpenBaoCluster	status.backup.restoreTest.last.digest	string	false	-	-	stable-automation	backup	operator-owned	crd-schema,status-writer	none	required-if-changed	status.backup.restoreTest	Digest is the pinned snapshot digest, when available.	-
OpenBaoCluster	status.backup.restoreTest.last.finishedAt	string	true	-	format=date-time	stable-automation	backup	operator-owned	crd-schema,status-writer	none	required-if-changed	status.backup.restoreTest	FinishedAt records when the result was recorded.	-
OpenBaoCluster	status.backup.restoreTest.last.key	string	false	-	-	stable-automation	backup	operator-owned	crd-schema,status-writer	none	required-if-changed	status.backup.restoreTest	Key identifies the tested snapshot object in backup storage.	-
OpenBaoCluster	status.backup.restoreTest.last.message	string	false	-	maxLength=512	stable-automation	backup	operator-owned	crd-schema,status-writer	none	required-if-changed	status.backup.restoreTest	Message contains the operator-defined diagnostic for this result.	-
OpenBaoCluster	status.backup.restoreTest.last.name	string	true	-	-	stable-automation	backup	operator-owned	crd-schema,status-writer	none	required-if-changed	status.backup.restoreTest	Name is the child OpenBaoRestore that produced this result.	-
OpenBaoCluster	status.backup.restoreTest.last.namespace	string	false	-	-	stable-automation	backup	operator-owned	crd-schema,status-writer	none	required-if-changed	status.backup.restoreTest	Namespace identifies the destination namespace.	-
OpenBaoCluster	status.backup.restoreTest.last.outcome	string	true	-	enum="Passed","Failed"	stable-automation	backup	operator-owned	crd-schema,status-writer	none	required-if-changed	status.backup.restoreTest	Outcome is Passed or Failed.	-
OpenBaoCluster	status.backup.restoreTest.last.reason	string	false	-	maxLength=64	stable-automation	backup	operator-owned	crd-schema,status-writer	none	required-if-changed	status.backup.restoreTest	Reason and Message retain a bounded summary after the child is deleted.	-
OpenBaoCluster	status.backup.restoreTest.lastBackupCount	integer	false	-	format=int64	informational	backup	operator-owned	crd-schema,status-writer	none	required-if-changed	status.backup.restoreTest.lastBackupCount	LastBackupCount is the successful-backup count at the last started test.	-
OpenBaoCluster	status.backup.restoreTest.lastScheduledAt	string	false	-	format=date-time	informational	backup	operator-owned	crd-schema,status-writer	none	required-if-changed	status.backup.restoreTest.lastScheduledAt	LastScheduledAt records the last time a restore test was started.	-
OpenBaoCluster	status.backup.restoreTest.lastSuccessTime	string	false	-	format=date-time	stable-automation	backup	operator-owned	crd-schema,status-writer	none	required-if-changed	status.backup.restoreTest	LastSuccessTime survives later failures and controller restarts.	-
OpenBaoCluster	status.backup.successfulBackups	integer	false	-	format=int64	informational	backup	operator-owned	crd-schema,status-writer	none	required-if-changed	status.backup.successfulBackups	SuccessfulBackups counts newly observed successful backup Jobs.	Internal trigger counter for everySuccessfulBackups.
OpenBaoCluster	status.blueGreen	object	false	-	-	informational	upgrade-status	operator-owned	crd-schema,status-writer	none	required-if-changed	status.blueGreen	BlueGreen tracks the state of blue/green upgrades (if enabled).	-
OpenBaoCluster	status.blueGreen.blueControllerRevision	string	false	-	-	informational	upgrade-status	operator-owned	crd-schema,status-writer	none	required-if-changed	status.blueGreen	BlueControllerRevision is the Kubernetes StatefulSet controller revision of Blue.	-
OpenBaoCluster	status.blueGreen.blueImage	string	false	-	-	informational	upgrade-status	operator-owned	crd-schema,status-writer	none	required-if-changed	status.blueGreen	BlueImage is the container image used by the Blue cluster.	-
OpenBaoCluster	status.blueGreen.blueReplicas	integer	false	-	format=int32; minimum=1	informational	upgrade-status	operator-owned	crd-schema,status-writer	none	required-if-changed	status.blueGreen	BlueReplicas is the voter population captured when the upgrade starts.	-
OpenBaoCluster	status.blueGreen.blueRevision	string	false	-	-	informational	upgrade-status	operator-owned	crd-schema,status-writer	none	required-if-changed	status.blueGreen	BlueRevision is the hash/name of the currently active cluster.	-
OpenBaoCluster	status.blueGreen.greenImage	string	false	-	-	informational	upgrade-status	operator-owned	crd-schema,status-writer	none	required-if-changed	status.blueGreen	GreenImage is the image selected for the in-flight target.	-
OpenBaoCluster	status.blueGreen.greenReplicas	integer	false	-	format=int32; minimum=1	informational	upgrade-status	operator-owned	crd-schema,status-writer	none	required-if-changed	status.blueGreen	GreenReplicas is the replica count selected for the in-flight target.	-
OpenBaoCluster	status.blueGreen.greenRevision	string	false	-	-	informational	upgrade-status	operator-owned	crd-schema,status-writer	none	required-if-changed	status.blueGreen	GreenRevision is the hash/name of the next cluster (if upgrade in progress).	-
OpenBaoCluster	status.blueGreen.greenVersion	string	false	-	-	informational	upgrade-status	operator-owned	crd-schema,status-writer	none	required-if-changed	status.blueGreen	GreenVersion is the version selected for the in-flight target.	-
OpenBaoCluster	status.blueGreen.jobFailureCount	integer	false	-	format=int32	informational	upgrade-status	operator-owned	crd-schema,status-writer	none	required-if-changed	status.blueGreen	JobFailureCount tracks consecutive job failures in the current phase.	-
OpenBaoCluster	status.blueGreen.lastJobFailure	string	false	-	-	informational	upgrade-status	operator-owned	crd-schema,status-writer	none	required-if-changed	status.blueGreen	LastJobFailure records the name of the last failed job for debugging.	-
OpenBaoCluster	status.blueGreen.manualPromotionRequired	boolean	false	-	-	informational	upgrade-status	operator-owned	crd-schema,status-writer	none	required-if-changed	status.blueGreen	ManualPromotionRequired snapshots whether the current in-flight blue/green upgrade requires an explicit spec.upgrade.requests.promote request before promotion can proceed.	-
OpenBaoCluster	status.blueGreen.operationID	string	false	-	-	informational	upgrade-status	operator-owned	crd-schema,status-writer	none	required-if-changed	status.blueGreen	OperationID identifies the current blue/green upgrade attempt.	-
OpenBaoCluster	status.blueGreen.phase	string	false	-	enum="Idle","DeployingGreen","JoiningMesh","Syncing","Promoting","DemotingBlue","Cleanup","RestoringReadReplicas","RollingBack","RollbackCleanup"	informational	upgrade-status	operator-owned	crd-schema,status-writer	none	required-if-changed	status.blueGreen	Phase is the current phase of the blue/green upgrade.	-
OpenBaoCluster	status.blueGreen.preUpgradeSnapshotJobName	string	false	-	-	informational	upgrade-status	operator-owned	crd-schema,status-writer	none	required-if-changed	status.blueGreen	PreUpgradeSnapshotJobName is the name of the backup job triggered at upgrade start.	-
OpenBaoCluster	status.blueGreen.rollbackAttempt	integer	false	-	format=int32	informational	upgrade-status	operator-owned	crd-schema,status-writer	none	required-if-changed	status.blueGreen	RollbackAttempt increments each time rollback automation is retried.	-
OpenBaoCluster	status.blueGreen.rollbackReason	string	false	-	-	informational	upgrade-status	operator-owned	crd-schema,status-writer	none	required-if-changed	status.blueGreen	RollbackReason records why a rollback was triggered (if any).	-
OpenBaoCluster	status.blueGreen.rollbackStartTime	string	false	-	format=date-time	informational	upgrade-status	operator-owned	crd-schema,status-writer	none	required-if-changed	status.blueGreen	RollbackStartTime is when the rollback was initiated.	-
OpenBaoCluster	status.blueGreen.startTime	string	false	-	format=date-time	informational	upgrade-status	operator-owned	crd-schema,status-writer	none	required-if-changed	status.blueGreen	StartTime is when the current phase began.	-
OpenBaoCluster	status.blueGreen.validationHook	object	false	-	-	informational	upgrade-status	operator-owned	crd-schema,status-writer	none	required-if-changed	status.blueGreen	ValidationHook records the expected identity and durable execution receipts for the current pre-promotion validation hook.	-
OpenBaoCluster	status.blueGreen.validationHook.committedAt	string	false	-	format=date-time	informational	upgrade-status	operator-owned	crd-schema,status-writer	none	required-if-changed	status.blueGreen	CommittedAt is when the controller committed to one Job creation attempt.	-
OpenBaoCluster	status.blueGreen.validationHook.createdAt	string	false	-	format=date-time	informational	upgrade-status	operator-owned	crd-schema,status-writer	none	required-if-changed	status.blueGreen	CreatedAt is when the controller persisted the created Job receipt.	-
OpenBaoCluster	status.blueGreen.validationHook.greenRevision	string	true	-	-	informational	upgrade-status	operator-owned	crd-schema,status-writer	none	required-if-changed	status.blueGreen	GreenRevision identifies the Green revision validated by this hook.	-
OpenBaoCluster	status.blueGreen.validationHook.jobName	string	true	-	-	informational	upgrade-status	operator-owned	crd-schema,status-writer	none	required-if-changed	status.blueGreen	JobName is the expected validation hook Job name.	-
OpenBaoCluster	status.blueGreen.validationHook.jobUID	string	false	-	-	informational	upgrade-status	operator-owned	crd-schema,status-writer	none	required-if-changed	status.blueGreen	JobUID is the UID returned for the created validation hook Job.	-
OpenBaoCluster	status.blueGreen.validationHook.operationID	string	true	-	-	informational	upgrade-status	operator-owned	crd-schema,status-writer	none	required-if-changed	status.blueGreen	OperationID identifies the blue/green upgrade attempt that owns this hook.	-
OpenBaoCluster	status.blueGreen.validationHook.preparedAt	string	false	-	format=date-time	informational	upgrade-status	operator-owned	crd-schema,status-writer	none	required-if-changed	status.blueGreen	PreparedAt is when the expected hook identity became durable.	-
OpenBaoCluster	status.blueGreen.validationHook.specHash	string	true	-	-	informational	upgrade-status	operator-owned	crd-schema,status-writer	none	required-if-changed	status.blueGreen	SpecHash identifies the normalized validation hook specification.	-
OpenBaoCluster	status.blueGreen.validationHook.stage	string	true	-	enum="Prepared","Committed","Created","TerminalObserved","Unknown"	informational	upgrade-status	operator-owned	crd-schema,status-writer	none	required-if-changed	status.blueGreen	Stage is the latest durable execution boundary observed by the controller.	-
OpenBaoCluster	status.blueGreen.validationHook.terminalObservedAt	string	false	-	format=date-time	informational	upgrade-status	operator-owned	crd-schema,status-writer	none	required-if-changed	status.blueGreen	TerminalObservedAt is when the controller persisted the terminal Job result.	-
OpenBaoCluster	status.blueGreen.validationHook.terminalResult	string	false	-	enum="Succeeded","Failed"	informational	upgrade-status	operator-owned	crd-schema,status-writer	none	required-if-changed	status.blueGreen	TerminalResult is the persisted terminal Job result.	-
OpenBaoCluster	status.breakGlass	object	false	-	-	stable-automation	lifecycle-safety	operator-owned	crd-schema,status-writer	none	required-if-changed	status.breakGlass	BreakGlass records when the operator has halted quorum-risk automation and requires explicit operator acknowledgment to continue.	The nonce and active state participate in the explicit acknowledgement workflow.
OpenBaoCluster	status.breakGlass.acknowledgedAt	string	false	-	format=date-time	stable-automation	lifecycle-safety	operator-owned	crd-schema,status-writer	none	required-if-changed	status.breakGlass	AcknowledgedAt records when break glass was acknowledged.	The nonce and active state participate in the explicit acknowledgement workflow.
OpenBaoCluster	status.breakGlass.active	boolean	false	-	-	stable-automation	lifecycle-safety	operator-owned	crd-schema,status-writer	none	required-if-changed	status.breakGlass	Active indicates whether break glass mode is currently active.	The nonce and active state participate in the explicit acknowledgement workflow.
OpenBaoCluster	status.breakGlass.enteredAt	string	false	-	format=date-time	stable-automation	lifecycle-safety	operator-owned	crd-schema,status-writer	none	required-if-changed	status.breakGlass	EnteredAt is when break glass mode became active.	The nonce and active state participate in the explicit acknowledgement workflow.
OpenBaoCluster	status.breakGlass.message	string	false	-	-	informational	lifecycle-safety	operator-owned	crd-schema,status-writer	none	required-if-changed	status.breakGlass.message	Message provides a short summary of the detected unsafe state.	The nonce and active state participate in the explicit acknowledgement workflow.
OpenBaoCluster	status.breakGlass.nonce	string	false	-	-	stable-automation	lifecycle-safety	operator-owned	crd-schema,status-writer	none	required-if-changed	status.breakGlass	Nonce is the acknowledgment token required to resume automation.	The nonce and active state participate in the explicit acknowledgement workflow.
OpenBaoCluster	status.breakGlass.reason	string	false	-	enum="RollbackConsensusRepairFailed","RollbackCleanupPeerRemovalFailed"	stable-automation	lifecycle-safety	operator-owned	crd-schema,status-writer	none	required-if-changed	status.breakGlass	Reason is a stable, typed reason for entering break glass mode.	The nonce and active state participate in the explicit acknowledgement workflow.
OpenBaoCluster	status.breakGlass.steps	array<string>	false	-	-	informational	lifecycle-safety	operator-owned	crd-schema,status-writer	none	required-if-changed	status.breakGlass.steps	Steps provides deterministic recovery guidance.	The nonce and active state participate in the explicit acknowledgement workflow.
OpenBaoCluster	status.breakGlass.steps[]	string	false	-	-	informational	lifecycle-safety	operator-owned	crd-schema,status-writer	none	required-if-changed	status.breakGlass.steps	-	The nonce and active state participate in the explicit acknowledgement workflow.
OpenBaoCluster	status.conditions	array<object>	false	-	x-kubernetes-list-type=map; x-kubernetes-list-map-keys=type	stable-automation	status-controller	operator-owned	crd-schema,status-writer	none	required-if-changed	status.conditions	Conditions represent the current state of the OpenBaoCluster resource.	stable values: ACMECacheReady,ACMEIntegrationReady,APIServerNetworkReady,AuditFileStorageReady,Available,BackingUp,BackupConfigurationReady,CloudUnsealIdentityReady,Degraded,EtcdEncryptionWarning,GatewayIntegrationReady,IngressIntegrationReady,NodeSecurityCapabilityMismatch,OpenBaoInitialized,OpenBaoLeader,OpenBaoSealed,PolicyReconciliationReady,ProductionReady,RaftMembershipReady,ReadReplicaStorageConfigured,ReadReplicasAutopilotHealthy,ReadReplicasReady,ReadServingAvailable,SecurityRisk,StorageConfigured,TLSReady,Upgrading,UserAccessBootstrap; Condition types are stable; reason sets may expand and messages are best-effort.
OpenBaoCluster	status.conditions[]	object	false	-	-	stable-automation	status-controller	operator-owned	crd-schema,status-writer	none	required-if-changed	status.conditions	Condition contains details for one aspect of the current state of this API Resource.	Condition types are stable; reason sets may expand and messages are best-effort.
OpenBaoCluster	status.conditions[].lastTransitionTime	string	true	-	format=date-time	stable-automation	status-controller	operator-owned	crd-schema,status-writer	none	required-if-changed	status.conditions	lastTransitionTime is the last time the condition transitioned from one status to another.	Condition types are stable; reason sets may expand and messages are best-effort.
OpenBaoCluster	status.conditions[].message	string	true	-	maxLength=32768	informational	status-controller	operator-owned	crd-schema,status-writer	none	required-if-changed	status.conditions[].message	message is a human readable message indicating details about the transition.	Condition types are stable; reason sets may expand and messages are best-effort.
OpenBaoCluster	status.conditions[].observedGeneration	integer	false	-	format=int64; minimum=0	stable-automation	status-controller	operator-owned	crd-schema,status-writer	none	required-if-changed	status.conditions	observedGeneration represents the .metadata.generation that the condition was set based upon.	Condition types are stable; reason sets may expand and messages are best-effort.
OpenBaoCluster	status.conditions[].reason	string	true	-	pattern=^[A-Za-z]([A-Za-z0-9_,:]*[A-Za-z0-9_])?$; minLength=1; maxLength=1024	stable-automation	status-controller	operator-owned	crd-schema,status-writer	none	required-if-changed	status.conditions	reason contains a programmatic identifier indicating the reason for the condition's last transition.	Condition types are stable; reason sets may expand and messages are best-effort.
OpenBaoCluster	status.conditions[].status	string	true	-	enum="True","False","Unknown"	stable-automation	status-controller	operator-owned	crd-schema,status-writer	none	required-if-changed	status.conditions	status of the condition, one of True, False, Unknown.	Condition types are stable; reason sets may expand and messages are best-effort.
OpenBaoCluster	status.conditions[].type	string	true	-	pattern=^([a-z0-9]([-a-z0-9]*[a-z0-9])?(\.[a-z0-9]([-a-z0-9]*[a-z0-9])?)*/)?(([A-Za-z0-9][-A-Za-z0-9_.]*)?[A-Za-z0-9])$; maxLength=316	stable-automation	status-controller	operator-owned	crd-schema,status-writer	none	required-if-changed	status.conditions	type of condition in CamelCase or in foo.example.com/CamelCase.	Condition types are stable; reason sets may expand and messages are best-effort.
OpenBaoCluster	status.currentVersion	string	false	-	-	stable-automation	workload-status	operator-owned	crd-schema,status-writer	none	required-if-changed	status.currentVersion	CurrentVersion is the OpenBao version currently running on the cluster.	-
OpenBaoCluster	status.initialized	boolean	false	-	-	stable-automation	bootstrap-status	operator-owned	crd-schema,status-writer	none	required-if-changed	status.initialized	Initialized indicates whether the OpenBao cluster has been initialized.	-
OpenBaoCluster	status.observedGeneration	integer	false	-	format=int64	stable-automation	status-controller	operator-owned	crd-schema,status-writer	none	required-if-changed	status.observedGeneration	ObservedGeneration is the most recent metadata.generation that has been reconciled into this status.	-
OpenBaoCluster	status.operationLock	object	false	-	nullable; x-kubernetes-map-type=atomic	informational	lifecycle-status	operator-owned	crd-schema,status-writer	none	required-if-changed	status.operationLock	OperationLock prevents concurrent long-running operations (upgrade/backup/restore) from acting on the same cluster at the same time.	-
OpenBaoCluster	status.operationLock.acquiredAt	string	false	-	format=date-time	informational	lifecycle-status	operator-owned	crd-schema,status-writer	none	required-if-changed	status.operationLock	AcquiredAt is when the lock was first acquired.	-
OpenBaoCluster	status.operationLock.holder	string	false	-	-	informational	lifecycle-status	operator-owned	crd-schema,status-writer	none	required-if-changed	status.operationLock	Holder is a stable identifier for the lock holder (controller/component).	-
OpenBaoCluster	status.operationLock.message	string	false	-	-	informational	lifecycle-status	operator-owned	crd-schema,status-writer	none	required-if-changed	status.operationLock	Message provides human-readable context for why the lock is held.	-
OpenBaoCluster	status.operationLock.operation	string	false	-	enum="Upgrade","Backup","Restore"	informational	lifecycle-status	operator-owned	crd-schema,status-writer	none	required-if-changed	status.operationLock	Operation is the operation currently holding the lock.	-
OpenBaoCluster	status.operationLock.renewedAt	string	false	-	format=date-time	informational	lifecycle-status	operator-owned	crd-schema,status-writer	none	required-if-changed	status.operationLock	RenewedAt is updated when the holder reasserts the lock during reconciliation.	-
OpenBaoCluster	status.phase	string	false	-	enum="Initializing","Running","Upgrading","BackingUp","Failed"	stable-automation	status-controller	operator-owned	crd-schema,status-writer	none	required-if-changed	status.phase	Phase is a high-level summary of the cluster state.	-
OpenBaoCluster	status.readReplicas	object	false	-	nullable	informational	workload-status	operator-owned	crd-schema,status-writer	none	required-if-changed	status.readReplicas	ReadReplicas captures observed state for the read-replica pool.	-
OpenBaoCluster	status.readReplicas.desiredReplicas	integer	false	-	format=int32	informational	workload-status	operator-owned	crd-schema,status-writer	none	required-if-changed	status.readReplicas	DesiredReplicas is the desired number of read replicas.	-
OpenBaoCluster	status.readReplicas.healthyReplicas	integer	false	-	format=int32	informational	workload-status	operator-owned	crd-schema,status-writer	none	required-if-changed	status.readReplicas	HealthyReplicas is the number of read-replica peers that are currently healthy according to the Raft Autopilot state endpoint.	-
OpenBaoCluster	status.readReplicas.readyReplicas	integer	false	-	format=int32	informational	workload-status	operator-owned	crd-schema,status-writer	none	required-if-changed	status.readReplicas	ReadyReplicas is the number of Ready read-replica Pods observed.	-
OpenBaoCluster	status.readReplicas.registeredReplicas	integer	false	-	format=int32	informational	workload-status	operator-owned	crd-schema,status-writer	none	required-if-changed	status.readReplicas	RegisteredReplicas is the number of observed non-voter peers registered in Raft membership.	-
OpenBaoCluster	status.readReplicas.storage	object	false	-	-	informational	workload-status	operator-owned	crd-schema,status-writer	none	required-if-changed	status.readReplicas	Storage captures read-replica-specific storage observation state.	-
OpenBaoCluster	status.readReplicas.storage.boundPVCs	integer	false	-	format=int32	informational	workload-status	operator-owned	crd-schema,status-writer	none	required-if-changed	status.readReplicas	BoundPVCs is the number of observed data PVCs for the read-replica pool.	-
OpenBaoCluster	status.readReplicas.storage.desiredPVCs	integer	false	-	format=int32	informational	workload-status	operator-owned	crd-schema,status-writer	none	required-if-changed	status.readReplicas	DesiredPVCs is the number of data PVCs expected for the read-replica pool.	-
OpenBaoCluster	status.readReplicas.storage.storageClassName	string	false	-	-	informational	workload-status	operator-owned	crd-schema,status-writer	none	required-if-changed	status.readReplicas	StorageClassName is the effective StorageClass observed for the read-replica PVCs when it is consistent.	-
OpenBaoCluster	status.readyReplicas	integer	false	-	format=int32	stable-automation	workload-status	operator-owned	crd-schema,status-writer	none	required-if-changed	status.readyReplicas	ReadyReplicas is the number of replicas that are currently Ready.	-
OpenBaoCluster	status.restore	object	false	-	-	deprecated	restore-status	operator-owned	crd-schema,status-writer	none	required-if-changed	status.restore	Restore retains post-restore restart status written by earlier releases.	Written only by earlier releases; read to preserve the legacy restore-revision annotation.
OpenBaoCluster	status.restore.name	string	false	-	-	deprecated	restore-status	operator-owned	crd-schema,status-writer	none	required-if-changed	status.restore	Name identifies the OpenBaoRestore recorded by an earlier release.	Written only by earlier releases; read to preserve the legacy restore-revision annotation.
OpenBaoCluster	status.restore.restartCompletedAt	string	false	-	format=date-time	deprecated	restore-status	operator-owned	crd-schema,status-writer	none	required-if-changed	status.restore	RestartCompletedAt is the legacy timestamp for a controller-observed voter restart.	Written only by earlier releases; read to preserve the legacy restore-revision annotation.
OpenBaoCluster	status.restore.uid	string	false	-	-	deprecated	restore-status	operator-owned	crd-schema,status-writer	none	required-if-changed	status.restore	UID identifies the OpenBaoRestore recorded by an earlier release.	Written only by earlier releases; read to preserve the legacy restore-revision annotation.
OpenBaoCluster	status.selfInitialized	boolean	false	-	-	stable-automation	bootstrap-status	operator-owned	crd-schema,status-writer	none	required-if-changed	status.selfInitialized	SelfInitialized indicates whether the cluster was initialized using OpenBao's self-initialization feature.	-
OpenBaoCluster	status.upgrade	object	false	-	-	informational	upgrade-status	operator-owned	crd-schema,status-writer	none	required-if-changed	status.upgrade	Upgrade tracks the state of an in-progress upgrade (if any).	-
OpenBaoCluster	status.upgrade.completedPods	array<integer>	false	-	-	informational	upgrade-status	operator-owned	crd-schema,status-writer	none	required-if-changed	status.upgrade	CompletedPods lists ordinals of pods that have been successfully upgraded.	-
OpenBaoCluster	status.upgrade.completedPods[]	integer	false	-	format=int32	informational	upgrade-status	operator-owned	crd-schema,status-writer	none	required-if-changed	status.upgrade	-	-
OpenBaoCluster	status.upgrade.currentPartition	integer	true	-	format=int32	informational	upgrade-status	operator-owned	crd-schema,status-writer	none	required-if-changed	status.upgrade	CurrentPartition is the current StatefulSet partition value.	-
OpenBaoCluster	status.upgrade.failure	object	false	-	nullable	informational	upgrade-status	operator-owned	crd-schema,status-writer	none	required-if-changed	status.upgrade	Failure is the structured rolling-upgrade failure status.	-
OpenBaoCluster	status.upgrade.failure.at	string	false	-	format=date-time	informational	upgrade-status	operator-owned	crd-schema,status-writer	none	required-if-changed	status.upgrade	At is when the error was observed (best-effort).	-
OpenBaoCluster	status.upgrade.failure.message	string	false	-	-	informational	upgrade-status	operator-owned	crd-schema,status-writer	none	required-if-changed	status.upgrade	Message is a human-readable error message (best-effort).	-
OpenBaoCluster	status.upgrade.failure.reason	string	false	-	-	informational	upgrade-status	operator-owned	crd-schema,status-writer	none	required-if-changed	status.upgrade	Reason is a low-cardinality identifier for the error.	-
OpenBaoCluster	status.upgrade.fromVersion	string	true	-	-	informational	upgrade-status	operator-owned	crd-schema,status-writer	none	required-if-changed	status.upgrade	FromVersion is the version being upgraded from.	-
OpenBaoCluster	status.upgrade.lastStepDownTime	string	false	-	format=date-time	informational	upgrade-status	operator-owned	crd-schema,status-writer	none	required-if-changed	status.upgrade	LastStepDownTime records when the last leader step-down was performed.	-
OpenBaoCluster	status.upgrade.startedAt	string	false	-	format=date-time	informational	upgrade-status	operator-owned	crd-schema,status-writer	none	required-if-changed	status.upgrade	StartedAt is when the upgrade began.	-
OpenBaoCluster	status.upgrade.targetVersion	string	true	-	-	informational	upgrade-status	operator-owned	crd-schema,status-writer	none	required-if-changed	status.upgrade	TargetVersion is the version being upgraded to.	-
OpenBaoCluster	status.upgradeRequests	object	false	-	-	informational	upgrade-status	operator-owned	crd-schema,status-writer	none	required-if-changed	status.upgradeRequests	UpgradeRequests tracks which explicit upgrade request values have already been handled so one-shot requests are edge-triggered instead of level-triggered.	-
OpenBaoCluster	status.upgradeRequests.lastHandledPromote	string	false	-	-	informational	upgrade-status	operator-owned	crd-schema,status-writer	none	required-if-changed	status.upgradeRequests	LastHandledPromote is the last observed spec.upgrade.requests.promote value that the operator has handled.	-
OpenBaoCluster	status.upgradeRequests.lastHandledRetry	string	false	-	-	informational	upgrade-status	operator-owned	crd-schema,status-writer	none	required-if-changed	status.upgradeRequests	LastHandledRetry is the last observed spec.upgrade.requests.retry value that the operator has handled.	-
OpenBaoCluster	status.upgradeRequests.lastHandledRollback	string	false	-	-	informational	upgrade-status	operator-owned	crd-schema,status-writer	none	required-if-changed	status.upgradeRequests	LastHandledRollback is the last observed spec.upgrade.requests.rollback value that the operator has handled.	-
OpenBaoCluster	status.workload	object	false	-	nullable	informational	workload-status	operator-owned	crd-schema,status-writer	none	required-if-changed	status.workload	Workload holds signals owned by the workload controller (infrastructure reconciliation).	-
OpenBaoCluster	status.workload.lastError	object	false	-	nullable	informational	workload-status	operator-owned	crd-schema,status-writer	none	required-if-changed	status.workload	LastError is the last workload-controller error observed for this cluster.	-
OpenBaoCluster	status.workload.lastError.at	string	false	-	format=date-time	informational	workload-status	operator-owned	crd-schema,status-writer	none	required-if-changed	status.workload	At is when the error was observed (best-effort).	-
OpenBaoCluster	status.workload.lastError.message	string	false	-	-	informational	workload-status	operator-owned	crd-schema,status-writer	none	required-if-changed	status.workload	Message is a human-readable error message (best-effort).	-
OpenBaoCluster	status.workload.lastError.reason	string	false	-	-	informational	workload-status	operator-owned	crd-schema,status-writer	none	required-if-changed	status.workload	Reason is a low-cardinality identifier for the error.	-
OpenBaoCluster	status.workload.policyReconciliation	object	false	-	-	informational	workload-status	operator-owned	crd-schema,status-writer	none	required-if-changed	status.workload	PolicyReconciliation records individual policy observations and retry scheduling.	-
OpenBaoCluster	status.workload.policyReconciliation.attemptedRevision	string	false	-	-	informational	workload-status	operator-owned	crd-schema,status-writer	none	required-if-changed	status.workload	AttemptedRevision identifies the bundle used for the last attempt.	-
OpenBaoCluster	status.workload.policyReconciliation.lastError	object	false	-	-	informational	workload-status	operator-owned	crd-schema,status-writer	none	required-if-changed	status.workload	LastError reports policy failures independently of infrastructure and Autopilot errors.	-
OpenBaoCluster	status.workload.policyReconciliation.lastError.at	string	false	-	format=date-time	informational	workload-status	operator-owned	crd-schema,status-writer	none	required-if-changed	status.workload	At is when the error was observed (best-effort).	-
OpenBaoCluster	status.workload.policyReconciliation.lastError.message	string	false	-	-	informational	workload-status	operator-owned	crd-schema,status-writer	none	required-if-changed	status.workload	Message is a human-readable error message (best-effort).	-
OpenBaoCluster	status.workload.policyReconciliation.lastError.reason	string	false	-	-	informational	workload-status	operator-owned	crd-schema,status-writer	none	required-if-changed	status.workload	Reason is a low-cardinality identifier for the error.	-
OpenBaoCluster	status.workload.policyReconciliation.lastVerified	string	false	-	format=date-time	informational	workload-status	operator-owned	crd-schema,status-writer	none	required-if-changed	status.workload	LastVerified is when the complete desired bundle was last verified or repaired.	-
OpenBaoCluster	status.workload.policyReconciliation.retryAfter	string	false	-	format=date-time	informational	workload-status	operator-owned	crd-schema,status-writer	none	required-if-changed	status.workload	RetryAfter delays policy requests after a failure, including during unrelated reconciles.	-
OpenBaoCluster	status.workload.policyReconciliation.revisions	object	false	-	additionalProperties=true	informational	workload-status	operator-owned	crd-schema,status-writer	none	required-if-changed	status.workload	Revisions contains the last verified content digest for each observed policy.	-
OpenBaoCluster	status.workload.policyReconciliation.revisions.*	string	false	-	-	informational	workload-status	operator-owned	crd-schema,status-writer	none	required-if-changed	status.workload	-	-
OpenBaoCluster	status.workload.policyRevision	string	false	-	-	informational	workload-status	operator-owned	crd-schema,status-writer	none	required-if-changed	status.workload	PolicyRevision identifies the last complete built-in policy bundle verified or repaired successfully.	-
OpenBaoRestore	spec	object	true	-	cel=[{"rule":"!has(self.cleanupAfterSeconds) || (has(self.targetLifecycle) \u0026\u0026 self.targetLifecycle == 'Disposable')","message":"cleanupAfterSeconds requires a disposable fresh target"},{"rule":"!has(self.clusterTemplate) || (has(self.targetLifecycle) \u0026\u0026 self.force \u0026\u0026 !has(self.tokenSecretRef) \u0026\u0026 !has(self.jwtAuthRole) \u0026\u0026 (!has(self.overrideOperationLock) || !self.overrideOperationLock) \u0026\u0026 has(self.source.expectedClusterID) \u0026\u0026 size(self.source.expectedClusterID) \u003e 0 \u0026\u0026 has(self.source.expectedVersion) \u0026\u0026 self.source.expectedVersion == self.clusterTemplate.version)","message":"fresh targets require a lifecycle, matching source identity/version, force, and generated JWT authentication"},{"rule":"has(self.clusterTemplate) || !has(self.targetLifecycle)","message":"targetLifecycle requires clusterTemplate"}]	schema-root	schema	-	crd-schema	-	-	schema-root	OpenBaoRestoreSpec defines the desired state for a restore operation.	-
OpenBaoRestore	spec.cleanupAfterSeconds	integer	false	-	format=int32; minimum=0; maximum=86400	additive-unfrozen	restore	immutable	crd-schema,admission-policy,restore-controller	none	required-if-changed	spec.cleanupAfterSeconds	CleanupAfterSeconds delays disposable target cleanup after snapshot application is confirmed.	-
OpenBaoRestore	spec.cluster	string	true	-	minLength=1	beta-stable	restore	immutable	crd-schema,admission-policy,restore-controller	none	required-if-changed	spec.cluster	Cluster is the name of the OpenBaoCluster to restore INTO.	-
OpenBaoRestore	spec.clusterTemplate	object	false	-	cel=[{"rule":"!has(self.initContainer) || self.initContainer.enabled","message":"restore targets require the configuration init container"},{"rule":"!has(self.plugins) || self.plugins.all(p, p.type == 'kms')","message":"restore target plugins are limited to KMS seal plugins"},{"rule":"!has(self.unseal.transit) || (has(self.unseal.credentialsSecretRef) \u0026\u0026 size(self.unseal.credentialsSecretRef.name) \u003e 0 \u0026\u0026 (!has(self.unseal.transit.token) || size(self.unseal.transit.token) == 0) \u0026\u0026 (!has(self.unseal.transit.tlsSkipVerify) || !self.unseal.transit.tlsSkipVerify))","message":"Transit restore targets require credential references and TLS verification"},{"rule":"self.tls.enabled \u0026\u0026 self.tls.mode in ['OperatorManaged', 'External'] \u0026\u0026 !has(self.tls.acme)","message":"restore targets require OperatorManaged or External TLS"},{"rule":"self.unseal.type != 'static' || (has(self.unseal.credentialsSecretRef) \u0026\u0026 size(self.unseal.credentialsSecretRef.name) \u003e 0)","message":"static restore targets require the snapshot's static key in credentialsSecretRef"},{"rule":"self.unseal.type in ['static', 'transit', 'kmip', 'kms'] || (has(self.plugins) \u0026\u0026 self.plugins.exists(p, p.type == 'kms' \u0026\u0026 p.name == self.unseal.type))","message":"OpenBao 2.7 restore targets require a matching KMS plugin for external seal providers"}]	additive-unfrozen	restore	immutable	crd-schema,admission-policy,restore-controller	none	required-if-changed	spec.clusterTemplate	ClusterTemplate creates a new single-voter target.	-
OpenBaoRestore	spec.clusterTemplate.image	string	false	-	-	additive-unfrozen	restore	immutable	crd-schema,admission-policy,restore-controller	none	required-if-changed	spec.clusterTemplate	Image defaults to the version-derived image.	-
OpenBaoRestore	spec.clusterTemplate.imagePullSecrets	array<object>	false	-	maxItems=2	additive-unfrozen	restore	immutable	crd-schema,admission-policy,restore-controller	none	required-if-changed	spec.clusterTemplate	-	-
OpenBaoRestore	spec.clusterTemplate.imagePullSecrets[]	object	false	-	x-kubernetes-map-type=atomic	additive-unfrozen	restore	immutable	crd-schema,admission-policy,restore-controller	none	required-if-changed	spec.clusterTemplate	LocalObjectReference contains enough information to let you locate the referenced object inside the same namespace.	-
OpenBaoRestore	spec.clusterTemplate.imagePullSecrets[].name	string	false	""	-	additive-unfrozen	restore	immutable	crd-schema,admission-policy,restore-controller	none	required-if-changed	spec.clusterTemplate	Name of the referent.	-
OpenBaoRestore	spec.clusterTemplate.initContainer	object	false	-	-	additive-unfrozen	restore	immutable	crd-schema,admission-policy,restore-controller	none	required-if-changed	spec.clusterTemplate	InitContainerConfig configures the init container used to render OpenBao configuration.	-
OpenBaoRestore	spec.clusterTemplate.initContainer.enabled	boolean	false	true	-	additive-unfrozen	restore	immutable	crd-schema,admission-policy,restore-controller	none	required-if-changed	spec.clusterTemplate	Enabled controls whether the init container is used to render the configuration.	-
OpenBaoRestore	spec.clusterTemplate.initContainer.image	string	false	-	-	additive-unfrozen	restore	immutable	crd-schema,admission-policy,restore-controller	none	required-if-changed	spec.clusterTemplate	Image is the container image to use for the init container.	-
OpenBaoRestore	spec.clusterTemplate.plugins	array<object>	false	-	-	additive-unfrozen	restore	immutable	crd-schema,admission-policy,restore-controller	none	required-if-changed	spec.clusterTemplate	Plugins declares KMS seal plugins required by Unseal.	-
OpenBaoRestore	spec.clusterTemplate.plugins[]	object	false	-	-	additive-unfrozen	restore	immutable	crd-schema,admission-policy,restore-controller	none	required-if-changed	spec.clusterTemplate	Plugin defines a declarative plugin configuration.	-
OpenBaoRestore	spec.clusterTemplate.plugins[].args	array<string>	false	-	-	additive-unfrozen	restore	immutable	crd-schema,admission-policy,restore-controller	none	required-if-changed	spec.clusterTemplate	Args are arguments to pass to the running plugin.	-
OpenBaoRestore	spec.clusterTemplate.plugins[].args[]	string	false	-	-	additive-unfrozen	restore	immutable	crd-schema,admission-policy,restore-controller	none	required-if-changed	spec.clusterTemplate	-	-
OpenBaoRestore	spec.clusterTemplate.plugins[].binaryName	string	false	-	minLength=1	additive-unfrozen	restore	immutable	crd-schema,admission-policy,restore-controller	none	required-if-changed	spec.clusterTemplate	BinaryName is the name of the plugin binary file within the OCI image.	-
OpenBaoRestore	spec.clusterTemplate.plugins[].command	string	false	-	-	additive-unfrozen	restore	immutable	crd-schema,admission-policy,restore-controller	none	required-if-changed	spec.clusterTemplate	Command is the command name of a manually downloaded plugin.	-
OpenBaoRestore	spec.clusterTemplate.plugins[].env	array<string>	false	-	-	additive-unfrozen	restore	immutable	crd-schema,admission-policy,restore-controller	none	required-if-changed	spec.clusterTemplate	Env are environment variables to pass to the running plugin.	-
OpenBaoRestore	spec.clusterTemplate.plugins[].env[]	string	false	-	-	additive-unfrozen	restore	immutable	crd-schema,admission-policy,restore-controller	none	required-if-changed	spec.clusterTemplate	-	-
OpenBaoRestore	spec.clusterTemplate.plugins[].image	string	false	-	-	additive-unfrozen	restore	immutable	crd-schema,admission-policy,restore-controller	none	required-if-changed	spec.clusterTemplate	Image is the OCI image URL including registry and repository.	-
OpenBaoRestore	spec.clusterTemplate.plugins[].name	string	true	-	minLength=1	additive-unfrozen	restore	immutable	crd-schema,admission-policy,restore-controller	none	required-if-changed	spec.clusterTemplate	Name is the name of the plugin.	-
OpenBaoRestore	spec.clusterTemplate.plugins[].sha256sum	string	false	-	pattern=^[0-9a-fA-F]{64}$; minLength=64; maxLength=64	additive-unfrozen	restore	immutable	crd-schema,admission-policy,restore-controller	none	required-if-changed	spec.clusterTemplate	SHA256Sum is the expected SHA256 checksum of the plugin binary.	-
OpenBaoRestore	spec.clusterTemplate.plugins[].type	string	true	-	minLength=1	additive-unfrozen	restore	immutable	crd-schema,admission-policy,restore-controller	none	required-if-changed	spec.clusterTemplate	Type is the plugin type (e.g., "secret", "auth").	-
OpenBaoRestore	spec.clusterTemplate.plugins[].version	string	false	-	minLength=1	additive-unfrozen	restore	immutable	crd-schema,admission-policy,restore-controller	none	required-if-changed	spec.clusterTemplate	Version is the plugin version and, when Image has no tag, the image tag.	-
OpenBaoRestore	spec.clusterTemplate.podMetadata	object	false	-	-	additive-unfrozen	restore	immutable	crd-schema,admission-policy,restore-controller	none	required-if-changed	spec.clusterTemplate	PodMetadata supplies provider-specific workload identity metadata.	-
OpenBaoRestore	spec.clusterTemplate.podMetadata.annotations	object	false	-	additionalProperties=true	additive-unfrozen	restore	immutable	crd-schema,admission-policy,restore-controller	none	required-if-changed	spec.clusterTemplate	Annotations are merged into the generated OpenBao Pod template annotations.	-
OpenBaoRestore	spec.clusterTemplate.podMetadata.annotations.*	string	false	-	-	additive-unfrozen	restore	immutable	crd-schema,admission-policy,restore-controller	none	required-if-changed	spec.clusterTemplate	-	-
OpenBaoRestore	spec.clusterTemplate.podMetadata.labels	object	false	-	additionalProperties=true	additive-unfrozen	restore	immutable	crd-schema,admission-policy,restore-controller	none	required-if-changed	spec.clusterTemplate	Labels are merged into the generated OpenBao Pod template labels.	-
OpenBaoRestore	spec.clusterTemplate.podMetadata.labels.*	string	false	-	-	additive-unfrozen	restore	immutable	crd-schema,admission-policy,restore-controller	none	required-if-changed	spec.clusterTemplate	-	-
OpenBaoRestore	spec.clusterTemplate.resources	object	false	-	-	additive-unfrozen	restore	immutable	crd-schema,admission-policy,restore-controller	none	required-if-changed	spec.clusterTemplate	ResourceRequirements describes the compute resource requirements.	-
OpenBaoRestore	spec.clusterTemplate.resources.claims	array<object>	false	-	x-kubernetes-list-type=map; x-kubernetes-list-map-keys=name	additive-unfrozen	restore	immutable	crd-schema,admission-policy,restore-controller	none	required-if-changed	spec.clusterTemplate	Claims lists the names of resources, defined in spec.resourceClaims, that are used by this container.	-
OpenBaoRestore	spec.clusterTemplate.resources.claims[]	object	false	-	-	additive-unfrozen	restore	immutable	crd-schema,admission-policy,restore-controller	none	required-if-changed	spec.clusterTemplate	ResourceClaim references one entry in PodSpec.ResourceClaims.	-
OpenBaoRestore	spec.clusterTemplate.resources.claims[].name	string	true	-	-	additive-unfrozen	restore	immutable	crd-schema,admission-policy,restore-controller	none	required-if-changed	spec.clusterTemplate	Name must match the name of one entry in pod.spec.resourceClaims of the Pod where this field is used.	-
OpenBaoRestore	spec.clusterTemplate.resources.claims[].request	string	false	-	-	additive-unfrozen	restore	immutable	crd-schema,admission-policy,restore-controller	none	required-if-changed	spec.clusterTemplate	Request is the name chosen for a request in the referenced claim.	-
OpenBaoRestore	spec.clusterTemplate.resources.limits	object	false	-	additionalProperties=true	additive-unfrozen	restore	immutable	crd-schema,admission-policy,restore-controller	none	required-if-changed	spec.clusterTemplate	Limits describes the maximum amount of compute resources allowed.	-
OpenBaoRestore	spec.clusterTemplate.resources.limits.*	anyOf	false	-	pattern=^(\+|-)?(([0-9]+(\.[0-9]*)?)|(\.[0-9]+))(([KMGTPE]i)|[numkMGTPE]|([eE](\+|-)?(([0-9]+(\.[0-9]*)?)|(\.[0-9]+))))?$; x-kubernetes-int-or-string	additive-unfrozen	restore	immutable	crd-schema,admission-policy,restore-controller	none	required-if-changed	spec.clusterTemplate	-	-
OpenBaoRestore	spec.clusterTemplate.resources.limits.*.anyOf[0]	integer	false	-	-	additive-unfrozen	restore	immutable	crd-schema,admission-policy,restore-controller	none	required-if-changed	spec.clusterTemplate	-	-
OpenBaoRestore	spec.clusterTemplate.resources.limits.*.anyOf[1]	string	false	-	-	additive-unfrozen	restore	immutable	crd-schema,admission-policy,restore-controller	none	required-if-changed	spec.clusterTemplate	-	-
OpenBaoRestore	spec.clusterTemplate.resources.requests	object	false	-	additionalProperties=true	additive-unfrozen	restore	immutable	crd-schema,admission-policy,restore-controller	none	required-if-changed	spec.clusterTemplate	Requests describes the minimum amount of compute resources required.	-
OpenBaoRestore	spec.clusterTemplate.resources.requests.*	anyOf	false	-	pattern=^(\+|-)?(([0-9]+(\.[0-9]*)?)|(\.[0-9]+))(([KMGTPE]i)|[numkMGTPE]|([eE](\+|-)?(([0-9]+(\.[0-9]*)?)|(\.[0-9]+))))?$; x-kubernetes-int-or-string	additive-unfrozen	restore	immutable	crd-schema,admission-policy,restore-controller	none	required-if-changed	spec.clusterTemplate	-	-
OpenBaoRestore	spec.clusterTemplate.resources.requests.*.anyOf[0]	integer	false	-	-	additive-unfrozen	restore	immutable	crd-schema,admission-policy,restore-controller	none	required-if-changed	spec.clusterTemplate	-	-
OpenBaoRestore	spec.clusterTemplate.resources.requests.*.anyOf[1]	string	false	-	-	additive-unfrozen	restore	immutable	crd-schema,admission-policy,restore-controller	none	required-if-changed	spec.clusterTemplate	-	-
OpenBaoRestore	spec.clusterTemplate.serviceAccount	object	false	-	-	additive-unfrozen	restore	immutable	crd-schema,admission-policy,restore-controller	none	required-if-changed	spec.clusterTemplate	ServiceAccount configures credentials supplied through workload identity.	-
OpenBaoRestore	spec.clusterTemplate.serviceAccount.annotations	object	false	-	additionalProperties=true	additive-unfrozen	restore	immutable	crd-schema,admission-policy,restore-controller	none	required-if-changed	spec.clusterTemplate	Annotations to add to the ServiceAccount.	-
OpenBaoRestore	spec.clusterTemplate.serviceAccount.annotations.*	string	false	-	-	additive-unfrozen	restore	immutable	crd-schema,admission-policy,restore-controller	none	required-if-changed	spec.clusterTemplate	-	-
OpenBaoRestore	spec.clusterTemplate.serviceAccount.name	string	false	-	-	additive-unfrozen	restore	immutable	crd-schema,admission-policy,restore-controller	none	required-if-changed	spec.clusterTemplate	Name overrides the generated ServiceAccount name.	-
OpenBaoRestore	spec.clusterTemplate.storage	object	true	-	-	additive-unfrozen	restore	immutable	crd-schema,admission-policy,restore-controller	none	required-if-changed	spec.clusterTemplate	StorageConfig captures storage-related configuration for the StatefulSet.	-
OpenBaoRestore	spec.clusterTemplate.storage.size	string	true	-	minLength=1	additive-unfrozen	restore	immutable	crd-schema,admission-policy,restore-controller	none	required-if-changed	spec.clusterTemplate	Size is the requested persistent volume size, for example "10Gi".	-
OpenBaoRestore	spec.clusterTemplate.storage.storageClassName	string	false	-	-	additive-unfrozen	restore	immutable	crd-schema,admission-policy,restore-controller	none	required-if-changed	spec.clusterTemplate	StorageClassName is an optional StorageClass for the PVCs.	-
OpenBaoRestore	spec.clusterTemplate.tls	object	true	-	-	additive-unfrozen	restore	immutable	crd-schema,admission-policy,restore-controller	none	required-if-changed	spec.clusterTemplate	TLSConfig captures TLS configuration for an OpenBaoCluster.	-
OpenBaoRestore	spec.clusterTemplate.tls.acme	object	false	-	-	additive-unfrozen	restore	immutable	crd-schema,admission-policy,restore-controller	none	required-if-changed	spec.clusterTemplate	ACME configures settings when Mode is 'ACME'.	-
OpenBaoRestore	spec.clusterTemplate.tls.acme.directoryURL	string	true	-	minLength=1	additive-unfrozen	restore	immutable	crd-schema,admission-policy,restore-controller	none	required-if-changed	spec.clusterTemplate	DirectoryURL is the ACME directory URL (e.g., "https://acme-v02.api.letsencrypt.org/directory").	-
OpenBaoRestore	spec.clusterTemplate.tls.acme.domains	array<string>	false	-	minItems=1	additive-unfrozen	restore	immutable	crd-schema,admission-policy,restore-controller	none	required-if-changed	spec.clusterTemplate	Domains is the list of domain names for which to obtain the certificate.	-
OpenBaoRestore	spec.clusterTemplate.tls.acme.domains[]	string	false	-	-	additive-unfrozen	restore	immutable	crd-schema,admission-policy,restore-controller	none	required-if-changed	spec.clusterTemplate	-	-
OpenBaoRestore	spec.clusterTemplate.tls.acme.email	string	false	-	-	additive-unfrozen	restore	immutable	crd-schema,admission-policy,restore-controller	none	required-if-changed	spec.clusterTemplate	Email is the email address to use for ACME registration.	-
OpenBaoRestore	spec.clusterTemplate.tls.acme.sharedCache	object	false	-	cel=[{"rule":"self.mode != 'ExistingPVC' || !has(self.size) || size(self.size) == 0","message":"tls.acme.sharedCache.size is only supported when mode is ManagedPVC"},{"rule":"self.mode != 'ExistingPVC' || !has(self.storageClassName) || size(self.storageClassName) == 0","message":"tls.acme.sharedCache.storageClassName is only supported when mode is ManagedPVC"},{"rule":"self.mode != 'ExistingPVC' || size(self.existingClaimName) \u003e 0","message":"tls.acme.sharedCache.existingClaimName is required when mode is ExistingPVC"},{"rule":"self.mode != 'ManagedPVC' || !has(self.existingClaimName) || size(self.existingClaimName) == 0","message":"tls.acme.sharedCache.existingClaimName is only supported when mode is ExistingPVC"},{"rule":"self.mode != 'ManagedPVC' || size(self.size) \u003e 0","message":"tls.acme.sharedCache.size is required when mode is ManagedPVC"}]	additive-unfrozen	restore	immutable	crd-schema,admission-policy,restore-controller	none	required-if-changed	spec.clusterTemplate	SharedCache configures a filesystem cache shared across OpenBao replicas for ACME account and certificate state.	-
OpenBaoRestore	spec.clusterTemplate.tls.acme.sharedCache.existingClaimName	string	false	-	minLength=1	additive-unfrozen	restore	immutable	crd-schema,admission-policy,restore-controller	none	required-if-changed	spec.clusterTemplate	ExistingClaimName is the name of a pre-created RWX PVC in the same namespace.	-
OpenBaoRestore	spec.clusterTemplate.tls.acme.sharedCache.mode	string	true	-	enum="ManagedPVC","ExistingPVC"	additive-unfrozen	restore	immutable	crd-schema,admission-policy,restore-controller	none	required-if-changed	spec.clusterTemplate	Mode selects whether the operator creates a dedicated RWX PVC or mounts an existing one.	-
OpenBaoRestore	spec.clusterTemplate.tls.acme.sharedCache.size	string	false	-	minLength=1	additive-unfrozen	restore	immutable	crd-schema,admission-policy,restore-controller	none	required-if-changed	spec.clusterTemplate	Size is the requested capacity for the managed ACME cache PVC.	-
OpenBaoRestore	spec.clusterTemplate.tls.acme.sharedCache.storageClassName	string	false	-	-	additive-unfrozen	restore	immutable	crd-schema,admission-policy,restore-controller	none	required-if-changed	spec.clusterTemplate	StorageClassName is an optional StorageClass for the managed ACME cache PVC.	-
OpenBaoRestore	spec.clusterTemplate.tls.enabled	boolean	true	-	-	additive-unfrozen	restore	immutable	crd-schema,admission-policy,restore-controller	none	required-if-changed	spec.clusterTemplate	Enabled controls whether TLS is enabled for the cluster.	-
OpenBaoRestore	spec.clusterTemplate.tls.extraSANs	array<string>	false	-	-	additive-unfrozen	restore	immutable	crd-schema,admission-policy,restore-controller	none	required-if-changed	spec.clusterTemplate	ExtraSANs lists additional subject alternative names for server certificates.	-
OpenBaoRestore	spec.clusterTemplate.tls.extraSANs[]	string	false	-	-	additive-unfrozen	restore	immutable	crd-schema,admission-policy,restore-controller	none	required-if-changed	spec.clusterTemplate	-	-
OpenBaoRestore	spec.clusterTemplate.tls.mode	string	false	"OperatorManaged"	-	additive-unfrozen	restore	immutable	crd-schema,admission-policy,restore-controller	none	required-if-changed	spec.clusterTemplate	Mode controls who manages the certificate lifecycle.	-
OpenBaoRestore	spec.clusterTemplate.tls.mode.allOf[0]	unknown	false	-	enum="OperatorManaged","External","ACME"	additive-unfrozen	restore	immutable	crd-schema,admission-policy,restore-controller	none	required-if-changed	spec.clusterTemplate	-	-
OpenBaoRestore	spec.clusterTemplate.tls.mode.allOf[1]	unknown	false	-	enum="OperatorManaged","External","ACME"	additive-unfrozen	restore	immutable	crd-schema,admission-policy,restore-controller	none	required-if-changed	spec.clusterTemplate	-	-
OpenBaoRestore	spec.clusterTemplate.tls.rotationPeriod	string	false	-	minLength=1	additive-unfrozen	restore	immutable	crd-schema,admission-policy,restore-controller	none	required-if-changed	spec.clusterTemplate	RotationPeriod is a duration string (for example, "720h") controlling certificate rotation.	-
OpenBaoRestore	spec.clusterTemplate.unseal	object	true	-	cel=[{"rule":"self.type == 'awskms' || !has(self.awskms)","message":"spec.unseal.awskms is only supported when spec.unseal.type is awskms"},{"rule":"self.type == 'azurekeyvault' || !has(self.azureKeyVault)","message":"spec.unseal.azureKeyVault is only supported when spec.unseal.type is azurekeyvault"},{"rule":"self.type == 'gcpckms' || !has(self.gcpCloudKMS)","message":"spec.unseal.gcpCloudKMS is only supported when spec.unseal.type is gcpckms"},{"rule":"self.type == 'kmip' || !has(self.kmip)","message":"spec.unseal.kmip is only supported when spec.unseal.type is kmip"},{"rule":"self.type == 'kms' || !has(self.kms)","message":"spec.unseal.kms is only supported when spec.unseal.type is kms"},{"rule":"self.type == 'ocikms' || !has(self.ocikms)","message":"spec.unseal.ocikms is only supported when spec.unseal.type is ocikms"},{"rule":"self.type == 'pkcs11' || !has(self.pkcs11)","message":"spec.unseal.pkcs11 is only supported when spec.unseal.type is pkcs11"},{"rule":"self.type == 'static' || !has(self.static)","message":"spec.unseal.static is only supported when spec.unseal.type is static"},{"rule":"self.type == 'static' || (self.type == 'transit' \u0026\u0026 has(self.transit)) || (self.type == 'awskms' \u0026\u0026 has(self.awskms)) || (self.type == 'azurekeyvault' \u0026\u0026 has(self.azureKeyVault)) || (self.type == 'gcpckms' \u0026\u0026 has(self.gcpCloudKMS)) || (self.type == 'kmip' \u0026\u0026 has(self.kmip)) || (self.type == 'kms' \u0026\u0026 has(self.kms)) || (self.type == 'ocikms' \u0026\u0026 has(self.ocikms)) || (self.type == 'pkcs11' \u0026\u0026 has(self.pkcs11))","message":"the selected spec.unseal.type requires its matching configuration block"},{"rule":"self.type == 'transit' || !has(self.transit)","message":"spec.unseal.transit is only supported when spec.unseal.type is transit"}]	additive-unfrozen	restore	immutable	crd-schema,admission-policy,restore-controller	none	required-if-changed	spec.clusterTemplate	Unseal uses the same provider configuration as OpenBaoCluster.	-
OpenBaoRestore	spec.clusterTemplate.unseal.awskms	object	false	-	-	additive-unfrozen	restore	immutable	crd-schema,admission-policy,restore-controller	none	required-if-changed	spec.clusterTemplate	AWSKMS configures the AWS KMS seal type.	-
OpenBaoRestore	spec.clusterTemplate.unseal.awskms.accessKey	string	false	-	-	additive-unfrozen	restore	immutable	crd-schema,admission-policy,restore-controller	none	required-if-changed	spec.clusterTemplate	AccessKey is the AWS access key ID to use.	-
OpenBaoRestore	spec.clusterTemplate.unseal.awskms.endpoint	string	false	-	-	additive-unfrozen	restore	immutable	crd-schema,admission-policy,restore-controller	none	required-if-changed	spec.clusterTemplate	Endpoint is the KMS API endpoint to be used for AWS KMS requests.	-
OpenBaoRestore	spec.clusterTemplate.unseal.awskms.kmsKeyID	string	true	-	minLength=1	additive-unfrozen	restore	immutable	crd-schema,admission-policy,restore-controller	none	required-if-changed	spec.clusterTemplate	KMSKeyID is the AWS KMS key ID or ARN to use for encryption and decryption.	-
OpenBaoRestore	spec.clusterTemplate.unseal.awskms.region	string	true	-	minLength=1	additive-unfrozen	restore	immutable	crd-schema,admission-policy,restore-controller	none	required-if-changed	spec.clusterTemplate	Region is the AWS region where the encryption key lives.	-
OpenBaoRestore	spec.clusterTemplate.unseal.awskms.secretKey	string	false	-	-	additive-unfrozen	restore	immutable	crd-schema,admission-policy,restore-controller	none	required-if-changed	spec.clusterTemplate	SecretKey is the AWS secret access key to use.	-
OpenBaoRestore	spec.clusterTemplate.unseal.awskms.sessionToken	string	false	-	-	additive-unfrozen	restore	immutable	crd-schema,admission-policy,restore-controller	none	required-if-changed	spec.clusterTemplate	SessionToken specifies the AWS session token.	-
OpenBaoRestore	spec.clusterTemplate.unseal.azureKeyVault	object	false	-	-	additive-unfrozen	restore	immutable	crd-schema,admission-policy,restore-controller	none	required-if-changed	spec.clusterTemplate	AzureKeyVault configures the Azure Key Vault seal type.	-
OpenBaoRestore	spec.clusterTemplate.unseal.azureKeyVault.clientID	string	false	-	-	additive-unfrozen	restore	immutable	crd-schema,admission-policy,restore-controller	none	required-if-changed	spec.clusterTemplate	ClientID is the Azure client ID.	-
OpenBaoRestore	spec.clusterTemplate.unseal.azureKeyVault.clientSecret	string	false	-	-	additive-unfrozen	restore	immutable	crd-schema,admission-policy,restore-controller	none	required-if-changed	spec.clusterTemplate	ClientSecret is the Azure client secret.	-
OpenBaoRestore	spec.clusterTemplate.unseal.azureKeyVault.environment	string	false	-	-	additive-unfrozen	restore	immutable	crd-schema,admission-policy,restore-controller	none	required-if-changed	spec.clusterTemplate	Environment is the Azure environment (e.g., "AzurePublicCloud", "AzureUSGovernmentCloud").	-
OpenBaoRestore	spec.clusterTemplate.unseal.azureKeyVault.keyName	string	true	-	minLength=1	additive-unfrozen	restore	immutable	crd-schema,admission-policy,restore-controller	none	required-if-changed	spec.clusterTemplate	KeyName is the name of the key in the Azure Key Vault.	-
OpenBaoRestore	spec.clusterTemplate.unseal.azureKeyVault.resource	string	false	-	-	additive-unfrozen	restore	immutable	crd-schema,admission-policy,restore-controller	none	required-if-changed	spec.clusterTemplate	Resource is the Azure AD resource endpoint.	-
OpenBaoRestore	spec.clusterTemplate.unseal.azureKeyVault.tenantID	string	false	-	-	additive-unfrozen	restore	immutable	crd-schema,admission-policy,restore-controller	none	required-if-changed	spec.clusterTemplate	TenantID is the Azure tenant ID.	-
OpenBaoRestore	spec.clusterTemplate.unseal.azureKeyVault.vaultName	string	true	-	minLength=1	additive-unfrozen	restore	immutable	crd-schema,admission-policy,restore-controller	none	required-if-changed	spec.clusterTemplate	VaultName is the name of the Azure Key Vault.	-
OpenBaoRestore	spec.clusterTemplate.unseal.credentialsSecretRef	object	false	-	x-kubernetes-map-type=atomic	additive-unfrozen	restore	immutable	crd-schema,admission-policy,restore-controller	none	required-if-changed	spec.clusterTemplate	CredentialsSecretRef references a Secret containing provider credentials (for example AWS access keys, GCP credentials.json, Azure client-secret keys, OCI SDK config for authTypeAPIKey mode, or plugin-backed KMS runtime files).	-
OpenBaoRestore	spec.clusterTemplate.unseal.credentialsSecretRef.name	string	false	""	-	additive-unfrozen	restore	immutable	crd-schema,admission-policy,restore-controller	none	required-if-changed	spec.clusterTemplate	Name of the referent.	-
OpenBaoRestore	spec.clusterTemplate.unseal.gcpCloudKMS	object	false	-	-	additive-unfrozen	restore	immutable	crd-schema,admission-policy,restore-controller	none	required-if-changed	spec.clusterTemplate	GCPCloudKMS configures the GCP Cloud KMS seal type.	-
OpenBaoRestore	spec.clusterTemplate.unseal.gcpCloudKMS.credentials	string	false	-	-	additive-unfrozen	restore	immutable	crd-schema,admission-policy,restore-controller	none	required-if-changed	spec.clusterTemplate	Credentials is the path to the GCP credentials JSON file.	-
OpenBaoRestore	spec.clusterTemplate.unseal.gcpCloudKMS.cryptoKey	string	true	-	minLength=1	additive-unfrozen	restore	immutable	crd-schema,admission-policy,restore-controller	none	required-if-changed	spec.clusterTemplate	CryptoKey is the name of the GCP KMS crypto key.	-
OpenBaoRestore	spec.clusterTemplate.unseal.gcpCloudKMS.keyRing	string	true	-	minLength=1	additive-unfrozen	restore	immutable	crd-schema,admission-policy,restore-controller	none	required-if-changed	spec.clusterTemplate	KeyRing is the name of the GCP KMS key ring.	-
OpenBaoRestore	spec.clusterTemplate.unseal.gcpCloudKMS.project	string	true	-	minLength=1	additive-unfrozen	restore	immutable	crd-schema,admission-policy,restore-controller	none	required-if-changed	spec.clusterTemplate	Project is the GCP project ID.	-
OpenBaoRestore	spec.clusterTemplate.unseal.gcpCloudKMS.region	string	true	-	minLength=1	additive-unfrozen	restore	immutable	crd-schema,admission-policy,restore-controller	none	required-if-changed	spec.clusterTemplate	Region is the GCP region where the key ring lives.	-
OpenBaoRestore	spec.clusterTemplate.unseal.kmip	object	false	-	-	additive-unfrozen	restore	immutable	crd-schema,admission-policy,restore-controller	none	required-if-changed	spec.clusterTemplate	KMIP configures the KMIP seal type.	-
OpenBaoRestore	spec.clusterTemplate.unseal.kmip.caCert	string	false	-	-	additive-unfrozen	restore	immutable	crd-schema,admission-policy,restore-controller	none	required-if-changed	spec.clusterTemplate	CACert is the path to the CA certificate for KMIP communication.	-
OpenBaoRestore	spec.clusterTemplate.unseal.kmip.clientCert	string	true	-	minLength=1	additive-unfrozen	restore	immutable	crd-schema,admission-policy,restore-controller	none	required-if-changed	spec.clusterTemplate	ClientCert is the path to the client certificate used for KMIP communication.	-
OpenBaoRestore	spec.clusterTemplate.unseal.kmip.clientKey	string	true	-	minLength=1	additive-unfrozen	restore	immutable	crd-schema,admission-policy,restore-controller	none	required-if-changed	spec.clusterTemplate	ClientKey is the path to the private key used for KMIP communication.	-
OpenBaoRestore	spec.clusterTemplate.unseal.kmip.disabled	boolean	false	-	-	additive-unfrozen	restore	immutable	crd-schema,admission-policy,restore-controller	none	required-if-changed	spec.clusterTemplate	Disabled disables this seal configuration, for example during seal migration.	-
OpenBaoRestore	spec.clusterTemplate.unseal.kmip.encryptAlg	string	false	-	enum="AES_GCM","RSA_OAEP_SHA256","RSA_OAEP_SHA384","RSA_OAEP_SHA512"	additive-unfrozen	restore	immutable	crd-schema,admission-policy,restore-controller	none	required-if-changed	spec.clusterTemplate	EncryptAlg is the encryption algorithm used for KMIP requests.	-
OpenBaoRestore	spec.clusterTemplate.unseal.kmip.endpoint	string	true	-	minLength=1	additive-unfrozen	restore	immutable	crd-schema,admission-policy,restore-controller	none	required-if-changed	spec.clusterTemplate	Endpoint is the KMIP server endpoint.	-
OpenBaoRestore	spec.clusterTemplate.unseal.kmip.kmsKeyID	string	true	-	minLength=1	additive-unfrozen	restore	immutable	crd-schema,admission-policy,restore-controller	none	required-if-changed	spec.clusterTemplate	KMSKeyID is the unique identifier of the KMIP key to use.	-
OpenBaoRestore	spec.clusterTemplate.unseal.kmip.serverName	string	false	-	-	additive-unfrozen	restore	immutable	crd-schema,admission-policy,restore-controller	none	required-if-changed	spec.clusterTemplate	ServerName is the TLS server name to use when connecting to the KMIP endpoint.	-
OpenBaoRestore	spec.clusterTemplate.unseal.kmip.timeout	integer	false	-	format=int32; minimum=1	additive-unfrozen	restore	immutable	crd-schema,admission-policy,restore-controller	none	required-if-changed	spec.clusterTemplate	Timeout is the timeout in seconds for KMIP requests.	-
OpenBaoRestore	spec.clusterTemplate.unseal.kmip.tls12Ciphers	string	false	-	-	additive-unfrozen	restore	immutable	crd-schema,admission-policy,restore-controller	none	required-if-changed	spec.clusterTemplate	TLS12Ciphers configures the TLS 1.2 cipher suites to use when connecting to the KMIP endpoint.	-
OpenBaoRestore	spec.clusterTemplate.unseal.kms	object	false	-	-	additive-unfrozen	restore	immutable	crd-schema,admission-policy,restore-controller	none	required-if-changed	spec.clusterTemplate	KMS configures a plugin-backed KMS seal.	-
OpenBaoRestore	spec.clusterTemplate.unseal.kms.config	object	false	-	maxProperties=64; additionalProperties=true	additive-unfrozen	restore	immutable	crd-schema,admission-policy,restore-controller	none	required-if-changed	spec.clusterTemplate	Config contains plugin-specific seal configuration rendered as string attributes inside seal "<pluginName>".	-
OpenBaoRestore	spec.clusterTemplate.unseal.kms.config.*	string	false	-	-	additive-unfrozen	restore	immutable	crd-schema,admission-policy,restore-controller	none	required-if-changed	spec.clusterTemplate	-	-
OpenBaoRestore	spec.clusterTemplate.unseal.kms.pluginName	string	true	-	minLength=1	additive-unfrozen	restore	immutable	crd-schema,admission-policy,restore-controller	none	required-if-changed	spec.clusterTemplate	PluginName is the name of the plugin registered through a matching plugin "kms" stanza.	-
OpenBaoRestore	spec.clusterTemplate.unseal.ocikms	object	false	-	-	additive-unfrozen	restore	immutable	crd-schema,admission-policy,restore-controller	none	required-if-changed	spec.clusterTemplate	OCIKMS configures the OCI KMS seal type.	-
OpenBaoRestore	spec.clusterTemplate.unseal.ocikms.authTypeAPIKey	boolean	false	-	-	additive-unfrozen	restore	immutable	crd-schema,admission-policy,restore-controller	none	required-if-changed	spec.clusterTemplate	AuthTypeAPIKey enables OCI API key authentication through an OCI SDK config file.	-
OpenBaoRestore	spec.clusterTemplate.unseal.ocikms.cryptoEndpoint	string	true	-	minLength=1	additive-unfrozen	restore	immutable	crd-schema,admission-policy,restore-controller	none	required-if-changed	spec.clusterTemplate	CryptoEndpoint is the OCI KMS crypto endpoint.	-
OpenBaoRestore	spec.clusterTemplate.unseal.ocikms.disabled	boolean	false	-	-	additive-unfrozen	restore	immutable	crd-schema,admission-policy,restore-controller	none	required-if-changed	spec.clusterTemplate	Disabled disables this seal configuration, for example during seal migration.	-
OpenBaoRestore	spec.clusterTemplate.unseal.ocikms.keyID	string	true	-	minLength=1	additive-unfrozen	restore	immutable	crd-schema,admission-policy,restore-controller	none	required-if-changed	spec.clusterTemplate	KeyID is the OCID of the master encryption key.	-
OpenBaoRestore	spec.clusterTemplate.unseal.ocikms.managementEndpoint	string	true	-	minLength=1	additive-unfrozen	restore	immutable	crd-schema,admission-policy,restore-controller	none	required-if-changed	spec.clusterTemplate	ManagementEndpoint is the OCI KMS management endpoint.	-
OpenBaoRestore	spec.clusterTemplate.unseal.pkcs11	object	false	-	cel=[{"rule":"!(has(self.slot) \u0026\u0026 size(self.slot) \u003e 0 \u0026\u0026 has(self.tokenLabel) \u0026\u0026 size(self.tokenLabel) \u003e 0)","message":"spec.unseal.pkcs11.slot and spec.unseal.pkcs11.tokenLabel are mutually exclusive"},{"rule":"(has(self.slot) \u0026\u0026 size(self.slot) \u003e 0) || (has(self.tokenLabel) \u0026\u0026 size(self.tokenLabel) \u003e 0)","message":"spec.unseal.pkcs11.slot or spec.unseal.pkcs11.tokenLabel is required"}]	additive-unfrozen	restore	immutable	crd-schema,admission-policy,restore-controller	none	required-if-changed	spec.clusterTemplate	PKCS11 configures the PKCS#11 seal type.	-
OpenBaoRestore	spec.clusterTemplate.unseal.pkcs11.disableSoftwareEncryption	boolean	false	-	-	additive-unfrozen	restore	immutable	crd-schema,admission-policy,restore-controller	none	required-if-changed	spec.clusterTemplate	DisableSoftwareEncryption disables the software encryption fallback.	-
OpenBaoRestore	spec.clusterTemplate.unseal.pkcs11.disabled	boolean	false	-	-	additive-unfrozen	restore	immutable	crd-schema,admission-policy,restore-controller	none	required-if-changed	spec.clusterTemplate	Disabled disables this seal configuration, for example during seal migration.	-
OpenBaoRestore	spec.clusterTemplate.unseal.pkcs11.keyID	string	false	-	-	additive-unfrozen	restore	immutable	crd-schema,admission-policy,restore-controller	none	required-if-changed	spec.clusterTemplate	KeyID is the PKCS#11 key identifier to use instead of KeyLabel.	-
OpenBaoRestore	spec.clusterTemplate.unseal.pkcs11.keyLabel	string	true	-	minLength=1	additive-unfrozen	restore	immutable	crd-schema,admission-policy,restore-controller	none	required-if-changed	spec.clusterTemplate	KeyLabel is the label for the encryption key used by OpenBao.	-
OpenBaoRestore	spec.clusterTemplate.unseal.pkcs11.lib	string	true	-	minLength=1	additive-unfrozen	restore	immutable	crd-schema,admission-policy,restore-controller	none	required-if-changed	spec.clusterTemplate	Lib is the path to the PKCS#11 library provided by the HSM vendor.	-
OpenBaoRestore	spec.clusterTemplate.unseal.pkcs11.mechanism	string	false	-	-	additive-unfrozen	restore	immutable	crd-schema,admission-policy,restore-controller	none	required-if-changed	spec.clusterTemplate	Mechanism overrides the PKCS#11 wrapping or encryption mechanism.	-
OpenBaoRestore	spec.clusterTemplate.unseal.pkcs11.pin	string	false	-	-	additive-unfrozen	restore	immutable	crd-schema,admission-policy,restore-controller	none	required-if-changed	spec.clusterTemplate	PIN is the PIN for accessing the HSM token.	-
OpenBaoRestore	spec.clusterTemplate.unseal.pkcs11.rsaOAEPHash	string	false	-	enum="sha1","sha224","sha256","sha384","sha512"	additive-unfrozen	restore	immutable	crd-schema,admission-policy,restore-controller	none	required-if-changed	spec.clusterTemplate	RSAOAEPHash specifies the hash algorithm to use for RSA with OAEP padding.	-
OpenBaoRestore	spec.clusterTemplate.unseal.pkcs11.runtime	object	false	-	-	additive-unfrozen	restore	immutable	crd-schema,admission-policy,restore-controller	none	required-if-changed	spec.clusterTemplate	Runtime configures local PKCS#11 vendor runtime wiring such as library lookup paths and environment variables sourced from credentialsSecretRef.	-
OpenBaoRestore	spec.clusterTemplate.unseal.pkcs11.runtime.env	array<object>	false	-	maxItems=16	additive-unfrozen	restore	immutable	crd-schema,admission-policy,restore-controller	none	required-if-changed	spec.clusterTemplate	Env exposes literal environment variables from keys in spec.unseal.credentialsSecretRef.	-
OpenBaoRestore	spec.clusterTemplate.unseal.pkcs11.runtime.env[]	object	false	-	-	additive-unfrozen	restore	immutable	crd-schema,admission-policy,restore-controller	none	required-if-changed	spec.clusterTemplate	PKCS11RuntimeEnvVar maps a PKCS#11 runtime environment variable to a key in spec.unseal.credentialsSecretRef.	-
OpenBaoRestore	spec.clusterTemplate.unseal.pkcs11.runtime.env[].name	string	true	-	pattern=^[A-Za-z_][A-Za-z0-9_]*$	additive-unfrozen	restore	immutable	crd-schema,admission-policy,restore-controller	none	required-if-changed	spec.clusterTemplate	Name is the environment variable name to expose to the OpenBao process.	-
OpenBaoRestore	spec.clusterTemplate.unseal.pkcs11.runtime.env[].secretKey	string	true	-	pattern=^[-._A-Za-z0-9]+$; minLength=1	additive-unfrozen	restore	immutable	crd-schema,admission-policy,restore-controller	none	required-if-changed	spec.clusterTemplate	SecretKey is the key in spec.unseal.credentialsSecretRef to source as the environment variable value.	-
OpenBaoRestore	spec.clusterTemplate.unseal.pkcs11.runtime.fileEnv	array<object>	false	-	maxItems=16	additive-unfrozen	restore	immutable	crd-schema,admission-policy,restore-controller	none	required-if-changed	spec.clusterTemplate	FileEnv exposes environment variables whose values are paths to files mounted from keys in spec.unseal.credentialsSecretRef.	-
OpenBaoRestore	spec.clusterTemplate.unseal.pkcs11.runtime.fileEnv[]	object	false	-	-	additive-unfrozen	restore	immutable	crd-schema,admission-policy,restore-controller	none	required-if-changed	spec.clusterTemplate	PKCS11RuntimeFileEnvVar maps a PKCS#11 runtime environment variable to the mounted file path for a key in spec.unseal.credentialsSecretRef.	-
OpenBaoRestore	spec.clusterTemplate.unseal.pkcs11.runtime.fileEnv[].name	string	true	-	pattern=^[A-Za-z_][A-Za-z0-9_]*$	additive-unfrozen	restore	immutable	crd-schema,admission-policy,restore-controller	none	required-if-changed	spec.clusterTemplate	Name is the environment variable name to expose to the OpenBao process.	-
OpenBaoRestore	spec.clusterTemplate.unseal.pkcs11.runtime.fileEnv[].secretKey	string	true	-	pattern=^[-._A-Za-z0-9]+$; minLength=1	additive-unfrozen	restore	immutable	crd-schema,admission-policy,restore-controller	none	required-if-changed	spec.clusterTemplate	SecretKey is the key in spec.unseal.credentialsSecretRef whose mounted file path should become the environment variable value.	-
OpenBaoRestore	spec.clusterTemplate.unseal.pkcs11.runtime.libraryPath	string	false	-	-	additive-unfrozen	restore	immutable	crd-schema,admission-policy,restore-controller	none	required-if-changed	spec.clusterTemplate	LibraryPath sets LD_LIBRARY_PATH for the OpenBao process.	-
OpenBaoRestore	spec.clusterTemplate.unseal.pkcs11.slot	string	false	-	-	additive-unfrozen	restore	immutable	crd-schema,admission-policy,restore-controller	none	required-if-changed	spec.clusterTemplate	Slot is the slot number where the HSM token is located.	-
OpenBaoRestore	spec.clusterTemplate.unseal.pkcs11.tokenLabel	string	false	-	-	additive-unfrozen	restore	immutable	crd-schema,admission-policy,restore-controller	none	required-if-changed	spec.clusterTemplate	TokenLabel is the token label of the HSM slot to use instead of Slot.	-
OpenBaoRestore	spec.clusterTemplate.unseal.static	object	false	-	-	additive-unfrozen	restore	immutable	crd-schema,admission-policy,restore-controller	none	required-if-changed	spec.clusterTemplate	Static configures the static seal type.	-
OpenBaoRestore	spec.clusterTemplate.unseal.static.currentKey	string	false	-	-	additive-unfrozen	restore	immutable	crd-schema,admission-policy,restore-controller	none	required-if-changed	spec.clusterTemplate	CurrentKey is the path to the static unseal key file.	-
OpenBaoRestore	spec.clusterTemplate.unseal.static.currentKeyID	string	false	-	-	additive-unfrozen	restore	immutable	crd-schema,admission-policy,restore-controller	none	required-if-changed	spec.clusterTemplate	CurrentKeyID is the identifier for the current unseal key.	-
OpenBaoRestore	spec.clusterTemplate.unseal.transit	object	false	-	-	additive-unfrozen	restore	immutable	crd-schema,admission-policy,restore-controller	none	required-if-changed	spec.clusterTemplate	Transit configures the Transit seal type.	-
OpenBaoRestore	spec.clusterTemplate.unseal.transit.address	string	true	-	minLength=1	additive-unfrozen	restore	immutable	crd-schema,admission-policy,restore-controller	none	required-if-changed	spec.clusterTemplate	Address is the full HTTPS address to the OpenBao cluster providing the Transit seal.	-
OpenBaoRestore	spec.clusterTemplate.unseal.transit.disableRenewal	boolean	false	-	-	additive-unfrozen	restore	immutable	crd-schema,admission-policy,restore-controller	none	required-if-changed	spec.clusterTemplate	DisableRenewal disables automatic token renewal.	-
OpenBaoRestore	spec.clusterTemplate.unseal.transit.keyName	string	true	-	minLength=1	additive-unfrozen	restore	immutable	crd-schema,admission-policy,restore-controller	none	required-if-changed	spec.clusterTemplate	KeyName is the transit key to use for encryption and decryption.	-
OpenBaoRestore	spec.clusterTemplate.unseal.transit.mountPath	string	true	-	minLength=1	additive-unfrozen	restore	immutable	crd-schema,admission-policy,restore-controller	none	required-if-changed	spec.clusterTemplate	MountPath is the mount path to the transit secret engine.	-
OpenBaoRestore	spec.clusterTemplate.unseal.transit.namespace	string	false	-	-	additive-unfrozen	restore	immutable	crd-schema,admission-policy,restore-controller	none	required-if-changed	spec.clusterTemplate	Namespace is the namespace path to the transit secret engine.	-
OpenBaoRestore	spec.clusterTemplate.unseal.transit.tlsCACert	string	false	-	-	additive-unfrozen	restore	immutable	crd-schema,admission-policy,restore-controller	none	required-if-changed	spec.clusterTemplate	TLSCACert is the path to the CA certificate file for TLS communication.	-
OpenBaoRestore	spec.clusterTemplate.unseal.transit.tlsClientCert	string	false	-	-	additive-unfrozen	restore	immutable	crd-schema,admission-policy,restore-controller	none	required-if-changed	spec.clusterTemplate	TLSClientCert is the path to the client certificate for TLS communication.	-
OpenBaoRestore	spec.clusterTemplate.unseal.transit.tlsClientKey	string	false	-	-	additive-unfrozen	restore	immutable	crd-schema,admission-policy,restore-controller	none	required-if-changed	spec.clusterTemplate	TLSClientKey is the path to the private key for TLS communication.	-
OpenBaoRestore	spec.clusterTemplate.unseal.transit.tlsServerName	string	false	-	-	additive-unfrozen	restore	immutable	crd-schema,admission-policy,restore-controller	none	required-if-changed	spec.clusterTemplate	TLSServerName is the SNI host name to use when connecting via TLS.	-
OpenBaoRestore	spec.clusterTemplate.unseal.transit.tlsSkipVerify	boolean	false	-	-	additive-unfrozen	restore	immutable	crd-schema,admission-policy,restore-controller	none	required-if-changed	spec.clusterTemplate	TLSSkipVerify disables verification of TLS certificates.	-
OpenBaoRestore	spec.clusterTemplate.unseal.transit.token	string	false	-	-	additive-unfrozen	restore	immutable	crd-schema,admission-policy,restore-controller	none	required-if-changed	spec.clusterTemplate	Token is the OpenBao token to use for authentication.	-
OpenBaoRestore	spec.clusterTemplate.unseal.type	string	false	"static"	enum="static","awskms","gcpckms","azurekeyvault","transit","kmip","kms","ocikms","pkcs11"	additive-unfrozen	restore	immutable	crd-schema,admission-policy,restore-controller	none	required-if-changed	spec.clusterTemplate	Type specifies the seal type.	-
OpenBaoRestore	spec.clusterTemplate.version	string	true	-	enum="2.7.0"	additive-unfrozen	restore	immutable	crd-schema,admission-policy,restore-controller	none	required-if-changed	spec.clusterTemplate	Version must match the administrator-observed snapshot source version.	-
OpenBaoRestore	spec.force	boolean	false	false	-	beta-stable	restore	immutable	crd-schema,admission-policy,restore-controller	none	required-if-changed	spec.force	Force uses OpenBao's force-restore endpoint.	-
OpenBaoRestore	spec.image	string	false	-	minLength=1	beta-stable	restore	immutable	crd-schema,admission-policy,restore-controller	none	required-if-changed	spec.image	Image is the container image to use for restore operations.	omission: controller derives the restore image from the configured backup image
OpenBaoRestore	spec.jwtAuthRole	string	false	-	-	beta-stable	restore-authentication	immutable	crd-schema,admission-policy,restore-controller	none	required-if-changed	spec.jwtAuthRole	JWTAuthRole is the name of the JWT Auth role configured in OpenBao for restore operations.	omission: self-init OIDC uses the operator-managed restore role
OpenBaoRestore	spec.overrideOperationLock	boolean	false	false	-	beta-stable	lifecycle-safety	immutable	crd-schema,admission-policy,restore-controller	none	required-if-changed	spec.overrideOperationLock	OverrideOperationLock allows the restore controller to clear an active cluster operation lock (upgrade/backup) and proceed with restore.	-
OpenBaoRestore	spec.source	object	true	-	-	beta-stable	restore	immutable	crd-schema,admission-policy,restore-controller	none	required-if-changed	spec.source	Source defines where the snapshot comes from.	-
OpenBaoRestore	spec.source.expectedClusterID	string	false	-	maxLength=128	additive-unfrozen	restore	immutable	crd-schema,admission-policy,restore-controller	none	required-if-changed	spec.source.expectedClusterID	ExpectedClusterID is the native ID observed on the snapshot source.	-
OpenBaoRestore	spec.source.expectedDigest	string	false	-	pattern=^sha256:[a-f0-9]{64}$	additive-unfrozen	restore	immutable	crd-schema,admission-policy,restore-controller	none	required-if-changed	spec.source.expectedDigest	ExpectedDigest pins the staged bytes before submission.	-
OpenBaoRestore	spec.source.expectedSize	integer	false	-	format=int64; minimum=1; maximum=8589934592	additive-unfrozen	restore	immutable	crd-schema,admission-policy,restore-controller	none	required-if-changed	spec.source.expectedSize	-	-
OpenBaoRestore	spec.source.expectedVersion	string	false	-	maxLength=64	additive-unfrozen	restore	immutable	crd-schema,admission-policy,restore-controller	none	required-if-changed	spec.source.expectedVersion	ExpectedVersion is the source version observed when taking the snapshot.	-
OpenBaoRestore	spec.source.key	string	true	-	minLength=1	beta-stable	restore	immutable	crd-schema,admission-policy,restore-controller	none	required-if-changed	spec.source	Key is the full path to the snapshot object in the bucket.	-
OpenBaoRestore	spec.source.target	object	true	-	cel=[{"rule":"self.provider != 's3' || (has(self.endpoint) \u0026\u0026 size(self.endpoint) \u003e 0)","message":"backup target endpoint is required when provider is s3"},{"rule":"self.provider == 'azure' || !has(self.azure)","message":"backup target azure options are only supported when provider is azure"},{"rule":"self.provider == 'gcs' || !has(self.gcs)","message":"backup target gcs options are only supported when provider is gcs"},{"rule":"self.provider == 's3' || !has(self.roleArn) || size(self.roleArn) == 0","message":"backup target roleArn is only supported when provider is s3"}]	beta-stable	restore	immutable	crd-schema,admission-policy,restore-controller	none	required-if-changed	spec.source.target	Target reuses BackupTarget for storage connection details.	Shares the validated BackupTarget contract with scheduled backups.
OpenBaoRestore	spec.source.target.azure	object	false	-	-	beta-stable	restore	immutable	crd-schema,admission-policy,restore-controller	none	required-if-changed	spec.source.target	Azure contains Azure Blob Storage specific configuration.	Shares the validated BackupTarget contract with scheduled backups.
OpenBaoRestore	spec.source.target.azure.container	string	false	-	-	beta-stable	restore	immutable	crd-schema,admission-policy,restore-controller	none	required-if-changed	spec.source.target	Container is the blob container name.	Shares the validated BackupTarget contract with scheduled backups.
OpenBaoRestore	spec.source.target.azure.storageAccount	string	false	-	minLength=1	beta-stable	restore	immutable	crd-schema,admission-policy,restore-controller	none	required-if-changed	spec.source.target	StorageAccount is the Azure storage account name.	Shares the validated BackupTarget contract with scheduled backups.
OpenBaoRestore	spec.source.target.bucket	string	true	-	minLength=1	beta-stable	restore	immutable	crd-schema,admission-policy,restore-controller	none	required-if-changed	spec.source.target	Bucket is the bucket or container name.	Shares the validated BackupTarget contract with scheduled backups.
OpenBaoRestore	spec.source.target.concurrency	integer	false	3	format=int32; minimum=1; maximum=10	beta-stable	restore	immutable	crd-schema,admission-policy,restore-controller	none	required-if-changed	spec.source.target	Concurrency is the number of concurrent parts to upload during multipart uploads.	Shares the validated BackupTarget contract with scheduled backups.
OpenBaoRestore	spec.source.target.credentialsSecretRef	object	false	-	x-kubernetes-map-type=atomic	beta-stable	restore	immutable	crd-schema,admission-policy,restore-controller	none	required-if-changed	spec.source.target	CredentialsSecretRef optionally references a Secret containing credentials for the object store.	Shares the validated BackupTarget contract with scheduled backups.
OpenBaoRestore	spec.source.target.credentialsSecretRef.name	string	false	""	-	beta-stable	restore	immutable	crd-schema,admission-policy,restore-controller	none	required-if-changed	spec.source.target	Name of the referent.	Shares the validated BackupTarget contract with scheduled backups.
OpenBaoRestore	spec.source.target.endpoint	string	false	-	-	beta-stable	restore	immutable	crd-schema,admission-policy,restore-controller	none	required-if-changed	spec.source.target	Endpoint is the HTTP(S) endpoint for the object storage service.	Shares the validated BackupTarget contract with scheduled backups.
OpenBaoRestore	spec.source.target.gcs	object	false	-	-	beta-stable	restore	immutable	crd-schema,admission-policy,restore-controller	none	required-if-changed	spec.source.target	GCS contains Google Cloud Storage specific configuration.	Shares the validated BackupTarget contract with scheduled backups.
OpenBaoRestore	spec.source.target.gcs.project	string	false	-	-	beta-stable	restore	immutable	crd-schema,admission-policy,restore-controller	none	required-if-changed	spec.source.target	Project is the GCP project ID.	Shares the validated BackupTarget contract with scheduled backups.
OpenBaoRestore	spec.source.target.insecureSkipVerify	boolean	false	-	-	beta-stable	restore	immutable	crd-schema,admission-policy,restore-controller	none	required-if-changed	spec.source.target	InsecureSkipVerify allows skipping TLS verification (useful for MinIO/LocalStack/Azurite with self-signed certs).	Shares the validated BackupTarget contract with scheduled backups.
OpenBaoRestore	spec.source.target.partSize	integer	false	10485760	format=int64; minimum=5242880	beta-stable	restore	immutable	crd-schema,admission-policy,restore-controller	none	required-if-changed	spec.source.target	PartSize is the size of each part in multipart uploads (in bytes).	Shares the validated BackupTarget contract with scheduled backups.
OpenBaoRestore	spec.source.target.pathPrefix	string	false	-	-	beta-stable	restore	immutable	crd-schema,admission-policy,restore-controller	none	required-if-changed	spec.source.target	PathPrefix is an optional prefix within the bucket for this cluster's snapshots.	Shares the validated BackupTarget contract with scheduled backups.
OpenBaoRestore	spec.source.target.provider	string	false	"s3"	enum="s3","gcs","azure"	beta-stable	restore	immutable	crd-schema,admission-policy,restore-controller	none	required-if-changed	spec.source.target.provider	Provider selects the storage backend.	omission: provider is s3; Shares the validated BackupTarget contract with scheduled backups.
OpenBaoRestore	spec.source.target.region	string	false	"us-east-1"	-	beta-stable	restore	immutable	crd-schema,admission-policy,restore-controller	none	required-if-changed	spec.source.target	Region is the AWS region to use for S3-compatible clients.	Shares the validated BackupTarget contract with scheduled backups.
OpenBaoRestore	spec.source.target.roleArn	string	false	-	-	beta-stable	restore	immutable	crd-schema,admission-policy,restore-controller	none	required-if-changed	spec.source.target	RoleARN is the IAM role ARN (or S3-compatible equivalent) to assume via Web Identity.	Shares the validated BackupTarget contract with scheduled backups.
OpenBaoRestore	spec.source.target.usePathStyle	boolean	false	false	-	beta-stable	restore	immutable	crd-schema,admission-policy,restore-controller	none	required-if-changed	spec.source.target	UsePathStyle controls whether to use path-style addressing (bucket.s3.amazonaws.com/object) or virtual-hosted-style addressing (bucket.s3.amazonaws.com/object).	Shares the validated BackupTarget contract with scheduled backups.
OpenBaoRestore	spec.source.target.workloadIdentity	object	false	-	-	beta-stable	restore	immutable	crd-schema,admission-policy,restore-controller	none	required-if-changed	spec.source.target	WorkloadIdentity optionally applies provider-specific metadata required by cloud workload identity integrations.	Shares the validated BackupTarget contract with scheduled backups.
OpenBaoRestore	spec.source.target.workloadIdentity.podLabels	object	false	-	additionalProperties=true	beta-stable	restore	immutable	crd-schema,admission-policy,restore-controller	none	required-if-changed	spec.source.target	PodLabels are merged into the generated backup or restore Job pod template.	Shares the validated BackupTarget contract with scheduled backups.
OpenBaoRestore	spec.source.target.workloadIdentity.podLabels.*	string	false	-	-	beta-stable	restore	immutable	crd-schema,admission-policy,restore-controller	none	required-if-changed	spec.source.target	-	Shares the validated BackupTarget contract with scheduled backups.
OpenBaoRestore	spec.source.target.workloadIdentity.serviceAccountAnnotations	object	false	-	additionalProperties=true	beta-stable	restore	immutable	crd-schema,admission-policy,restore-controller	none	required-if-changed	spec.source.target	ServiceAccountAnnotations are merged into the generated backup or restore ServiceAccount.	Shares the validated BackupTarget contract with scheduled backups.
OpenBaoRestore	spec.source.target.workloadIdentity.serviceAccountAnnotations.*	string	false	-	-	beta-stable	restore	immutable	crd-schema,admission-policy,restore-controller	none	required-if-changed	spec.source.target	-	Shares the validated BackupTarget contract with scheduled backups.
OpenBaoRestore	spec.targetLifecycle	string	false	-	enum="Retain","Disposable"	additive-unfrozen	restore	immutable	crd-schema,admission-policy,restore-controller	none	required-if-changed	spec.targetLifecycle	TargetLifecycle retains recovery targets or deletes disposable test resources.	-
OpenBaoRestore	spec.tokenSecretRef	object	false	-	x-kubernetes-map-type=atomic	beta-stable	restore-authentication	immutable	crd-schema,admission-policy,restore-controller	none	required-if-changed	spec.tokenSecretRef	TokenSecretRef optionally references a Secret containing an OpenBao API token to use for restore operations (fallback method).	-
OpenBaoRestore	spec.tokenSecretRef.name	string	false	""	-	beta-stable	restore-authentication	immutable	crd-schema,admission-policy,restore-controller	none	required-if-changed	spec.tokenSecretRef	Name of the referent.	-
OpenBaoRestore	status	object	false	-	-	schema-root	schema	-	crd-schema	-	-	schema-root	OpenBaoRestoreStatus defines the observed state of OpenBaoRestore.	-
OpenBaoRestore	status.administratorDisposition	string	false	-	enum="Resume","Abandon"	stable-automation	lifecycle-safety	operator-owned	crd-schema,status-writer	none	required-if-changed	status.administratorDisposition	AdministratorDisposition records an operation-bound recovery acknowledgement.	-
OpenBaoRestore	status.completionTime	string	false	-	format=date-time	informational	restore-status	operator-owned	crd-schema,status-writer	none	required-if-changed	status.completionTime	CompletionTime is when the restore operation completed (success or failure).	-
OpenBaoRestore	status.conditions	array<object>	false	-	x-kubernetes-list-type=map; x-kubernetes-list-map-keys=type	stable-automation	restore-status	operator-owned	crd-schema,status-writer	none	required-if-changed	status.conditions	Conditions represent the latest available observations of the restore's state.	stable values: OperationLockOverride,RecoveryReleased,RestoreComplete,RestoreConfigurationReady; Condition types are stable; reason sets may expand and messages are best-effort.
OpenBaoRestore	status.conditions[]	object	false	-	-	stable-automation	restore-status	operator-owned	crd-schema,status-writer	none	required-if-changed	status.conditions	Condition contains details for one aspect of the current state of this API Resource.	Condition types are stable; reason sets may expand and messages are best-effort.
OpenBaoRestore	status.conditions[].lastTransitionTime	string	true	-	format=date-time	stable-automation	restore-status	operator-owned	crd-schema,status-writer	none	required-if-changed	status.conditions	lastTransitionTime is the last time the condition transitioned from one status to another.	Condition types are stable; reason sets may expand and messages are best-effort.
OpenBaoRestore	status.conditions[].message	string	true	-	maxLength=32768	informational	restore-status	operator-owned	crd-schema,status-writer	none	required-if-changed	status.conditions[].message	message is a human readable message indicating details about the transition.	Condition types are stable; reason sets may expand and messages are best-effort.
OpenBaoRestore	status.conditions[].observedGeneration	integer	false	-	format=int64; minimum=0	stable-automation	restore-status	operator-owned	crd-schema,status-writer	none	required-if-changed	status.conditions	observedGeneration represents the .metadata.generation that the condition was set based upon.	Condition types are stable; reason sets may expand and messages are best-effort.
OpenBaoRestore	status.conditions[].reason	string	true	-	pattern=^[A-Za-z]([A-Za-z0-9_,:]*[A-Za-z0-9_])?$; minLength=1; maxLength=1024	stable-automation	restore-status	operator-owned	crd-schema,status-writer	none	required-if-changed	status.conditions	reason contains a programmatic identifier indicating the reason for the condition's last transition.	Condition types are stable; reason sets may expand and messages are best-effort.
OpenBaoRestore	status.conditions[].status	string	true	-	enum="True","False","Unknown"	stable-automation	restore-status	operator-owned	crd-schema,status-writer	none	required-if-changed	status.conditions	status of the condition, one of True, False, Unknown.	Condition types are stable; reason sets may expand and messages are best-effort.
OpenBaoRestore	status.conditions[].type	string	true	-	pattern=^([a-z0-9]([-a-z0-9]*[a-z0-9])?(\.[a-z0-9]([-a-z0-9]*[a-z0-9])?)*/)?(([A-Za-z0-9][-A-Za-z0-9_.]*)?[A-Za-z0-9])$; maxLength=316	stable-automation	restore-status	operator-owned	crd-schema,status-writer	none	required-if-changed	status.conditions	type of condition in CamelCase or in foo.example.com/CamelCase.	Condition types are stable; reason sets may expand and messages are best-effort.
OpenBaoRestore	status.execution	object	false	-	-	stable-automation	lifecycle-safety	operator-owned	crd-schema,status-writer	none	required-if-changed	status.execution	Execution records the stable operation identity and durable lifecycle receipts.	Durable execution and Job receipts prevent destructive restore replay and support fail-closed recovery.
OpenBaoRestore	status.execution.committedAt	string	false	-	format=date-time	stable-automation	lifecycle-safety	operator-owned	crd-schema,status-writer	none	required-if-changed	status.execution	CommittedAt is when the controller committed to one Job creation attempt.	Durable execution and Job receipts prevent destructive restore replay and support fail-closed recovery.
OpenBaoRestore	status.execution.createdAt	string	false	-	format=date-time	stable-automation	lifecycle-safety	operator-owned	crd-schema,status-writer	none	required-if-changed	status.execution	CreatedAt is when the controller persisted the created Job receipt.	Durable execution and Job receipts prevent destructive restore replay and support fail-closed recovery.
OpenBaoRestore	status.execution.followThroughCompletedAt	string	false	-	format=date-time	stable-automation	lifecycle-safety	operator-owned	crd-schema,status-writer	none	required-if-changed	status.execution	FollowThroughCompletedAt is when post-restore recovery completed.	Durable execution and Job receipts prevent destructive restore replay and support fail-closed recovery.
OpenBaoRestore	status.execution.jobName	string	true	-	-	stable-automation	lifecycle-safety	operator-owned	crd-schema,status-writer	none	required-if-changed	status.execution	JobName is the expected restore Job name for this execution.	Durable execution and Job receipts prevent destructive restore replay and support fail-closed recovery.
OpenBaoRestore	status.execution.jobUID	string	false	-	-	stable-automation	lifecycle-safety	operator-owned	crd-schema,status-writer	none	required-if-changed	status.execution	JobUID is the UID returned for the created restore Job.	Durable execution and Job receipts prevent destructive restore replay and support fail-closed recovery.
OpenBaoRestore	status.execution.operationID	string	true	-	-	stable-automation	lifecycle-safety	operator-owned	crd-schema,status-writer	none	required-if-changed	status.execution	OperationID identifies this immutable restore execution.	Durable execution and Job receipts prevent destructive restore replay and support fail-closed recovery.
OpenBaoRestore	status.execution.preparedAt	string	false	-	format=date-time	stable-automation	lifecycle-safety	operator-owned	crd-schema,status-writer	none	required-if-changed	status.execution	PreparedAt is when validation and execution preparation completed.	Durable execution and Job receipts prevent destructive restore replay and support fail-closed recovery.
OpenBaoRestore	status.execution.stage	string	true	-	enum="Prepared","Committed","Created","TerminalObserved","FollowThroughComplete","Unknown"	stable-automation	lifecycle-safety	operator-owned	crd-schema,status-writer	none	required-if-changed	status.execution	Stage is the latest durable execution boundary observed by the controller.	Durable execution and Job receipts prevent destructive restore replay and support fail-closed recovery.
OpenBaoRestore	status.execution.targetUID	string	false	-	-	informational	lifecycle-safety	operator-owned	crd-schema,status-writer	none	required-if-changed	status.execution.targetUID	TargetUID prevents a replacement cluster from inheriting this execution.	Durable execution and Job receipts prevent destructive restore replay and support fail-closed recovery.
OpenBaoRestore	status.execution.terminalObservedAt	string	false	-	format=date-time	stable-automation	lifecycle-safety	operator-owned	crd-schema,status-writer	none	required-if-changed	status.execution	TerminalObservedAt is when the controller persisted the terminal Job result.	Durable execution and Job receipts prevent destructive restore replay and support fail-closed recovery.
OpenBaoRestore	status.execution.terminalResult	string	false	-	enum="Succeeded","Failed"	stable-automation	lifecycle-safety	operator-owned	crd-schema,status-writer	none	required-if-changed	status.execution	TerminalResult is the persisted terminal Job result.	Durable execution and Job receipts prevent destructive restore replay and support fail-closed recovery.
OpenBaoRestore	status.message	string	false	-	-	informational	restore-status	operator-owned	crd-schema,status-writer	none	required-if-changed	status.message	Message provides additional details about the current phase.	-
OpenBaoRestore	status.phase	string	false	"Pending"	enum="Pending","Validating","Running","Completed","Failed","Unknown"	stable-automation	restore-status	operator-owned	crd-schema,status-writer	none	required-if-changed	status.phase	Phase represents the current phase of the restore operation.	-
OpenBaoRestore	status.restart	object	false	-	-	stable-automation	lifecycle-safety	operator-owned	crd-schema,status-writer	none	required-if-changed	status.restart	Restart records managed workload recovery after administrator Resume.	Binds administrator-authorized restarts to original workload Pod identities.
OpenBaoRestore	status.restart.completedAt	string	false	-	format=date-time	stable-automation	lifecycle-safety	operator-owned	crd-schema,status-writer	none	required-if-changed	status.restart	CompletedAt records that all bound Pods were replaced and became ready.	Binds administrator-authorized restarts to original workload Pod identities.
OpenBaoRestore	status.restart.pods	array<object>	true	-	minItems=1; x-kubernetes-list-type=atomic	informational	lifecycle-safety	operator-owned	crd-schema,status-writer	none	required-if-changed	status.restart.pods	Pods contains the original voters and read replicas.	Runtime Pod identities; automation should use completedAt and the RecoveryReleased condition.
OpenBaoRestore	status.restart.pods[]	object	false	-	-	informational	lifecycle-safety	operator-owned	crd-schema,status-writer	none	required-if-changed	status.restart.pods	RestoreRestartPod binds a managed restart to an original Pod and its StatefulSet.	Runtime Pod identities; automation should use completedAt and the RecoveryReleased condition.
OpenBaoRestore	status.restart.pods[].name	string	true	-	-	informational	lifecycle-safety	operator-owned	crd-schema,status-writer	none	required-if-changed	status.restart.pods	Name is the original Pod name.	Runtime Pod identities; automation should use completedAt and the RecoveryReleased condition.
OpenBaoRestore	status.restart.pods[].statefulSetUID	string	true	-	-	informational	lifecycle-safety	operator-owned	crd-schema,status-writer	none	required-if-changed	status.restart.pods	StatefulSetUID identifies the StatefulSet that owned the original Pod.	Runtime Pod identities; automation should use completedAt and the RecoveryReleased condition.
OpenBaoRestore	status.restart.pods[].uid	string	true	-	-	informational	lifecycle-safety	operator-owned	crd-schema,status-writer	none	required-if-changed	status.restart.pods	UID identifies the original Pod; a different UID marks a replacement.	Runtime Pod identities; automation should use completedAt and the RecoveryReleased condition.
OpenBaoRestore	status.snapshotKey	string	false	-	-	informational	restore-status	operator-owned	crd-schema,status-writer	none	required-if-changed	status.snapshotKey	SnapshotKey is the key of the snapshot that was restored.	-
OpenBaoRestore	status.snapshotSize	integer	false	-	format=int64	informational	restore-status	operator-owned	crd-schema,status-writer	none	required-if-changed	status.snapshotSize	SnapshotSize is the size of the restored snapshot in bytes.	-
OpenBaoRestore	status.startTime	string	false	-	format=date-time	informational	restore-status	operator-owned	crd-schema,status-writer	none	required-if-changed	status.startTime	StartTime is when the restore operation started.	-
OpenBaoRestore	status.submissionClaim	object	false	-	-	stable-automation	lifecycle-safety	operator-owned	crd-schema,status-writer	none	required-if-changed	status.submissionClaim	SubmissionClaim reserves the only permitted snapshot submission.	One immutable claim reserves submission for one executor invocation.
OpenBaoRestore	status.submissionClaim.claimedAt	string	true	-	format=date-time	stable-automation	lifecycle-safety	operator-owned	crd-schema,status-writer	none	required-if-changed	status.submissionClaim	ClaimedAt records when submission was reserved.	One immutable claim reserves submission for one executor invocation.
OpenBaoRestore	status.submissionClaim.digest	string	true	-	pattern=^sha256:[a-f0-9]{64}$	stable-automation	lifecycle-safety	operator-owned	crd-schema,status-writer	none	required-if-changed	status.submissionClaim	Digest is sha256: followed by the lowercase digest of the staged snapshot bytes.	One immutable claim reserves submission for one executor invocation.
OpenBaoRestore	status.submissionClaim.podUID	string	true	-	-	informational	lifecycle-safety	operator-owned	crd-schema,status-writer	none	required-if-changed	status.submissionClaim.podUID	PodUID identifies the executor Pod that won the claim.	Runtime identity evidence for administrator inspection.
OpenBaoRestore	status.submissionClaim.size	integer	true	-	format=int64; minimum=1; maximum=8589934592	stable-automation	lifecycle-safety	operator-owned	crd-schema,status-writer	none	required-if-changed	status.submissionClaim	Size is the staged snapshot size in bytes.	One immutable claim reserves submission for one executor invocation.
OpenBaoRestore	status.submissionClaim.targetContainerID	string	true	-	-	informational	lifecycle-safety	operator-owned	crd-schema,status-writer	none	required-if-changed	status.submissionClaim.targetContainerID	TargetContainerID identifies the OpenBao container that received the snapshot.	One immutable claim reserves submission for one executor invocation.
OpenBaoRestore	status.submissionClaim.targetPodIP	string	true	-	-	informational	lifecycle-safety	operator-owned	crd-schema,status-writer	none	required-if-changed	status.submissionClaim.targetPodIP	TargetPodIP is the address the executor connected to.	One immutable claim reserves submission for one executor invocation.
OpenBaoRestore	status.submissionClaim.targetPodName	string	true	-	-	informational	lifecycle-safety	operator-owned	crd-schema,status-writer	none	required-if-changed	status.submissionClaim.targetPodName	TargetPodName is the OpenBao Pod that received the snapshot.	One immutable claim reserves submission for one executor invocation.
OpenBaoRestore	status.submissionClaim.targetPodUID	string	true	-	-	informational	lifecycle-safety	operator-owned	crd-schema,status-writer	none	required-if-changed	status.submissionClaim.targetPodUID	TargetPodUID identifies the OpenBao Pod that received the snapshot.	One immutable claim reserves submission for one executor invocation.
OpenBaoRestore	status.target	object	false	-	-	stable-automation	restore-status	operator-owned	crd-schema,status-writer	none	required-if-changed	status.target	Target binds the fresh cluster and storage to this request.	-
OpenBaoRestore	status.target.appliedAt	string	false	-	format=date-time	stable-automation	restore-status	operator-owned	crd-schema,status-writer	none	required-if-changed	status.target	AppliedAt records when the target reported the expected source identity.	-
OpenBaoRestore	status.target.bootstrapClusterID	string	false	-	-	informational	restore-status	operator-owned	crd-schema,status-writer	none	required-if-changed	status.target.bootstrapClusterID	BootstrapClusterID is the native cluster ID of the empty target before restore.	-
OpenBaoRestore	status.target.cleanup	string	false	-	enum="Pending","Complete","Failed"	stable-automation	restore-status	operator-owned	crd-schema,status-writer	none	required-if-changed	status.target	Cleanup is Pending, Complete, or Failed.	-
OpenBaoRestore	status.target.dataPVCUID	string	false	-	-	informational	restore-status	operator-owned	crd-schema,status-writer	none	required-if-changed	status.target.dataPVCUID	DataPVCUID identifies the target's original data PersistentVolumeClaim.	-
OpenBaoRestore	status.target.reservedAt	string	true	-	format=date-time	informational	restore-status	operator-owned	crd-schema,status-writer	none	required-if-changed	status.target.reservedAt	ReservedAt records the single target creation attempt.	-
OpenBaoRestore	status.target.uid	string	false	-	-	informational	restore-status	operator-owned	crd-schema,status-writer	none	required-if-changed	status.target.uid	UID identifies the target OpenBaoCluster created for this request.	-
OpenBaoTenant	spec	object	true	-	-	schema-root	schema	-	crd-schema	-	-	schema-root	OpenBaoTenantSpec defines the desired state of OpenBaoTenant.	-
OpenBaoTenant	spec.limitRange	object	false	-	-	beta-stable	tenant-governance	mutable	crd-schema,admission-policy,provisioner	none	required-if-changed	spec.limitRange	LimitRange defines the limit range to apply to the tenant namespace.	-
OpenBaoTenant	spec.limitRange.limits	array<object>	true	-	x-kubernetes-list-type=atomic	beta-stable	tenant-governance	mutable	crd-schema,admission-policy,provisioner	none	required-if-changed	spec.limitRange	Limits is the list of LimitRangeItem objects that are enforced.	-
OpenBaoTenant	spec.limitRange.limits[]	object	false	-	-	beta-stable	tenant-governance	mutable	crd-schema,admission-policy,provisioner	none	required-if-changed	spec.limitRange	LimitRangeItem defines a min/max usage limit for any resource that matches on kind.	-
OpenBaoTenant	spec.limitRange.limits[].default	object	false	-	additionalProperties=true	beta-stable	tenant-governance	mutable	crd-schema,admission-policy,provisioner	none	required-if-changed	spec.limitRange	Default resource requirement limit value by resource name if resource limit is omitted.	-
OpenBaoTenant	spec.limitRange.limits[].default.*	anyOf	false	-	pattern=^(\+|-)?(([0-9]+(\.[0-9]*)?)|(\.[0-9]+))(([KMGTPE]i)|[numkMGTPE]|([eE](\+|-)?(([0-9]+(\.[0-9]*)?)|(\.[0-9]+))))?$; x-kubernetes-int-or-string	beta-stable	tenant-governance	mutable	crd-schema,admission-policy,provisioner	none	required-if-changed	spec.limitRange	-	-
OpenBaoTenant	spec.limitRange.limits[].default.*.anyOf[0]	integer	false	-	-	beta-stable	tenant-governance	mutable	crd-schema,admission-policy,provisioner	none	required-if-changed	spec.limitRange	-	-
OpenBaoTenant	spec.limitRange.limits[].default.*.anyOf[1]	string	false	-	-	beta-stable	tenant-governance	mutable	crd-schema,admission-policy,provisioner	none	required-if-changed	spec.limitRange	-	-
OpenBaoTenant	spec.limitRange.limits[].defaultRequest	object	false	-	additionalProperties=true	beta-stable	tenant-governance	mutable	crd-schema,admission-policy,provisioner	none	required-if-changed	spec.limitRange	DefaultRequest is the default resource requirement request value by resource name if resource request is omitted.	-
OpenBaoTenant	spec.limitRange.limits[].defaultRequest.*	anyOf	false	-	pattern=^(\+|-)?(([0-9]+(\.[0-9]*)?)|(\.[0-9]+))(([KMGTPE]i)|[numkMGTPE]|([eE](\+|-)?(([0-9]+(\.[0-9]*)?)|(\.[0-9]+))))?$; x-kubernetes-int-or-string	beta-stable	tenant-governance	mutable	crd-schema,admission-policy,provisioner	none	required-if-changed	spec.limitRange	-	-
OpenBaoTenant	spec.limitRange.limits[].defaultRequest.*.anyOf[0]	integer	false	-	-	beta-stable	tenant-governance	mutable	crd-schema,admission-policy,provisioner	none	required-if-changed	spec.limitRange	-	-
OpenBaoTenant	spec.limitRange.limits[].defaultRequest.*.anyOf[1]	string	false	-	-	beta-stable	tenant-governance	mutable	crd-schema,admission-policy,provisioner	none	required-if-changed	spec.limitRange	-	-
OpenBaoTenant	spec.limitRange.limits[].max	object	false	-	additionalProperties=true	beta-stable	tenant-governance	mutable	crd-schema,admission-policy,provisioner	none	required-if-changed	spec.limitRange	Max usage constraints on this kind by resource name.	-
OpenBaoTenant	spec.limitRange.limits[].max.*	anyOf	false	-	pattern=^(\+|-)?(([0-9]+(\.[0-9]*)?)|(\.[0-9]+))(([KMGTPE]i)|[numkMGTPE]|([eE](\+|-)?(([0-9]+(\.[0-9]*)?)|(\.[0-9]+))))?$; x-kubernetes-int-or-string	beta-stable	tenant-governance	mutable	crd-schema,admission-policy,provisioner	none	required-if-changed	spec.limitRange	-	-
OpenBaoTenant	spec.limitRange.limits[].max.*.anyOf[0]	integer	false	-	-	beta-stable	tenant-governance	mutable	crd-schema,admission-policy,provisioner	none	required-if-changed	spec.limitRange	-	-
OpenBaoTenant	spec.limitRange.limits[].max.*.anyOf[1]	string	false	-	-	beta-stable	tenant-governance	mutable	crd-schema,admission-policy,provisioner	none	required-if-changed	spec.limitRange	-	-
OpenBaoTenant	spec.limitRange.limits[].maxLimitRequestRatio	object	false	-	additionalProperties=true	beta-stable	tenant-governance	mutable	crd-schema,admission-policy,provisioner	none	required-if-changed	spec.limitRange	MaxLimitRequestRatio if specified, the named resource must have a request and limit that are both non-zero where limit divided by request is less than or equal to the enumerated value; this represents the max burst for the named resource.	-
OpenBaoTenant	spec.limitRange.limits[].maxLimitRequestRatio.*	anyOf	false	-	pattern=^(\+|-)?(([0-9]+(\.[0-9]*)?)|(\.[0-9]+))(([KMGTPE]i)|[numkMGTPE]|([eE](\+|-)?(([0-9]+(\.[0-9]*)?)|(\.[0-9]+))))?$; x-kubernetes-int-or-string	beta-stable	tenant-governance	mutable	crd-schema,admission-policy,provisioner	none	required-if-changed	spec.limitRange	-	-
OpenBaoTenant	spec.limitRange.limits[].maxLimitRequestRatio.*.anyOf[0]	integer	false	-	-	beta-stable	tenant-governance	mutable	crd-schema,admission-policy,provisioner	none	required-if-changed	spec.limitRange	-	-
OpenBaoTenant	spec.limitRange.limits[].maxLimitRequestRatio.*.anyOf[1]	string	false	-	-	beta-stable	tenant-governance	mutable	crd-schema,admission-policy,provisioner	none	required-if-changed	spec.limitRange	-	-
OpenBaoTenant	spec.limitRange.limits[].min	object	false	-	additionalProperties=true	beta-stable	tenant-governance	mutable	crd-schema,admission-policy,provisioner	none	required-if-changed	spec.limitRange	Min usage constraints on this kind by resource name.	-
OpenBaoTenant	spec.limitRange.limits[].min.*	anyOf	false	-	pattern=^(\+|-)?(([0-9]+(\.[0-9]*)?)|(\.[0-9]+))(([KMGTPE]i)|[numkMGTPE]|([eE](\+|-)?(([0-9]+(\.[0-9]*)?)|(\.[0-9]+))))?$; x-kubernetes-int-or-string	beta-stable	tenant-governance	mutable	crd-schema,admission-policy,provisioner	none	required-if-changed	spec.limitRange	-	-
OpenBaoTenant	spec.limitRange.limits[].min.*.anyOf[0]	integer	false	-	-	beta-stable	tenant-governance	mutable	crd-schema,admission-policy,provisioner	none	required-if-changed	spec.limitRange	-	-
OpenBaoTenant	spec.limitRange.limits[].min.*.anyOf[1]	string	false	-	-	beta-stable	tenant-governance	mutable	crd-schema,admission-policy,provisioner	none	required-if-changed	spec.limitRange	-	-
OpenBaoTenant	spec.limitRange.limits[].type	string	true	-	-	beta-stable	tenant-governance	mutable	crd-schema,admission-policy,provisioner	none	required-if-changed	spec.limitRange	Type of resource that this limit applies to.	-
OpenBaoTenant	spec.quota	object	false	-	-	beta-stable	tenant-governance	mutable	crd-schema,admission-policy,provisioner	none	required-if-changed	spec.quota	Quota defines the resource quota to apply to the tenant namespace.	-
OpenBaoTenant	spec.quota.hard	object	false	-	additionalProperties=true	beta-stable	tenant-governance	mutable	crd-schema,admission-policy,provisioner	none	required-if-changed	spec.quota	hard is the set of desired hard limits for each named resource.	-
OpenBaoTenant	spec.quota.hard.*	anyOf	false	-	pattern=^(\+|-)?(([0-9]+(\.[0-9]*)?)|(\.[0-9]+))(([KMGTPE]i)|[numkMGTPE]|([eE](\+|-)?(([0-9]+(\.[0-9]*)?)|(\.[0-9]+))))?$; x-kubernetes-int-or-string	beta-stable	tenant-governance	mutable	crd-schema,admission-policy,provisioner	none	required-if-changed	spec.quota	-	-
OpenBaoTenant	spec.quota.hard.*.anyOf[0]	integer	false	-	-	beta-stable	tenant-governance	mutable	crd-schema,admission-policy,provisioner	none	required-if-changed	spec.quota	-	-
OpenBaoTenant	spec.quota.hard.*.anyOf[1]	string	false	-	-	beta-stable	tenant-governance	mutable	crd-schema,admission-policy,provisioner	none	required-if-changed	spec.quota	-	-
OpenBaoTenant	spec.quota.scopeSelector	object	false	-	x-kubernetes-map-type=atomic	beta-stable	tenant-governance	mutable	crd-schema,admission-policy,provisioner	none	required-if-changed	spec.quota	scopeSelector is also a collection of filters like scopes that must match each object tracked by a quota but expressed using ScopeSelectorOperator in combination with possible values.	-
OpenBaoTenant	spec.quota.scopeSelector.matchExpressions	array<object>	false	-	x-kubernetes-list-type=atomic	beta-stable	tenant-governance	mutable	crd-schema,admission-policy,provisioner	none	required-if-changed	spec.quota	A list of scope selector requirements by scope of the resources.	-
OpenBaoTenant	spec.quota.scopeSelector.matchExpressions[]	object	false	-	-	beta-stable	tenant-governance	mutable	crd-schema,admission-policy,provisioner	none	required-if-changed	spec.quota	A scoped-resource selector requirement is a selector that contains values, a scope name, and an operator that relates the scope name and values.	-
OpenBaoTenant	spec.quota.scopeSelector.matchExpressions[].operator	string	true	-	-	beta-stable	tenant-governance	mutable	crd-schema,admission-policy,provisioner	none	required-if-changed	spec.quota	Represents a scope's relationship to a set of values.	-
OpenBaoTenant	spec.quota.scopeSelector.matchExpressions[].scopeName	string	true	-	-	beta-stable	tenant-governance	mutable	crd-schema,admission-policy,provisioner	none	required-if-changed	spec.quota	The name of the scope that the selector applies to.	-
OpenBaoTenant	spec.quota.scopeSelector.matchExpressions[].values	array<string>	false	-	x-kubernetes-list-type=atomic	beta-stable	tenant-governance	mutable	crd-schema,admission-policy,provisioner	none	required-if-changed	spec.quota	An array of string values.	-
OpenBaoTenant	spec.quota.scopeSelector.matchExpressions[].values[]	string	false	-	-	beta-stable	tenant-governance	mutable	crd-schema,admission-policy,provisioner	none	required-if-changed	spec.quota	-	-
OpenBaoTenant	spec.quota.scopes	array<string>	false	-	x-kubernetes-list-type=atomic	beta-stable	tenant-governance	mutable	crd-schema,admission-policy,provisioner	none	required-if-changed	spec.quota	A collection of filters that must match each object tracked by a quota.	-
OpenBaoTenant	spec.quota.scopes[]	string	false	-	-	beta-stable	tenant-governance	mutable	crd-schema,admission-policy,provisioner	none	required-if-changed	spec.quota	A ResourceQuotaScope defines a filter that must match each object tracked by a quota	-
OpenBaoTenant	spec.targetNamespace	string	true	-	minLength=1	beta-stable	tenant-governance	immutable	crd-schema,admission-policy,provisioner	none	required-if-changed	spec.targetNamespace	TargetNamespace is the name of the namespace to provision with tenant RBAC.	-
OpenBaoTenant	status	object	false	-	-	schema-root	schema	-	crd-schema	-	-	schema-root	OpenBaoTenantStatus defines the observed state of OpenBaoTenant.	-
OpenBaoTenant	status.conditions	array<object>	false	-	x-kubernetes-list-type=map; x-kubernetes-list-map-keys=type	stable-automation	tenant-status	operator-owned	crd-schema,status-writer	none	required-if-changed	status.conditions	Conditions represent the latest available observations of the tenant's state.	stable values: Provisioned; Condition types are stable; reason sets may expand and messages are best-effort.
OpenBaoTenant	status.conditions[]	object	false	-	-	stable-automation	tenant-status	operator-owned	crd-schema,status-writer	none	required-if-changed	status.conditions	Condition contains details for one aspect of the current state of this API Resource.	Condition types are stable; reason sets may expand and messages are best-effort.
OpenBaoTenant	status.conditions[].lastTransitionTime	string	true	-	format=date-time	stable-automation	tenant-status	operator-owned	crd-schema,status-writer	none	required-if-changed	status.conditions	lastTransitionTime is the last time the condition transitioned from one status to another.	Condition types are stable; reason sets may expand and messages are best-effort.
OpenBaoTenant	status.conditions[].message	string	true	-	maxLength=32768	informational	tenant-status	operator-owned	crd-schema,status-writer	none	required-if-changed	status.conditions[].message	message is a human readable message indicating details about the transition.	Condition types are stable; reason sets may expand and messages are best-effort.
OpenBaoTenant	status.conditions[].observedGeneration	integer	false	-	format=int64; minimum=0	stable-automation	tenant-status	operator-owned	crd-schema,status-writer	none	required-if-changed	status.conditions	observedGeneration represents the .metadata.generation that the condition was set based upon.	Condition types are stable; reason sets may expand and messages are best-effort.
OpenBaoTenant	status.conditions[].reason	string	true	-	pattern=^[A-Za-z]([A-Za-z0-9_,:]*[A-Za-z0-9_])?$; minLength=1; maxLength=1024	stable-automation	tenant-status	operator-owned	crd-schema,status-writer	none	required-if-changed	status.conditions	reason contains a programmatic identifier indicating the reason for the condition's last transition.	Condition types are stable; reason sets may expand and messages are best-effort.
OpenBaoTenant	status.conditions[].status	string	true	-	enum="True","False","Unknown"	stable-automation	tenant-status	operator-owned	crd-schema,status-writer	none	required-if-changed	status.conditions	status of the condition, one of True, False, Unknown.	Condition types are stable; reason sets may expand and messages are best-effort.
OpenBaoTenant	status.conditions[].type	string	true	-	pattern=^([a-z0-9]([-a-z0-9]*[a-z0-9])?(\.[a-z0-9]([-a-z0-9]*[a-z0-9])?)*/)?(([A-Za-z0-9][-A-Za-z0-9_.]*)?[A-Za-z0-9])$; maxLength=316	stable-automation	tenant-status	operator-owned	crd-schema,status-writer	none	required-if-changed	status.conditions	type of condition in CamelCase or in foo.example.com/CamelCase.	Condition types are stable; reason sets may expand and messages are best-effort.
OpenBaoTenant	status.lastError	string	false	-	-	informational	tenant-status	operator-owned	crd-schema,status-writer	none	required-if-changed	status.lastError	LastError reports any issues finding the namespace or applying RBAC.	-
OpenBaoTenant	status.provisioned	boolean	false	-	-	stable-automation	tenant-status	operator-owned	crd-schema,status-writer	none	required-if-changed	status.provisioned	Provisioned indicates if the RBAC has been successfully applied to the target namespace.	-
